2026-07-28 19:11:45,372 [INFO] aiogram.dispatcher: Start polling
2026-07-28 19:11:46,082 [INFO] aiogram.dispatcher: Run polling for bot @SentinelService_bot id=8801853413 - '𝕹𝖎𝖌𝖍𝖙𝖜𝖆𝖑𝖐𝖊𝖗 | Gate'
2026-07-28 19:13:33,111 [INFO] aiogram.event: Update id=300985022 is handled. Duration 582 ms by bot id=8801853413
2026-07-28 19:13:57,299 [INFO] aiogram.event: Update id=300985023 is handled. Duration 888 ms by bot id=8801853413
2026-07-28 19:14:00,778 [INFO] aiogram.event: Update id=300985024 is handled. Duration 197 ms by bot id=8801853413
2026-07-28 19:14:14,195 [INFO] aiogram.event: Update id=300985025 is handled. Duration 306 ms by bot id=8801853413
2026-07-28 19:14:17,326 [INFO] aiogram.event: Update id=300985026 is handled. Duration 257 ms by bot id=8801853413
2026-07-28 19:14:22,875 [INFO] aiogram.event: Update id=300985027 is handled. Duration 180 ms by bot id=8801853413
2026-07-28 19:22:12,717 [INFO] aiogram.dispatcher: Polling stopped
2026-07-28 19:22:12,720 [ERROR] aiogram.dispatcher: Failed to fetch updates - TelegramNetworkError: HTTP Client says - ServerDisconnectedError: Server disconnected
2026-07-28 19:22:12,720 [WARNING] aiogram.dispatcher: Sleep for 1.000000 seconds and try again... (tryings = 0, bot id = 8801853413)
2026-07-28 19:22:12,976 [INFO] aiogram.dispatcher: Polling stopped for bot @SentinelService_bot id=8801853413 - '𝕹𝖎𝖌𝖍𝖙𝖜𝖆𝖑𝖐𝖊𝖗 | Gate'
2026-07-28 19:22:24,542 [INFO] aiogram.dispatcher: Start polling
2026-07-28 19:22:25,224 [INFO] aiogram.dispatcher: Run polling for bot @SentinelService_bot id=8801853413 - '𝕹𝖎𝖌𝖍𝖙𝖜𝖆𝖑𝖐𝖊𝖗 | Gate'
2026-07-28 19:22:39,525 [INFO] aiogram.event: Update id=300985028 is handled. Duration 1445 ms by bot id=8801853413
2026-07-28 19:22:43,034 [INFO] aiogram.event: Update id=300985029 is handled. Duration 238 ms by bot id=8801853413
2026-07-28 19:26:57,384 [INFO] aiogram.dispatcher: Polling stopped
2026-07-28 19:26:57,386 [ERROR] aiogram.dispatcher: Failed to fetch updates - TelegramNetworkError: HTTP Client says - ServerDisconnectedError: Server disconnected
2026-07-28 19:26:57,387 [WARNING] aiogram.dispatcher: Sleep for 1.000000 seconds and try again... (tryings = 0, bot id = 8801853413)
2026-07-28 19:26:57,643 [INFO] aiogram.dispatcher: Polling stopped for bot @SentinelService_bot id=8801853413 - '𝕹𝖎𝖌𝖍𝖙𝖜𝖆𝖑𝖐𝖊𝖗 | Gate'
2026-07-28 19:27:13,202 [INFO] aiogram.dispatcher: Start polling
2026-07-28 19:27:13,597 [INFO] aiogram.dispatcher: Run polling for bot @SentinelService_bot id=8801853413 - '𝕹𝖎𝖌𝖍𝖙𝖜𝖆𝖑𝖐𝖊𝖗 | Gate'
2026-07-28 19:27:22,324 [INFO] aiogram.event: Update id=300985030 is handled. Duration 909 ms by bot id=8801853413
2026-07-28 19:27:28,905 [INFO] aiogram.event: Update id=300985031 is handled. Duration 892 ms by bot id=8801853413
2026-07-28 19:27:29,320 [INFO] aiogram.event: Update id=300985032 is handled. Duration 410 ms by bot id=8801853413
2026-07-28 19:30:42,418 [INFO] aiogram.dispatcher: Polling stopped
2026-07-28 19:30:42,420 [ERROR] aiogram.dispatcher: Failed to fetch updates - TelegramNetworkError: HTTP Client says - ServerDisconnectedError: Server disconnected
2026-07-28 19:30:42,421 [WARNING] aiogram.dispatcher: Sleep for 1.000000 seconds and try again... (tryings = 0, bot id = 8801853413)
2026-07-28 19:30:42,685 [INFO] aiogram.dispatcher: Polling stopped for bot @SentinelService_bot id=8801853413 - '𝕹𝖎𝖌𝖍𝖙𝖜𝖆𝖑𝖐𝖊𝖗 | Gate'
2026-07-28 19:30:58,042 [INFO] aiogram.dispatcher: Start polling
2026-07-28 19:30:58,652 [INFO] aiogram.dispatcher: Run polling for bot @SentinelService_bot id=8801853413 - '𝕹𝖎𝖌𝖍𝖙𝖜𝖆𝖑𝖐𝖊𝖗 | Gate'
2026-07-28 19:31:11,533 [INFO] aiogram.event: Update id=300985033 is handled. Duration 561 ms by bot id=8801853413
2026-07-28 19:31:14,939 [INFO] aiogram.event: Update id=300985034 is handled. Duration 321 ms by bot id=8801853413
2026-07-28 19:31:39,124 [INFO] aiogram.event: Update id=300985035 is handled. Duration 865 ms by bot id=8801853413
2026-07-28 19:31:41,657 [INFO] aiogram.event: Update id=300985036 is handled. Duration 406 ms by bot id=8801853413
2026-07-28 19:32:01,447 [INFO] aiogram.event: Update id=300985037 is handled. Duration 520 ms by bot id=8801853413
2026-07-28 19:32:01,837 [INFO] aiogram.event: Update id=300985038 is handled. Duration 449 ms by bot id=8801853413
2026-07-28 19:35:25,878 [INFO] aiogram.dispatcher: Polling stopped
2026-07-28 19:35:25,880 [ERROR] aiogram.dispatcher: Failed to fetch updates - TelegramNetworkError: HTTP Client says - ServerDisconnectedError: Server disconnected
2026-07-28 19:35:25,880 [WARNING] aiogram.dispatcher: Sleep for 1.000000 seconds and try again... (tryings = 0, bot id = 8801853413)
2026-07-28 19:35:26,143 [INFO] aiogram.dispatcher: Polling stopped for bot @SentinelService_bot id=8801853413 - '𝕹𝖎𝖌𝖍𝖙𝖜𝖆𝖑𝖐𝖊𝖗 | Gate'
2026-07-28 19:35:37,945 [INFO] aiogram.dispatcher: Start polling
2026-07-28 19:35:38,781 [INFO] aiogram.dispatcher: Run polling for bot @SentinelService_bot id=8801853413 - '𝕹𝖎𝖌𝖍𝖙𝖜𝖆𝖑𝖐𝖊𝖗 | Gate'
2026-07-28 19:35:56,165 [INFO] aiogram.event: Update id=300985039 is handled. Duration 961 ms by bot id=8801853413
2026-07-28 19:36:08,509 [INFO] aiogram.event: Update id=300985040 is handled. Duration 401 ms by bot id=8801853413
2026-07-28 19:36:14,021 [INFO] aiogram.event: Update id=300985041 is handled. Duration 999 ms by bot id=8801853413
2026-07-28 19:37:15,736 [INFO] aiogram.event: Update id=300985042 is handled. Duration 424 ms by bot id=8801853413
2026-07-28 19:37:15,887 [INFO] aiogram.event: Update id=300985043 is handled. Duration 190 ms by bot id=8801853413
2026-07-28 19:38:54,855 [INFO] aiogram.dispatcher: Polling stopped
2026-07-28 19:38:54,857 [ERROR] aiogram.dispatcher: Failed to fetch updates - TelegramNetworkError: HTTP Client says - ServerDisconnectedError: Server disconnected
2026-07-28 19:38:54,858 [WARNING] aiogram.dispatcher: Sleep for 1.000000 seconds and try again... (tryings = 0, bot id = 8801853413)
2026-07-28 19:38:55,120 [INFO] aiogram.dispatcher: Polling stopped for bot @SentinelService_bot id=8801853413 - '𝕹𝖎𝖌𝖍𝖙𝖜𝖆𝖑𝖐𝖊𝖗 | Gate'
2026-07-28 19:39:09,282 [INFO] aiogram.dispatcher: Start polling
2026-07-28 19:39:09,975 [INFO] aiogram.dispatcher: Run polling for bot @SentinelService_bot id=8801853413 - '𝕹𝖎𝖌𝖍𝖙𝖜𝖆𝖑𝖐𝖊𝖗 | Gate'
2026-07-28 19:41:37,168 [INFO] aiogram.event: Update id=300985044 is handled. Duration 657 ms by bot id=8801853413
2026-07-28 19:41:40,941 [INFO] aiogram.event: Update id=300985045 is handled. Duration 417 ms by bot id=8801853413
2026-07-28 19:41:52,033 [INFO] aiogram.event: Update id=300985046 is handled. Duration 258 ms by bot id=8801853413
2026-07-28 19:41:55,477 [INFO] aiogram.event: Update id=300985047 is handled. Duration 271 ms by bot id=8801853413
2026-07-28 19:41:58,777 [INFO] aiogram.event: Update id=300985048 is handled. Duration 444 ms by bot id=8801853413
2026-07-28 19:41:59,049 [INFO] aiogram.event: Update id=300985049 is handled. Duration 253 ms by bot id=8801853413
2026-07-28 19:42:03,329 [INFO] aiogram.event: Update id=300985050 is handled. Duration 151 ms by bot id=8801853413
2026-07-28 19:42:24,192 [INFO] aiogram.event: Update id=300985051 is handled. Duration 179 ms by bot id=8801853413
2026-07-28 19:43:30,946 [INFO] aiogram.event: Update id=300985052 is handled. Duration 186 ms by bot id=8801853413
2026-07-28 19:43:45,031 [INFO] aiogram.event: Update id=300985053 is handled. Duration 220 ms by bot id=8801853413
2026-07-28 19:43:56,962 [INFO] aiogram.event: Update id=300985054 is handled. Duration 265 ms by bot id=8801853413
2026-07-28 19:44:33,602 [INFO] aiogram.event: Update id=300985055 is handled. Duration 144 ms by bot id=8801853413
2026-07-28 19:44:46,582 [INFO] aiogram.event: Update id=300985056 is handled. Duration 215 ms by bot id=8801853413
2026-07-28 19:45:02,186 [INFO] aiogram.event: Update id=300985057 is handled. Duration 169 ms by bot id=8801853413
2026-07-28 19:48:05,837 [INFO] aiogram.event: Update id=300985058 is handled. Duration 306 ms by bot id=8801853413
2026-07-28 19:49:10,709 [INFO] aiogram.dispatcher: Polling stopped
2026-07-28 19:49:10,712 [ERROR] aiogram.dispatcher: Failed to fetch updates - TelegramNetworkError: HTTP Client says - ServerDisconnectedError: Server disconnected
2026-07-28 19:49:10,712 [WARNING] aiogram.dispatcher: Sleep for 1.000000 seconds and try again... (tryings = 0, bot id = 8801853413)
2026-07-28 19:49:10,979 [INFO] aiogram.dispatcher: Polling stopped for bot @SentinelService_bot id=8801853413 - '𝕹𝖎𝖌𝖍𝖙𝖜𝖆𝖑𝖐𝖊𝖗 | Gate'
2026-07-28 19:49:23,820 [INFO] aiogram.dispatcher: Start polling
2026-07-28 19:49:24,381 [INFO] aiogram.dispatcher: Run polling for bot @SentinelService_bot id=8801853413 - '𝕹𝖎𝖌𝖍𝖙𝖜𝖆𝖑𝖐𝖊𝖗 | Gate'
2026-07-28 19:50:18,318 [INFO] aiogram.event: Update id=300985059 is handled. Duration 991 ms by bot id=8801853413
2026-07-28 19:50:48,331 [INFO] aiogram.event: Update id=300985060 is handled. Duration 182 ms by bot id=8801853413
2026-07-28 19:51:08,267 [INFO] aiogram.event: Update id=300985061 is handled. Duration 232 ms by bot id=8801853413
2026-07-28 19:51:18,532 [INFO] aiogram.event: Update id=300985062 is handled. Duration 383 ms by bot id=8801853413
2026-07-28 19:51:23,886 [INFO] aiogram.event: Update id=300985063 is handled. Duration 421 ms by bot id=8801853413
2026-07-28 19:51:31,078 [INFO] aiogram.event: Update id=300985064 is handled. Duration 539 ms by bot id=8801853413
2026-07-28 19:51:32,732 [INFO] aiogram.event: Update id=300985065 is handled. Duration 321 ms by bot id=8801853413
2026-07-28 19:52:14,344 [INFO] aiogram.event: Update id=300985066 is handled. Duration 182 ms by bot id=8801853413
2026-07-28 19:52:38,327 [INFO] aiogram.event: Update id=300985067 is handled. Duration 991 ms by bot id=8801853413
2026-07-28 19:52:41,301 [INFO] aiogram.event: Update id=300985068 is handled. Duration 689 ms by bot id=8801853413
2026-07-28 19:52:44,371 [INFO] aiogram.event: Update id=300985069 is handled. Duration 411 ms by bot id=8801853413
2026-07-28 19:52:48,937 [INFO] aiogram.event: Update id=300985070 is handled. Duration 460 ms by bot id=8801853413
2026-07-28 19:52:50,110 [INFO] aiogram.event: Update id=300985071 is handled. Duration 211 ms by bot id=8801853413
2026-07-28 19:52:52,749 [INFO] aiogram.event: Update id=300985072 is handled. Duration 492 ms by bot id=8801853413
2026-07-28 20:20:32,248 [ERROR] aiogram.dispatcher: Failed to fetch updates - TelegramNetworkError: HTTP Client says - ClientOSError: [WinError 121] Превышен таймаут семафора
2026-07-28 20:20:32,249 [WARNING] aiogram.dispatcher: Sleep for 1.000000 seconds and try again... (tryings = 0, bot id = 8801853413)
2026-07-28 20:20:33,264 [ERROR] aiogram.dispatcher: Failed to fetch updates - TelegramNetworkError: HTTP Client says - ClientConnectorError: Cannot connect to host api.telegram.org:443 ssl:default [Сетевая папка недоступна. За информацией о разрешении проблем в сети обратитесь к справочной системе Windows]
2026-07-28 20:20:33,265 [WARNING] aiogram.dispatcher: Sleep for 1.122437 seconds and try again... (tryings = 1, bot id = 8801853413)
2026-07-28 20:20:34,409 [ERROR] aiogram.dispatcher: Failed to fetch updates - TelegramNetworkError: HTTP Client says - ClientConnectorError: Cannot connect to host api.telegram.org:443 ssl:default [Сетевая папка недоступна. За информацией о разрешении проблем в сети обратитесь к справочной системе Windows]
2026-07-28 20:20:34,410 [WARNING] aiogram.dispatcher: Sleep for 1.344861 seconds and try again... (tryings = 2, bot id = 8801853413)
2026-07-28 20:20:35,760 [ERROR] aiogram.dispatcher: Failed to fetch updates - TelegramNetworkError: HTTP Client says - ClientConnectorError: Cannot connect to host api.telegram.org:443 ssl:default [Сетевая папка недоступна. За информацией о разрешении проблем в сети обратитесь к справочной системе Windows]
2026-07-28 20:20:35,761 [WARNING] aiogram.dispatcher: Sleep for 1.735360 seconds and try again... (tryings = 3, bot id = 8801853413)
2026-07-28 20:20:37,504 [ERROR] aiogram.dispatcher: Failed to fetch updates - TelegramNetworkError: HTTP Client says - ClientConnectorError: Cannot connect to host api.telegram.org:443 ssl:default [Сетевая папка недоступна. За информацией о разрешении проблем в сети обратитесь к справочной системе Windows]
2026-07-28 20:20:37,505 [WARNING] aiogram.dispatcher: Sleep for 2.227699 seconds and try again... (tryings = 4, bot id = 8801853413)
2026-07-28 20:20:39,754 [ERROR] aiogram.dispatcher: Failed to fetch updates - TelegramNetworkError: HTTP Client says - ClientConnectorError: Cannot connect to host api.telegram.org:443 ssl:default [Сетевая папка недоступна. За информацией о разрешении проблем в сети обратитесь к справочной системе Windows]
2026-07-28 20:20:39,755 [WARNING] aiogram.dispatcher: Sleep for 2.954565 seconds and try again... (tryings = 5, bot id = 8801853413)
2026-07-28 20:20:42,720 [ERROR] aiogram.dispatcher: Failed to fetch updates - TelegramNetworkError: HTTP Client says - ClientConnectorError: Cannot connect to host api.telegram.org:443 ssl:default [Сетевая папка недоступна. За информацией о разрешении проблем в сети обратитесь к справочной системе Windows]
2026-07-28 20:20:42,721 [WARNING] aiogram.dispatcher: Sleep for 3.902956 seconds and try again... (tryings = 6, bot id = 8801853413)
2026-07-28 20:20:46,645 [ERROR] aiogram.dispatcher: Failed to fetch updates - TelegramNetworkError: HTTP Client says - ClientConnectorError: Cannot connect to host api.telegram.org:443 ssl:default [Сетевая папка недоступна. За информацией о разрешении проблем в сети обратитесь к справочной системе Windows]
2026-07-28 20:20:46,646 [WARNING] aiogram.dispatcher: Sleep for 4.868649 seconds and try again... (tryings = 7, bot id = 8801853413)
2026-07-28 20:20:51,522 [ERROR] aiogram.dispatcher: Failed to fetch updates - TelegramNetworkError: HTTP Client says - ClientConnectorError: Cannot connect to host api.telegram.org:443 ssl:default [Сетевая папка недоступна. За информацией о разрешении проблем в сети обратитесь к справочной системе Windows]
2026-07-28 20:20:51,523 [WARNING] aiogram.dispatcher: Sleep for 4.904571 seconds and try again... (tryings = 8, bot id = 8801853413)
2026-07-28 20:20:56,451 [ERROR] aiogram.dispatcher: Failed to fetch updates - TelegramNetworkError: HTTP Client says - ClientConnectorError: Cannot connect to host api.telegram.org:443 ssl:default [Сетевая папка недоступна. За информацией о разрешении проблем в сети обратитесь к справочной системе Windows]
2026-07-28 20:20:56,452 [WARNING] aiogram.dispatcher: Sleep for 5.053062 seconds and try again... (tryings = 9, bot id = 8801853413)
2026-07-28 20:21:01,521 [ERROR] aiogram.dispatcher: Failed to fetch updates - TelegramNetworkError: HTTP Client says - ClientConnectorError: Cannot connect to host api.telegram.org:443 ssl:default [Сетевая папка недоступна. За информацией о разрешении проблем в сети обратитесь к справочной системе Windows]
2026-07-28 20:21:01,522 [WARNING] aiogram.dispatcher: Sleep for 4.964385 seconds and try again... (tryings = 10, bot id = 8801853413)
2026-07-28 20:21:06,506 [ERROR] aiogram.dispatcher: Failed to fetch updates - TelegramNetworkError: HTTP Client says - ClientConnectorError: Cannot connect to host api.telegram.org:443 ssl:default [Сетевая папка недоступна. За информацией о разрешении проблем в сети обратитесь к справочной системе Windows]
2026-07-28 20:21:06,507 [WARNING] aiogram.dispatcher: Sleep for 5.086533 seconds and try again... (tryings = 11, bot id = 8801853413)
2026-07-28 20:21:11,610 [ERROR] aiogram.dispatcher: Failed to fetch updates - TelegramNetworkError: HTTP Client says - ClientConnectorError: Cannot connect to host api.telegram.org:443 ssl:default [Сетевая папка недоступна. За информацией о разрешении проблем в сети обратитесь к справочной системе Windows]
2026-07-28 20:21:11,611 [WARNING] aiogram.dispatcher: Sleep for 5.248663 seconds and try again... (tryings = 12, bot id = 8801853413)
2026-07-28 20:21:16,874 [ERROR] aiogram.dispatcher: Failed to fetch updates - TelegramNetworkError: HTTP Client says - ClientConnectorError: Cannot connect to host api.telegram.org:443 ssl:default [Сетевая папка недоступна. За информацией о разрешении проблем в сети обратитесь к справочной системе Windows]
2026-07-28 20:21:16,874 [WARNING] aiogram.dispatcher: Sleep for 4.879533 seconds and try again... (tryings = 13, bot id = 8801853413)
2026-07-28 20:21:21,775 [ERROR] aiogram.dispatcher: Failed to fetch updates - TelegramNetworkError: HTTP Client says - ClientConnectorError: Cannot connect to host api.telegram.org:443 ssl:default [Сетевая папка недоступна. За информацией о разрешении проблем в сети обратитесь к справочной системе Windows]
2026-07-28 20:21:21,775 [WARNING] aiogram.dispatcher: Sleep for 4.962488 seconds and try again... (tryings = 14, bot id = 8801853413)
2026-07-28 20:21:26,758 [ERROR] aiogram.dispatcher: Failed to fetch updates - TelegramNetworkError: HTTP Client says - ClientConnectorError: Cannot connect to host api.telegram.org:443 ssl:default [Сетевая папка недоступна. За информацией о разрешении проблем в сети обратитесь к справочной системе Windows]
2026-07-28 20:21:26,759 [WARNING] aiogram.dispatcher: Sleep for 4.950076 seconds and try again... (tryings = 15, bot id = 8801853413)
2026-07-28 20:21:31,716 [ERROR] aiogram.dispatcher: Failed to fetch updates - TelegramNetworkError: HTTP Client says - ClientConnectorError: Cannot connect to host api.telegram.org:443 ssl:default [Сетевая папка недоступна. За информацией о разрешении проблем в сети обратитесь к справочной системе Windows]
2026-07-28 20:21:31,718 [WARNING] aiogram.dispatcher: Sleep for 5.031558 seconds and try again... (tryings = 16, bot id = 8801853413)
2026-07-28 20:21:36,760 [ERROR] aiogram.dispatcher: Failed to fetch updates - TelegramNetworkError: HTTP Client says - ClientConnectorError: Cannot connect to host api.telegram.org:443 ssl:default [Сетевая папка недоступна. За информацией о разрешении проблем в сети обратитесь к справочной системе Windows]
2026-07-28 20:21:36,760 [WARNING] aiogram.dispatcher: Sleep for 5.053026 seconds and try again... (tryings = 17, bot id = 8801853413)
2026-07-28 20:21:41,826 [ERROR] aiogram.dispatcher: Failed to fetch updates - TelegramNetworkError: HTTP Client says - ClientConnectorError: Cannot connect to host api.telegram.org:443 ssl:default [Сетевая папка недоступна. За информацией о разрешении проблем в сети обратитесь к справочной системе Windows]
2026-07-28 20:21:41,826 [WARNING] aiogram.dispatcher: Sleep for 5.047083 seconds and try again... (tryings = 18, bot id = 8801853413)
2026-07-28 20:21:46,894 [ERROR] aiogram.dispatcher: Failed to fetch updates - TelegramNetworkError: HTTP Client says - ClientConnectorError: Cannot connect to host api.telegram.org:443 ssl:default [Сетевая папка недоступна. За информацией о разрешении проблем в сети обратитесь к справочной системе Windows]
2026-07-28 20:21:46,894 [WARNING] aiogram.dispatcher: Sleep for 4.955788 seconds and try again... (tryings = 19, bot id = 8801853413)
2026-07-28 20:21:51,865 [ERROR] aiogram.dispatcher: Failed to fetch updates - TelegramNetworkError: HTTP Client says - ClientConnectorError: Cannot connect to host api.telegram.org:443 ssl:default [Сетевая папка недоступна. За информацией о разрешении проблем в сети обратитесь к справочной системе Windows]
2026-07-28 20:21:51,866 [WARNING] aiogram.dispatcher: Sleep for 4.978405 seconds and try again... (tryings = 20, bot id = 8801853413)
2026-07-28 20:21:56,855 [ERROR] aiogram.dispatcher: Failed to fetch updates - TelegramNetworkError: HTTP Client says - ClientConnectorError: Cannot connect to host api.telegram.org:443 ssl:default [Сетевая папка недоступна. За информацией о разрешении проблем в сети обратитесь к справочной системе Windows]
2026-07-28 20:21:56,856 [WARNING] aiogram.dispatcher: Sleep for 5.054582 seconds and try again... (tryings = 21, bot id = 8801853413)
2026-07-28 20:22:01,923 [ERROR] aiogram.dispatcher: Failed to fetch updates - TelegramNetworkError: HTTP Client says - ClientConnectorError: Cannot connect to host api.telegram.org:443 ssl:default [Сетевая папка недоступна. За информацией о разрешении проблем в сети обратитесь к справочной системе Windows]
2026-07-28 20:22:01,924 [WARNING] aiogram.dispatcher: Sleep for 4.981608 seconds and try again... (tryings = 22, bot id = 8801853413)
2026-07-28 20:22:06,921 [ERROR] aiogram.dispatcher: Failed to fetch updates - TelegramNetworkError: HTTP Client says - ClientConnectorError: Cannot connect to host api.telegram.org:443 ssl:default [Сетевая папка недоступна. За информацией о разрешении проблем в сети обратитесь к справочной системе Windows]
2026-07-28 20:22:06,922 [WARNING] aiogram.dispatcher: Sleep for 4.920778 seconds and try again... (tryings = 23, bot id = 8801853413)
2026-07-28 20:22:11,864 [ERROR] aiogram.dispatcher: Failed to fetch updates - TelegramNetworkError: HTTP Client says - ClientConnectorError: Cannot connect to host api.telegram.org:443 ssl:default [Сетевая папка недоступна. За информацией о разрешении проблем в сети обратитесь к справочной системе Windows]
2026-07-28 20:22:11,865 [WARNING] aiogram.dispatcher: Sleep for 4.968064 seconds and try again... (tryings = 24, bot id = 8801853413)
2026-07-28 20:22:16,844 [ERROR] aiogram.dispatcher: Failed to fetch updates - TelegramNetworkError: HTTP Client says - ClientConnectorError: Cannot connect to host api.telegram.org:443 ssl:default [Сетевая папка недоступна. За информацией о разрешении проблем в сети обратитесь к справочной системе Windows]
2026-07-28 20:22:16,845 [WARNING] aiogram.dispatcher: Sleep for 4.888815 seconds and try again... (tryings = 25, bot id = 8801853413)
2026-07-28 20:22:21,747 [ERROR] aiogram.dispatcher: Failed to fetch updates - TelegramNetworkError: HTTP Client says - ClientConnectorError: Cannot connect to host api.telegram.org:443 ssl:default [Сетевая папка недоступна. За информацией о разрешении проблем в сети обратитесь к справочной системе Windows]
2026-07-28 20:22:21,747 [WARNING] aiogram.dispatcher: Sleep for 5.058793 seconds and try again... (tryings = 26, bot id = 8801853413)
2026-07-28 20:22:26,822 [ERROR] aiogram.dispatcher: Failed to fetch updates - TelegramNetworkError: HTTP Client says - ClientConnectorError: Cannot connect to host api.telegram.org:443 ssl:default [Сетевая папка недоступна. За информацией о разрешении проблем в сети обратитесь к справочной системе Windows]
2026-07-28 20:22:26,822 [WARNING] aiogram.dispatcher: Sleep for 4.973075 seconds and try again... (tryings = 27, bot id = 8801853413)
2026-07-28 20:22:31,809 [ERROR] aiogram.dispatcher: Failed to fetch updates - TelegramNetworkError: HTTP Client says - ClientConnectorError: Cannot connect to host api.telegram.org:443 ssl:default [Сетевая папка недоступна. За информацией о разрешении проблем в сети обратитесь к справочной системе Windows]
2026-07-28 20:22:31,810 [WARNING] aiogram.dispatcher: Sleep for 5.056935 seconds and try again... (tryings = 28, bot id = 8801853413)
2026-07-28 20:22:36,881 [ERROR] aiogram.dispatcher: Failed to fetch updates - TelegramNetworkError: HTTP Client says - ClientConnectorError: Cannot connect to host api.telegram.org:443 ssl:default [Сетевая папка недоступна. За информацией о разрешении проблем в сети обратитесь к справочной системе Windows]
2026-07-28 20:22:36,882 [WARNING] aiogram.dispatcher: Sleep for 4.833361 seconds and try again... (tryings = 29, bot id = 8801853413)
2026-07-28 20:22:41,723 [ERROR] aiogram.dispatcher: Failed to fetch updates - TelegramNetworkError: HTTP Client says - ClientConnectorError: Cannot connect to host api.telegram.org:443 ssl:default [Сетевая папка недоступна. За информацией о разрешении проблем в сети обратитесь к справочной системе Windows]
2026-07-28 20:22:41,723 [WARNING] aiogram.dispatcher: Sleep for 5.016563 seconds and try again... (tryings = 30, bot id = 8801853413)
2026-07-28 20:22:46,756 [ERROR] aiogram.dispatcher: Failed to fetch updates - TelegramNetworkError: HTTP Client says - ClientConnectorError: Cannot connect to host api.telegram.org:443 ssl:default [Сетевая папка недоступна. За информацией о разрешении проблем в сети обратитесь к справочной системе Windows]
2026-07-28 20:22:46,757 [WARNING] aiogram.dispatcher: Sleep for 5.201338 seconds and try again... (tryings = 31, bot id = 8801853413)
2026-07-28 20:22:51,968 [ERROR] aiogram.dispatcher: Failed to fetch updates - TelegramNetworkError: HTTP Client says - ClientConnectorError: Cannot connect to host api.telegram.org:443 ssl:default [Сетевая папка недоступна. За информацией о разрешении проблем в сети обратитесь к справочной системе Windows]
2026-07-28 20:22:51,968 [WARNING] aiogram.dispatcher: Sleep for 5.138776 seconds and try again... (tryings = 32, bot id = 8801853413)
2026-07-28 20:22:57,125 [ERROR] aiogram.dispatcher: Failed to fetch updates - TelegramNetworkError: HTTP Client says - ClientConnectorError: Cannot connect to host api.telegram.org:443 ssl:default [Сетевая папка недоступна. За информацией о разрешении проблем в сети обратитесь к справочной системе Windows]
2026-07-28 20:22:57,126 [WARNING] aiogram.dispatcher: Sleep for 5.074786 seconds and try again... (tryings = 33, bot id = 8801853413)
2026-07-28 20:23:02,211 [ERROR] aiogram.dispatcher: Failed to fetch updates - TelegramNetworkError: HTTP Client says - ClientConnectorError: Cannot connect to host api.telegram.org:443 ssl:default [Сетевая папка недоступна. За информацией о разрешении проблем в сети обратитесь к справочной системе Windows]
2026-07-28 20:23:02,212 [WARNING] aiogram.dispatcher: Sleep for 5.025640 seconds and try again... (tryings = 34, bot id = 8801853413)
2026-07-28 20:23:07,246 [ERROR] aiogram.dispatcher: Failed to fetch updates - TelegramNetworkError: HTTP Client says - ClientConnectorError: Cannot connect to host api.telegram.org:443 ssl:default [Сетевая папка недоступна. За информацией о разрешении проблем в сети обратитесь к справочной системе Windows]
2026-07-28 20:23:07,247 [WARNING] aiogram.dispatcher: Sleep for 4.828166 seconds and try again... (tryings = 35, bot id = 8801853413)
2026-07-28 20:23:12,086 [ERROR] aiogram.dispatcher: Failed to fetch updates - TelegramNetworkError: HTTP Client says - ClientConnectorError: Cannot connect to host api.telegram.org:443 ssl:default [Сетевая папка недоступна. За информацией о разрешении проблем в сети обратитесь к справочной системе Windows]
2026-07-28 20:23:12,086 [WARNING] aiogram.dispatcher: Sleep for 5.202004 seconds and try again... (tryings = 36, bot id = 8801853413)
2026-07-28 20:23:17,310 [ERROR] aiogram.dispatcher: Failed to fetch updates - TelegramNetworkError: HTTP Client says - ClientConnectorError: Cannot connect to host api.telegram.org:443 ssl:default [Сетевая папка недоступна. За информацией о разрешении проблем в сети обратитесь к справочной системе Windows]
2026-07-28 20:23:17,311 [WARNING] aiogram.dispatcher: Sleep for 4.986859 seconds and try again... (tryings = 37, bot id = 8801853413)
2026-07-28 20:23:22,312 [ERROR] aiogram.dispatcher: Failed to fetch updates - TelegramNetworkError: HTTP Client says - ClientConnectorError: Cannot connect to host api.telegram.org:443 ssl:default [Сетевая папка недоступна. За информацией о разрешении проблем в сети обратитесь к справочной системе Windows]
2026-07-28 20:23:22,313 [WARNING] aiogram.dispatcher: Sleep for 4.896244 seconds and try again... (tryings = 38, bot id = 8801853413)
2026-07-28 20:23:27,226 [ERROR] aiogram.dispatcher: Failed to fetch updates - TelegramNetworkError: HTTP Client says - ClientConnectorError: Cannot connect to host api.telegram.org:443 ssl:default [Сетевая папка недоступна. За информацией о разрешении проблем в сети обратитесь к справочной системе Windows]
2026-07-28 20:23:27,227 [WARNING] aiogram.dispatcher: Sleep for 5.146949 seconds and try again... (tryings = 39, bot id = 8801853413)
2026-07-28 20:23:32,393 [ERROR] aiogram.dispatcher: Failed to fetch updates - TelegramNetworkError: HTTP Client says - ClientConnectorError: Cannot connect to host api.telegram.org:443 ssl:default [Сетевая папка недоступна. За информацией о разрешении проблем в сети обратитесь к справочной системе Windows]
2026-07-28 20:23:32,393 [WARNING] aiogram.dispatcher: Sleep for 5.097671 seconds and try again... (tryings = 40, bot id = 8801853413)
2026-07-28 20:23:37,502 [ERROR] aiogram.dispatcher: Failed to fetch updates - TelegramNetworkError: HTTP Client says - ClientConnectorError: Cannot connect to host api.telegram.org:443 ssl:default [Сетевая папка недоступна. За информацией о разрешении проблем в сети обратитесь к справочной системе Windows]
2026-07-28 20:23:37,502 [WARNING] aiogram.dispatcher: Sleep for 4.916886 seconds and try again... (tryings = 41, bot id = 8801853413)
2026-07-28 20:23:42,436 [ERROR] aiogram.dispatcher: Failed to fetch updates - TelegramNetworkError: HTTP Client says - ClientConnectorError: Cannot connect to host api.telegram.org:443 ssl:default [Сетевая папка недоступна. За информацией о разрешении проблем в сети обратитесь к справочной системе Windows]
2026-07-28 20:23:42,437 [WARNING] aiogram.dispatcher: Sleep for 4.986432 seconds and try again... (tryings = 42, bot id = 8801853413)
2026-07-28 20:23:47,444 [ERROR] aiogram.dispatcher: Failed to fetch updates - TelegramNetworkError: HTTP Client says - ClientConnectorError: Cannot connect to host api.telegram.org:443 ssl:default [Сетевая папка недоступна. За информацией о разрешении проблем в сети обратитесь к справочной системе Windows]
2026-07-28 20:23:47,444 [WARNING] aiogram.dispatcher: Sleep for 4.942921 seconds and try again... (tryings = 43, bot id = 8801853413)
2026-07-28 20:23:52,394 [ERROR] aiogram.dispatcher: Failed to fetch updates - TelegramNetworkError: HTTP Client says - ClientConnectorError: Cannot connect to host api.telegram.org:443 ssl:default [Сетевая папка недоступна. За информацией о разрешении проблем в сети обратитесь к справочной системе Windows]
2026-07-28 20:23:52,395 [WARNING] aiogram.dispatcher: Sleep for 5.059838 seconds and try again... (tryings = 44, bot id = 8801853413)
2026-07-28 20:23:57,474 [ERROR] aiogram.dispatcher: Failed to fetch updates - TelegramNetworkError: HTTP Client says - ClientConnectorError: Cannot connect to host api.telegram.org:443 ssl:default [Сетевая папка недоступна. За информацией о разрешении проблем в сети обратитесь к справочной системе Windows]
2026-07-28 20:23:57,474 [WARNING] aiogram.dispatcher: Sleep for 4.876995 seconds and try again... (tryings = 45, bot id = 8801853413)
2026-07-28 20:24:02,364 [ERROR] aiogram.dispatcher: Failed to fetch updates - TelegramNetworkError: HTTP Client says - ClientConnectorError: Cannot connect to host api.telegram.org:443 ssl:default [Сетевая папка недоступна. За информацией о разрешении проблем в сети обратитесь к справочной системе Windows]
2026-07-28 20:24:02,365 [WARNING] aiogram.dispatcher: Sleep for 5.026705 seconds and try again... (tryings = 46, bot id = 8801853413)
2026-07-28 20:24:07,412 [ERROR] aiogram.dispatcher: Failed to fetch updates - TelegramNetworkError: HTTP Client says - ClientConnectorError: Cannot connect to host api.telegram.org:443 ssl:default [Сетевая папка недоступна. За информацией о разрешении проблем в сети обратитесь к справочной системе Windows]
2026-07-28 20:24:07,413 [WARNING] aiogram.dispatcher: Sleep for 5.021836 seconds and try again... (tryings = 47, bot id = 8801853413)
2026-07-28 20:24:12,440 [ERROR] aiogram.dispatcher: Failed to fetch updates - TelegramNetworkError: HTTP Client says - ClientConnectorError: Cannot connect to host api.telegram.org:443 ssl:default [Сетевая папка недоступна. За информацией о разрешении проблем в сети обратитесь к справочной системе Windows]
2026-07-28 20:24:12,440 [WARNING] aiogram.dispatcher: Sleep for 4.913321 seconds and try again... (tryings = 48, bot id = 8801853413)
2026-07-28 20:24:17,368 [ERROR] aiogram.dispatcher: Failed to fetch updates - TelegramNetworkError: HTTP Client says - ClientConnectorError: Cannot connect to host api.telegram.org:443 ssl:default [Сетевая папка недоступна. За информацией о разрешении проблем в сети обратитесь к справочной системе Windows]
2026-07-28 20:24:17,369 [WARNING] aiogram.dispatcher: Sleep for 5.116004 seconds and try again... (tryings = 49, bot id = 8801853413)
2026-07-28 20:24:22,501 [ERROR] aiogram.dispatcher: Failed to fetch updates - TelegramNetworkError: HTTP Client says - ClientConnectorError: Cannot connect to host api.telegram.org:443 ssl:default [Сетевая папка недоступна. За информацией о разрешении проблем в сети обратитесь к справочной системе Windows]
2026-07-28 20:24:22,501 [WARNING] aiogram.dispatcher: Sleep for 5.136627 seconds and try again... (tryings = 50, bot id = 8801853413)
2026-07-28 20:24:27,653 [ERROR] aiogram.dispatcher: Failed to fetch updates - TelegramNetworkError: HTTP Client says - ClientConnectorError: Cannot connect to host api.telegram.org:443 ssl:default [Сетевая папка недоступна. За информацией о разрешении проблем в сети обратитесь к справочной системе Windows]
2026-07-28 20:24:27,654 [WARNING] aiogram.dispatcher: Sleep for 4.790024 seconds and try again... (tryings = 51, bot id = 8801853413)
2026-07-28 20:24:32,462 [ERROR] aiogram.dispatcher: Failed to fetch updates - TelegramNetworkError: HTTP Client says - ClientConnectorError: Cannot connect to host api.telegram.org:443 ssl:default [Сетевая папка недоступна. За информацией о разрешении проблем в сети обратитесь к справочной системе Windows]
2026-07-28 20:24:32,463 [WARNING] aiogram.dispatcher: Sleep for 5.170642 seconds and try again... (tryings = 52, bot id = 8801853413)
2026-07-28 20:24:37,655 [ERROR] aiogram.dispatcher: Failed to fetch updates - TelegramNetworkError: HTTP Client says - ClientConnectorError: Cannot connect to host api.telegram.org:443 ssl:default [Сетевая папка недоступна. За информацией о разрешении проблем в сети обратитесь к справочной системе Windows]
2026-07-28 20:24:37,655 [WARNING] aiogram.dispatcher: Sleep for 5.217868 seconds and try again... (tryings = 53, bot id = 8801853413)
2026-07-28 20:24:42,888 [ERROR] aiogram.dispatcher: Failed to fetch updates - TelegramNetworkError: HTTP Client says - ClientConnectorError: Cannot connect to host api.telegram.org:443 ssl:default [Сетевая папка недоступна. За информацией о разрешении проблем в сети обратитесь к справочной системе Windows]
2026-07-28 20:24:42,889 [WARNING] aiogram.dispatcher: Sleep for 4.991164 seconds and try again... (tryings = 54, bot id = 8801853413)
2026-07-28 20:24:47,890 [ERROR] aiogram.dispatcher: Failed to fetch updates - TelegramNetworkError: HTTP Client says - ClientConnectorError: Cannot connect to host api.telegram.org:443 ssl:default [Сетевая папка недоступна. За информацией о разрешении проблем в сети обратитесь к справочной системе Windows]
2026-07-28 20:24:47,891 [WARNING] aiogram.dispatcher: Sleep for 4.883194 seconds and try again... (tryings = 55, bot id = 8801853413)
2026-07-28 20:24:52,792 [ERROR] aiogram.dispatcher: Failed to fetch updates - TelegramNetworkError: HTTP Client says - ClientConnectorError: Cannot connect to host api.telegram.org:443 ssl:default [Сетевая папка недоступна. За информацией о разрешении проблем в сети обратитесь к справочной системе Windows]
2026-07-28 20:24:52,792 [WARNING] aiogram.dispatcher: Sleep for 5.071964 seconds and try again... (tryings = 56, bot id = 8801853413)
2026-07-28 20:24:57,878 [ERROR] aiogram.dispatcher: Failed to fetch updates - TelegramNetworkError: HTTP Client says - ClientConnectorError: Cannot connect to host api.telegram.org:443 ssl:default [Сетевая папка недоступна. За информацией о разрешении проблем в сети обратитесь к справочной системе Windows]
2026-07-28 20:24:57,879 [WARNING] aiogram.dispatcher: Sleep for 4.760913 seconds and try again... (tryings = 57, bot id = 8801853413)
2026-07-28 20:25:02,660 [ERROR] aiogram.dispatcher: Failed to fetch updates - TelegramNetworkError: HTTP Client says - ClientConnectorError: Cannot connect to host api.telegram.org:443 ssl:default [Сетевая папка недоступна. За информацией о разрешении проблем в сети обратитесь к справочной системе Windows]
2026-07-28 20:25:02,661 [WARNING] aiogram.dispatcher: Sleep for 4.997632 seconds and try again... (tryings = 58, bot id = 8801853413)
2026-07-28 20:25:07,667 [ERROR] aiogram.dispatcher: Failed to fetch updates - TelegramNetworkError: HTTP Client says - ClientConnectorError: Cannot connect to host api.telegram.org:443 ssl:default [Сетевая папка недоступна. За информацией о разрешении проблем в сети обратитесь к справочной системе Windows]
2026-07-28 20:25:07,673 [WARNING] aiogram.dispatcher: Sleep for 4.658322 seconds and try again... (tryings = 59, bot id = 8801853413)
2026-07-28 20:25:12,350 [ERROR] aiogram.dispatcher: Failed to fetch updates - TelegramNetworkError: HTTP Client says - ClientConnectorError: Cannot connect to host api.telegram.org:443 ssl:default [Сетевая папка недоступна. За информацией о разрешении проблем в сети обратитесь к справочной системе Windows]
2026-07-28 20:25:12,351 [WARNING] aiogram.dispatcher: Sleep for 5.180208 seconds and try again... (tryings = 60, bot id = 8801853413)
2026-07-28 20:25:17,541 [ERROR] aiogram.dispatcher: Failed to fetch updates - TelegramNetworkError: HTTP Client says - ClientConnectorError: Cannot connect to host api.telegram.org:443 ssl:default [Сетевая папка недоступна. За информацией о разрешении проблем в сети обратитесь к справочной системе Windows]
2026-07-28 20:25:17,541 [WARNING] aiogram.dispatcher: Sleep for 4.929643 seconds and try again... (tryings = 61, bot id = 8801853413)
2026-07-28 20:25:22,480 [ERROR] aiogram.dispatcher: Failed to fetch updates - TelegramNetworkError: HTTP Client says - ClientConnectorError: Cannot connect to host api.telegram.org:443 ssl:default [Сетевая папка недоступна. За информацией о разрешении проблем в сети обратитесь к справочной системе Windows]
2026-07-28 20:25:22,481 [WARNING] aiogram.dispatcher: Sleep for 4.826655 seconds and try again... (tryings = 62, bot id = 8801853413)
2026-07-28 20:25:27,323 [ERROR] aiogram.dispatcher: Failed to fetch updates - TelegramNetworkError: HTTP Client says - ClientConnectorError: Cannot connect to host api.telegram.org:443 ssl:default [Сетевая папка недоступна. За информацией о разрешении проблем в сети обратитесь к справочной системе Windows]
2026-07-28 20:25:27,324 [WARNING] aiogram.dispatcher: Sleep for 4.928604 seconds and try again... (tryings = 63, bot id = 8801853413)
2026-07-28 20:25:32,268 [ERROR] aiogram.dispatcher: Failed to fetch updates - TelegramNetworkError: HTTP Client says - ClientConnectorError: Cannot connect to host api.telegram.org:443 ssl:default [Сетевая папка недоступна. За информацией о разрешении проблем в сети обратитесь к справочной системе Windows]
2026-07-28 20:25:32,268 [WARNING] aiogram.dispatcher: Sleep for 4.916484 seconds and try again... (tryings = 64, bot id = 8801853413)
2026-07-28 20:25:37,206 [ERROR] aiogram.dispatcher: Failed to fetch updates - TelegramNetworkError: HTTP Client says - ClientConnectorError: Cannot connect to host api.telegram.org:443 ssl:default [Сетевая папка недоступна. За информацией о разрешении проблем в сети обратитесь к справочной системе Windows]
2026-07-28 20:25:37,206 [WARNING] aiogram.dispatcher: Sleep for 5.028467 seconds and try again... (tryings = 65, bot id = 8801853413)
2026-07-28 20:25:42,257 [ERROR] aiogram.dispatcher: Failed to fetch updates - TelegramNetworkError: HTTP Client says - ClientConnectorError: Cannot connect to host api.telegram.org:443 ssl:default [Сетевая папка недоступна. За информацией о разрешении проблем в сети обратитесь к справочной системе Windows]
2026-07-28 20:25:42,258 [WARNING] aiogram.dispatcher: Sleep for 5.076848 seconds and try again... (tryings = 66, bot id = 8801853413)
2026-07-28 20:25:47,343 [ERROR] aiogram.dispatcher: Failed to fetch updates - TelegramNetworkError: HTTP Client says - ClientConnectorError: Cannot connect to host api.telegram.org:443 ssl:default [Сетевая папка недоступна. За информацией о разрешении проблем в сети обратитесь к справочной системе Windows]
2026-07-28 20:25:47,344 [WARNING] aiogram.dispatcher: Sleep for 4.848506 seconds and try again... (tryings = 67, bot id = 8801853413)
2026-07-28 20:25:52,205 [ERROR] aiogram.dispatcher: Failed to fetch updates - TelegramNetworkError: HTTP Client says - ClientConnectorError: Cannot connect to host api.telegram.org:443 ssl:default [Сетевая папка недоступна. За информацией о разрешении проблем в сети обратитесь к справочной системе Windows]
2026-07-28 20:25:52,205 [WARNING] aiogram.dispatcher: Sleep for 4.734144 seconds and try again... (tryings = 68, bot id = 8801853413)
2026-07-28 20:25:56,952 [ERROR] aiogram.dispatcher: Failed to fetch updates - TelegramNetworkError: HTTP Client says - ClientConnectorError: Cannot connect to host api.telegram.org:443 ssl:default [Сетевая папка недоступна. За информацией о разрешении проблем в сети обратитесь к справочной системе Windows]
2026-07-28 20:25:56,953 [WARNING] aiogram.dispatcher: Sleep for 5.085466 seconds and try again... (tryings = 69, bot id = 8801853413)
2026-07-28 20:26:02,053 [ERROR] aiogram.dispatcher: Failed to fetch updates - TelegramNetworkError: HTTP Client says - ClientConnectorError: Cannot connect to host api.telegram.org:443 ssl:default [Сетевая папка недоступна. За информацией о разрешении проблем в сети обратитесь к справочной системе Windows]
2026-07-28 20:26:02,053 [WARNING] aiogram.dispatcher: Sleep for 5.101902 seconds and try again... (tryings = 70, bot id = 8801853413)
2026-07-28 20:26:07,173 [ERROR] aiogram.dispatcher: Failed to fetch updates - TelegramNetworkError: HTTP Client says - ClientConnectorError: Cannot connect to host api.telegram.org:443 ssl:default [Сетевая папка недоступна. За информацией о разрешении проблем в сети обратитесь к справочной системе Windows]
2026-07-28 20:26:07,173 [WARNING] aiogram.dispatcher: Sleep for 4.936005 seconds and try again... (tryings = 71, bot id = 8801853413)
2026-07-28 20:26:12,128 [ERROR] aiogram.dispatcher: Failed to fetch updates - TelegramNetworkError: HTTP Client says - ClientConnectorError: Cannot connect to host api.telegram.org:443 ssl:default [Сетевая папка недоступна. За информацией о разрешении проблем в сети обратитесь к справочной системе Windows]
2026-07-28 20:26:12,128 [WARNING] aiogram.dispatcher: Sleep for 4.955363 seconds and try again... (tryings = 72, bot id = 8801853413)
2026-07-28 20:26:17,103 [ERROR] aiogram.dispatcher: Failed to fetch updates - TelegramNetworkError: HTTP Client says - ClientConnectorError: Cannot connect to host api.telegram.org:443 ssl:default [Сетевая папка недоступна. За информацией о разрешении проблем в сети обратитесь к справочной системе Windows]
2026-07-28 20:26:17,104 [WARNING] aiogram.dispatcher: Sleep for 5.087296 seconds and try again... (tryings = 73, bot id = 8801853413)
2026-07-28 20:26:22,202 [ERROR] aiogram.dispatcher: Failed to fetch updates - TelegramNetworkError: HTTP Client says - ClientConnectorError: Cannot connect to host api.telegram.org:443 ssl:default [Сетевая папка недоступна. За информацией о разрешении проблем в сети обратитесь к справочной системе Windows]
2026-07-28 20:26:22,202 [WARNING] aiogram.dispatcher: Sleep for 4.880223 seconds and try again... (tryings = 74, bot id = 8801853413)
2026-07-28 20:26:27,104 [ERROR] aiogram.dispatcher: Failed to fetch updates - TelegramNetworkError: HTTP Client says - ClientConnectorError: Cannot connect to host api.telegram.org:443 ssl:default [Сетевая папка недоступна. За информацией о разрешении проблем в сети обратитесь к справочной системе Windows]
2026-07-28 20:26:27,105 [WARNING] aiogram.dispatcher: Sleep for 5.066174 seconds and try again... (tryings = 75, bot id = 8801853413)
2026-07-28 20:26:32,179 [ERROR] aiogram.dispatcher: Failed to fetch updates - TelegramNetworkError: HTTP Client says - ClientConnectorError: Cannot connect to host api.telegram.org:443 ssl:default [Сетевая папка недоступна. За информацией о разрешении проблем в сети обратитесь к справочной системе Windows]
2026-07-28 20:26:32,180 [WARNING] aiogram.dispatcher: Sleep for 5.019158 seconds and try again... (tryings = 76, bot id = 8801853413)
2026-07-28 20:26:37,214 [ERROR] aiogram.dispatcher: Failed to fetch updates - TelegramNetworkError: HTTP Client says - ClientConnectorError: Cannot connect to host api.telegram.org:443 ssl:default [Сетевая папка недоступна. За информацией о разрешении проблем в сети обратитесь к справочной системе Windows]
2026-07-28 20:26:37,214 [WARNING] aiogram.dispatcher: Sleep for 5.038701 seconds and try again... (tryings = 77, bot id = 8801853413)
2026-07-28 20:26:42,261 [ERROR] aiogram.dispatcher: Failed to fetch updates - TelegramNetworkError: HTTP Client says - ClientConnectorError: Cannot connect to host api.telegram.org:443 ssl:default [Сетевая папка недоступна. За информацией о разрешении проблем в сети обратитесь к справочной системе Windows]
2026-07-28 20:26:42,262 [WARNING] aiogram.dispatcher: Sleep for 5.161783 seconds and try again... (tryings = 78, bot id = 8801853413)
2026-07-28 20:26:47,431 [ERROR] aiogram.dispatcher: Failed to fetch updates - TelegramNetworkError: HTTP Client says - ClientConnectorError: Cannot connect to host api.telegram.org:443 ssl:default [Сетевая папка недоступна. За информацией о разрешении проблем в сети обратитесь к справочной системе Windows]
2026-07-28 20:26:47,432 [WARNING] aiogram.dispatcher: Sleep for 4.959974 seconds and try again... (tryings = 79, bot id = 8801853413)
2026-07-28 20:26:52,411 [ERROR] aiogram.dispatcher: Failed to fetch updates - TelegramNetworkError: HTTP Client says - ClientConnectorError: Cannot connect to host api.telegram.org:443 ssl:default [Сетевая папка недоступна. За информацией о разрешении проблем в сети обратитесь к справочной системе Windows]
2026-07-28 20:26:52,411 [WARNING] aiogram.dispatcher: Sleep for 5.190893 seconds and try again... (tryings = 80, bot id = 8801853413)
2026-07-28 20:26:57,621 [ERROR] aiogram.dispatcher: Failed to fetch updates - TelegramNetworkError: HTTP Client says - ClientConnectorError: Cannot connect to host api.telegram.org:443 ssl:default [Сетевая папка недоступна. За информацией о разрешении проблем в сети обратитесь к справочной системе Windows]
2026-07-28 20:26:57,622 [WARNING] aiogram.dispatcher: Sleep for 5.080924 seconds and try again... (tryings = 81, bot id = 8801853413)
2026-07-28 20:27:02,718 [ERROR] aiogram.dispatcher: Failed to fetch updates - TelegramNetworkError: HTTP Client says - ClientConnectorError: Cannot connect to host api.telegram.org:443 ssl:default [Сетевая папка недоступна. За информацией о разрешении проблем в сети обратитесь к справочной системе Windows]
2026-07-28 20:27:02,719 [WARNING] aiogram.dispatcher: Sleep for 4.908108 seconds and try again... (tryings = 82, bot id = 8801853413)
2026-07-28 20:27:07,637 [ERROR] aiogram.dispatcher: Failed to fetch updates - TelegramNetworkError: HTTP Client says - ClientConnectorError: Cannot connect to host api.telegram.org:443 ssl:default [Сетевая папка недоступна. За информацией о разрешении проблем в сети обратитесь к справочной системе Windows]
2026-07-28 20:27:07,638 [WARNING] aiogram.dispatcher: Sleep for 4.942337 seconds and try again... (tryings = 83, bot id = 8801853413)
2026-07-28 20:27:12,591 [ERROR] aiogram.dispatcher: Failed to fetch updates - TelegramNetworkError: HTTP Client says - ClientConnectorError: Cannot connect to host api.telegram.org:443 ssl:default [Сетевая папка недоступна. За информацией о разрешении проблем в сети обратитесь к справочной системе Windows]
2026-07-28 20:27:12,591 [WARNING] aiogram.dispatcher: Sleep for 5.065318 seconds and try again... (tryings = 84, bot id = 8801853413)
2026-07-28 20:27:17,672 [ERROR] aiogram.dispatcher: Failed to fetch updates - TelegramNetworkError: HTTP Client says - ClientConnectorError: Cannot connect to host api.telegram.org:443 ssl:default [Сетевая папка недоступна. За информацией о разрешении проблем в сети обратитесь к справочной системе Windows]
2026-07-28 20:27:17,673 [WARNING] aiogram.dispatcher: Sleep for 4.836044 seconds and try again... (tryings = 85, bot id = 8801853413)
2026-07-28 20:27:22,528 [ERROR] aiogram.dispatcher: Failed to fetch updates - TelegramNetworkError: HTTP Client says - ClientConnectorError: Cannot connect to host api.telegram.org:443 ssl:default [Сетевая папка недоступна. За информацией о разрешении проблем в сети обратитесь к справочной системе Windows]
2026-07-28 20:27:22,529 [WARNING] aiogram.dispatcher: Sleep for 4.847326 seconds and try again... (tryings = 86, bot id = 8801853413)
2026-07-28 20:27:27,386 [ERROR] aiogram.dispatcher: Failed to fetch updates - TelegramNetworkError: HTTP Client says - ClientConnectorError: Cannot connect to host api.telegram.org:443 ssl:default [Сетевая папка недоступна. За информацией о разрешении проблем в сети обратитесь к справочной системе Windows]
2026-07-28 20:27:27,387 [WARNING] aiogram.dispatcher: Sleep for 4.996516 seconds and try again... (tryings = 87, bot id = 8801853413)
2026-07-28 20:27:32,390 [ERROR] aiogram.dispatcher: Failed to fetch updates - TelegramNetworkError: HTTP Client says - ClientConnectorError: Cannot connect to host api.telegram.org:443 ssl:default [Сетевая папка недоступна. За информацией о разрешении проблем в сети обратитесь к справочной системе Windows]
2026-07-28 20:27:32,391 [WARNING] aiogram.dispatcher: Sleep for 4.863613 seconds and try again... (tryings = 88, bot id = 8801853413)
2026-07-28 20:27:37,263 [ERROR] aiogram.dispatcher: Failed to fetch updates - TelegramNetworkError: HTTP Client says - ClientConnectorError: Cannot connect to host api.telegram.org:443 ssl:default [Сетевая папка недоступна. За информацией о разрешении проблем в сети обратитесь к справочной системе Windows]
2026-07-28 20:27:37,264 [WARNING] aiogram.dispatcher: Sleep for 5.047750 seconds and try again... (tryings = 89, bot id = 8801853413)
2026-07-28 20:27:42,320 [ERROR] aiogram.dispatcher: Failed to fetch updates - TelegramNetworkError: HTTP Client says - ClientConnectorError: Cannot connect to host api.telegram.org:443 ssl:default [Сетевая папка недоступна. За информацией о разрешении проблем в сети обратитесь к справочной системе Windows]
2026-07-28 20:27:42,321 [WARNING] aiogram.dispatcher: Sleep for 5.215609 seconds and try again... (tryings = 90, bot id = 8801853413)
2026-07-28 20:27:47,546 [ERROR] aiogram.dispatcher: Failed to fetch updates - TelegramNetworkError: HTTP Client says - ClientConnectorError: Cannot connect to host api.telegram.org:443 ssl:default [Сетевая папка недоступна. За информацией о разрешении проблем в сети обратитесь к справочной системе Windows]
2026-07-28 20:27:47,547 [WARNING] aiogram.dispatcher: Sleep for 5.022328 seconds and try again... (tryings = 91, bot id = 8801853413)
2026-07-28 20:27:52,586 [ERROR] aiogram.dispatcher: Failed to fetch updates - TelegramNetworkError: HTTP Client says - ClientConnectorError: Cannot connect to host api.telegram.org:443 ssl:default [Сетевая папка недоступна. За информацией о разрешении проблем в сети обратитесь к справочной системе Windows]
2026-07-28 20:27:52,587 [WARNING] aiogram.dispatcher: Sleep for 4.961687 seconds and try again... (tryings = 92, bot id = 8801853413)
2026-07-28 20:27:57,559 [ERROR] aiogram.dispatcher: Failed to fetch updates - TelegramNetworkError: HTTP Client says - ClientConnectorError: Cannot connect to host api.telegram.org:443 ssl:default [Сетевая папка недоступна. За информацией о разрешении проблем в сети обратитесь к справочной системе Windows]
2026-07-28 20:27:57,559 [WARNING] aiogram.dispatcher: Sleep for 4.879207 seconds and try again... (tryings = 93, bot id = 8801853413)
2026-07-28 20:28:02,447 [ERROR] aiogram.dispatcher: Failed to fetch updates - TelegramNetworkError: HTTP Client says - ClientConnectorError: Cannot connect to host api.telegram.org:443 ssl:default [Сетевая папка недоступна. За информацией о разрешении проблем в сети обратитесь к справочной системе Windows]
2026-07-28 20:28:02,447 [WARNING] aiogram.dispatcher: Sleep for 4.991876 seconds and try again... (tryings = 94, bot id = 8801853413)
2026-07-28 20:28:07,451 [ERROR] aiogram.dispatcher: Failed to fetch updates - TelegramNetworkError: HTTP Client says - ClientConnectorError: Cannot connect to host api.telegram.org:443 ssl:default [Сетевая папка недоступна. За информацией о разрешении проблем в сети обратитесь к справочной системе Windows]
2026-07-28 20:28:07,452 [WARNING] aiogram.dispatcher: Sleep for 5.017205 seconds and try again... (tryings = 95, bot id = 8801853413)
2026-07-28 20:28:12,485 [ERROR] aiogram.dispatcher: Failed to fetch updates - TelegramNetworkError: HTTP Client says - ClientConnectorError: Cannot connect to host api.telegram.org:443 ssl:default [Сетевая папка недоступна. За информацией о разрешении проблем в сети обратитесь к справочной системе Windows]
2026-07-28 20:28:12,486 [WARNING] aiogram.dispatcher: Sleep for 5.055556 seconds and try again... (tryings = 96, bot id = 8801853413)
2026-07-28 20:28:17,557 [ERROR] aiogram.dispatcher: Failed to fetch updates - TelegramNetworkError: HTTP Client says - ClientConnectorError: Cannot connect to host api.telegram.org:443 ssl:default [Сетевая папка недоступна. За информацией о разрешении проблем в сети обратитесь к справочной системе Windows]
2026-07-28 20:28:17,558 [WARNING] aiogram.dispatcher: Sleep for 5.077012 seconds and try again... (tryings = 97, bot id = 8801853413)
2026-07-28 20:28:22,650 [ERROR] aiogram.dispatcher: Failed to fetch updates - TelegramNetworkError: HTTP Client says - ClientConnectorError: Cannot connect to host api.telegram.org:443 ssl:default [Сетевая папка недоступна. За информацией о разрешении проблем в сети обратитесь к справочной системе Windows]
2026-07-28 20:28:22,651 [WARNING] aiogram.dispatcher: Sleep for 4.820417 seconds and try again... (tryings = 98, bot id = 8801853413)
2026-07-28 20:28:27,491 [ERROR] aiogram.dispatcher: Failed to fetch updates - TelegramNetworkError: HTTP Client says - ClientConnectorError: Cannot connect to host api.telegram.org:443 ssl:default [Сетевая папка недоступна. За информацией о разрешении проблем в сети обратитесь к справочной системе Windows]
2026-07-28 20:28:27,491 [WARNING] aiogram.dispatcher: Sleep for 5.036733 seconds and try again... (tryings = 99, bot id = 8801853413)
2026-07-28 20:28:32,544 [ERROR] aiogram.dispatcher: Failed to fetch updates - TelegramNetworkError: HTTP Client says - ClientConnectorError: Cannot connect to host api.telegram.org:443 ssl:default [Сетевая папка недоступна. За информацией о разрешении проблем в сети обратитесь к справочной системе Windows]
2026-07-28 20:28:32,544 [WARNING] aiogram.dispatcher: Sleep for 5.110800 seconds and try again... (tryings = 100, bot id = 8801853413)
2026-07-28 20:28:37,673 [ERROR] aiogram.dispatcher: Failed to fetch updates - TelegramNetworkError: HTTP Client says - ClientConnectorError: Cannot connect to host api.telegram.org:443 ssl:default [Сетевая папка недоступна. За информацией о разрешении проблем в сети обратитесь к справочной системе Windows]
2026-07-28 20:28:37,673 [WARNING] aiogram.dispatcher: Sleep for 5.100029 seconds and try again... (tryings = 101, bot id = 8801853413)
2026-07-28 20:28:42,786 [ERROR] aiogram.dispatcher: Failed to fetch updates - TelegramNetworkError: HTTP Client says - ClientConnectorError: Cannot connect to host api.telegram.org:443 ssl:default [Сетевая папка недоступна. За информацией о разрешении проблем в сети обратитесь к справочной системе Windows]
2026-07-28 20:28:42,786 [WARNING] aiogram.dispatcher: Sleep for 4.853883 seconds and try again... (tryings = 102, bot id = 8801853413)
2026-07-28 20:28:47,651 [ERROR] aiogram.dispatcher: Failed to fetch updates - TelegramNetworkError: HTTP Client says - ClientConnectorError: Cannot connect to host api.telegram.org:443 ssl:default [Сетевая папка недоступна. За информацией о разрешении проблем в сети обратитесь к справочной системе Windows]
2026-07-28 20:28:47,652 [WARNING] aiogram.dispatcher: Sleep for 5.117524 seconds and try again... (tryings = 103, bot id = 8801853413)
2026-07-28 20:28:52,793 [ERROR] aiogram.dispatcher: Failed to fetch updates - TelegramNetworkError: HTTP Client says - ClientConnectorError: Cannot connect to host api.telegram.org:443 ssl:default [Сетевая папка недоступна. За информацией о разрешении проблем в сети обратитесь к справочной системе Windows]
2026-07-28 20:28:52,794 [WARNING] aiogram.dispatcher: Sleep for 5.209872 seconds and try again... (tryings = 104, bot id = 8801853413)
2026-07-28 20:28:58,023 [ERROR] aiogram.dispatcher: Failed to fetch updates - TelegramNetworkError: HTTP Client says - ClientConnectorError: Cannot connect to host api.telegram.org:443 ssl:default [Сетевая папка недоступна. За информацией о разрешении проблем в сети обратитесь к справочной системе Windows]
2026-07-28 20:28:58,023 [WARNING] aiogram.dispatcher: Sleep for 4.959337 seconds and try again... (tryings = 105, bot id = 8801853413)
2026-07-28 20:29:02,999 [ERROR] aiogram.dispatcher: Failed to fetch updates - TelegramNetworkError: HTTP Client says - ClientConnectorError: Cannot connect to host api.telegram.org:443 ssl:default [Сетевая папка недоступна. За информацией о разрешении проблем в сети обратитесь к справочной системе Windows]
2026-07-28 20:29:03,000 [WARNING] aiogram.dispatcher: Sleep for 5.148180 seconds and try again... (tryings = 106, bot id = 8801853413)
2026-07-28 20:29:08,165 [ERROR] aiogram.dispatcher: Failed to fetch updates - TelegramNetworkError: HTTP Client says - ClientConnectorError: Cannot connect to host api.telegram.org:443 ssl:default [Сетевая папка недоступна. За информацией о разрешении проблем в сети обратитесь к справочной системе Windows]
2026-07-28 20:29:08,166 [WARNING] aiogram.dispatcher: Sleep for 4.897234 seconds and try again... (tryings = 107, bot id = 8801853413)
2026-07-28 20:30:17,270 [ERROR] aiogram.dispatcher: Failed to fetch updates - TelegramNetworkError: HTTP Client says - ClientConnectorError: Cannot connect to host api.telegram.org:443 ssl:default [None]
2026-07-28 20:30:17,271 [WARNING] aiogram.dispatcher: Sleep for 4.958031 seconds and try again... (tryings = 108, bot id = 8801853413)
2026-07-28 20:30:22,243 [ERROR] aiogram.dispatcher: Failed to fetch updates - TelegramNetworkError: HTTP Client says - ClientConnectorError: Cannot connect to host api.telegram.org:443 ssl:default [Сетевая папка недоступна. За информацией о разрешении проблем в сети обратитесь к справочной системе Windows]
2026-07-28 20:30:22,243 [WARNING] aiogram.dispatcher: Sleep for 4.843625 seconds and try again... (tryings = 109, bot id = 8801853413)
2026-07-28 20:30:27,099 [ERROR] aiogram.dispatcher: Failed to fetch updates - TelegramNetworkError: HTTP Client says - ClientConnectorError: Cannot connect to host api.telegram.org:443 ssl:default [Сетевая папка недоступна. За информацией о разрешении проблем в сети обратитесь к справочной системе Windows]
2026-07-28 20:30:27,100 [WARNING] aiogram.dispatcher: Sleep for 5.017765 seconds and try again... (tryings = 110, bot id = 8801853413)
2026-07-28 20:30:32,138 [ERROR] aiogram.dispatcher: Failed to fetch updates - TelegramNetworkError: HTTP Client says - ClientConnectorError: Cannot connect to host api.telegram.org:443 ssl:default [Сетевая папка недоступна. За информацией о разрешении проблем в сети обратитесь к справочной системе Windows]
2026-07-28 20:30:32,138 [WARNING] aiogram.dispatcher: Sleep for 4.878568 seconds and try again... (tryings = 111, bot id = 8801853413)
2026-07-28 20:30:37,028 [ERROR] aiogram.dispatcher: Failed to fetch updates - TelegramNetworkError: HTTP Client says - ClientConnectorError: Cannot connect to host api.telegram.org:443 ssl:default [Сетевая папка недоступна. За информацией о разрешении проблем в сети обратитесь к справочной системе Windows]
2026-07-28 20:30:37,029 [WARNING] aiogram.dispatcher: Sleep for 5.108625 seconds and try again... (tryings = 112, bot id = 8801853413)
2026-07-28 20:30:42,159 [ERROR] aiogram.dispatcher: Failed to fetch updates - TelegramNetworkError: HTTP Client says - ClientConnectorError: Cannot connect to host api.telegram.org:443 ssl:default [Сетевая папка недоступна. За информацией о разрешении проблем в сети обратитесь к справочной системе Windows]
2026-07-28 20:30:42,160 [WARNING] aiogram.dispatcher: Sleep for 5.023147 seconds and try again... (tryings = 113, bot id = 8801853413)
2026-07-28 20:30:47,204 [ERROR] aiogram.dispatcher: Failed to fetch updates - TelegramNetworkError: HTTP Client says - ClientConnectorError: Cannot connect to host api.telegram.org:443 ssl:default [Сетевая папка недоступна. За информацией о разрешении проблем в сети обратитесь к справочной системе Windows]
2026-07-28 20:30:47,205 [WARNING] aiogram.dispatcher: Sleep for 4.919323 seconds and try again... (tryings = 114, bot id = 8801853413)
2026-07-28 20:30:52,134 [ERROR] aiogram.dispatcher: Failed to fetch updates - TelegramNetworkError: HTTP Client says - ClientConnectorError: Cannot connect to host api.telegram.org:443 ssl:default [Сетевая папка недоступна. За информацией о разрешении проблем в сети обратитесь к справочной системе Windows]
2026-07-28 20:30:52,135 [WARNING] aiogram.dispatcher: Sleep for 5.049213 seconds and try again... (tryings = 115, bot id = 8801853413)
2026-07-28 20:30:57,202 [ERROR] aiogram.dispatcher: Failed to fetch updates - TelegramNetworkError: HTTP Client says - ClientConnectorError: Cannot connect to host api.telegram.org:443 ssl:default [Сетевая папка недоступна. За информацией о разрешении проблем в сети обратитесь к справочной системе Windows]
2026-07-28 20:30:57,203 [WARNING] aiogram.dispatcher: Sleep for 5.108432 seconds and try again... (tryings = 116, bot id = 8801853413)
2026-07-28 20:31:02,333 [ERROR] aiogram.dispatcher: Failed to fetch updates - TelegramNetworkError: HTTP Client says - ClientConnectorError: Cannot connect to host api.telegram.org:443 ssl:default [Сетевая папка недоступна. За информацией о разрешении проблем в сети обратитесь к справочной системе Windows]
2026-07-28 20:31:02,334 [WARNING] aiogram.dispatcher: Sleep for 5.011979 seconds and try again... (tryings = 117, bot id = 8801853413)
2026-07-28 20:31:07,364 [ERROR] aiogram.dispatcher: Failed to fetch updates - TelegramNetworkError: HTTP Client says - ClientConnectorError: Cannot connect to host api.telegram.org:443 ssl:default [Сетевая папка недоступна. За информацией о разрешении проблем в сети обратитесь к справочной системе Windows]
2026-07-28 20:31:07,365 [WARNING] aiogram.dispatcher: Sleep for 5.095583 seconds and try again... (tryings = 118, bot id = 8801853413)
2026-07-28 20:31:12,472 [ERROR] aiogram.dispatcher: Failed to fetch updates - TelegramNetworkError: HTTP Client says - ClientConnectorError: Cannot connect to host api.telegram.org:443 ssl:default [Сетевая папка недоступна. За информацией о разрешении проблем в сети обратитесь к справочной системе Windows]
2026-07-28 20:31:12,473 [WARNING] aiogram.dispatcher: Sleep for 5.091674 seconds and try again... (tryings = 119, bot id = 8801853413)
2026-07-28 20:31:17,573 [ERROR] aiogram.dispatcher: Failed to fetch updates - TelegramNetworkError: HTTP Client says - ClientConnectorError: Cannot connect to host api.telegram.org:443 ssl:default [Сетевая папка недоступна. За информацией о разрешении проблем в сети обратитесь к справочной системе Windows]
2026-07-28 20:31:17,574 [WARNING] aiogram.dispatcher: Sleep for 4.909931 seconds and try again... (tryings = 120, bot id = 8801853413)
2026-07-28 20:31:22,489 [ERROR] aiogram.dispatcher: Failed to fetch updates - TelegramNetworkError: HTTP Client says - ClientConnectorError: Cannot connect to host api.telegram.org:443 ssl:default [Сетевая папка недоступна. За информацией о разрешении проблем в сети обратитесь к справочной системе Windows]
2026-07-28 20:31:22,490 [WARNING] aiogram.dispatcher: Sleep for 5.003670 seconds and try again... (tryings = 121, bot id = 8801853413)
2026-07-28 20:31:27,507 [ERROR] aiogram.dispatcher: Failed to fetch updates - TelegramNetworkError: HTTP Client says - ClientConnectorError: Cannot connect to host api.telegram.org:443 ssl:default [Сетевая папка недоступна. За информацией о разрешении проблем в сети обратитесь к справочной системе Windows]
2026-07-28 20:31:27,508 [WARNING] aiogram.dispatcher: Sleep for 5.203261 seconds and try again... (tryings = 122, bot id = 8801853413)
2026-07-28 20:31:32,724 [ERROR] aiogram.dispatcher: Failed to fetch updates - TelegramNetworkError: HTTP Client says - ClientConnectorError: Cannot connect to host api.telegram.org:443 ssl:default [Сетевая папка недоступна. За информацией о разрешении проблем в сети обратитесь к справочной системе Windows]
2026-07-28 20:31:32,724 [WARNING] aiogram.dispatcher: Sleep for 4.935888 seconds and try again... (tryings = 123, bot id = 8801853413)
2026-07-28 20:31:37,678 [ERROR] aiogram.dispatcher: Failed to fetch updates - TelegramNetworkError: HTTP Client says - ClientConnectorError: Cannot connect to host api.telegram.org:443 ssl:default [Сетевая папка недоступна. За информацией о разрешении проблем в сети обратитесь к справочной системе Windows]
2026-07-28 20:31:37,679 [WARNING] aiogram.dispatcher: Sleep for 5.020886 seconds and try again... (tryings = 124, bot id = 8801853413)
2026-07-28 20:31:42,717 [ERROR] aiogram.dispatcher: Failed to fetch updates - TelegramNetworkError: HTTP Client says - ClientConnectorError: Cannot connect to host api.telegram.org:443 ssl:default [Сетевая папка недоступна. За информацией о разрешении проблем в сети обратитесь к справочной системе Windows]
2026-07-28 20:31:42,717 [WARNING] aiogram.dispatcher: Sleep for 4.973710 seconds and try again... (tryings = 125, bot id = 8801853413)
2026-07-28 20:31:47,713 [ERROR] aiogram.dispatcher: Failed to fetch updates - TelegramNetworkError: HTTP Client says - ClientConnectorError: Cannot connect to host api.telegram.org:443 ssl:default [Сетевая папка недоступна. За информацией о разрешении проблем в сети обратитесь к справочной системе Windows]
2026-07-28 20:31:47,714 [WARNING] aiogram.dispatcher: Sleep for 4.980083 seconds and try again... (tryings = 126, bot id = 8801853413)
2026-07-28 20:31:52,702 [ERROR] aiogram.dispatcher: Failed to fetch updates - TelegramNetworkError: HTTP Client says - ClientConnectorError: Cannot connect to host api.telegram.org:443 ssl:default [Сетевая папка недоступна. За информацией о разрешении проблем в сети обратитесь к справочной системе Windows]
2026-07-28 20:31:52,702 [WARNING] aiogram.dispatcher: Sleep for 4.983197 seconds and try again... (tryings = 127, bot id = 8801853413)
2026-07-28 20:31:57,704 [ERROR] aiogram.dispatcher: Failed to fetch updates - TelegramNetworkError: HTTP Client says - ClientConnectorError: Cannot connect to host api.telegram.org:443 ssl:default [Сетевая папка недоступна. За информацией о разрешении проблем в сети обратитесь к справочной системе Windows]
2026-07-28 20:31:57,705 [WARNING] aiogram.dispatcher: Sleep for 5.029639 seconds and try again... (tryings = 128, bot id = 8801853413)
2026-07-28 20:32:02,744 [ERROR] aiogram.dispatcher: Failed to fetch updates - TelegramNetworkError: HTTP Client says - ClientConnectorError: Cannot connect to host api.telegram.org:443 ssl:default [Сетевая папка недоступна. За информацией о разрешении проблем в сети обратитесь к справочной системе Windows]
2026-07-28 20:32:02,745 [WARNING] aiogram.dispatcher: Sleep for 4.785031 seconds and try again... (tryings = 129, bot id = 8801853413)
2026-07-28 20:32:07,540 [ERROR] aiogram.dispatcher: Failed to fetch updates - TelegramNetworkError: HTTP Client says - ClientConnectorError: Cannot connect to host api.telegram.org:443 ssl:default [Сетевая папка недоступна. За информацией о разрешении проблем в сети обратитесь к справочной системе Windows]
2026-07-28 20:32:07,540 [WARNING] aiogram.dispatcher: Sleep for 4.796026 seconds and try again... (tryings = 130, bot id = 8801853413)
2026-07-28 20:32:12,354 [ERROR] aiogram.dispatcher: Failed to fetch updates - TelegramNetworkError: HTTP Client says - ClientConnectorError: Cannot connect to host api.telegram.org:443 ssl:default [Сетевая папка недоступна. За информацией о разрешении проблем в сети обратитесь к справочной системе Windows]
2026-07-28 20:32:12,354 [WARNING] aiogram.dispatcher: Sleep for 4.892602 seconds and try again... (tryings = 131, bot id = 8801853413)
2026-07-28 20:32:17,263 [ERROR] aiogram.dispatcher: Failed to fetch updates - TelegramNetworkError: HTTP Client says - ClientConnectorError: Cannot connect to host api.telegram.org:443 ssl:default [Сетевая папка недоступна. За информацией о разрешении проблем в сети обратитесь к справочной системе Windows]
2026-07-28 20:32:17,264 [WARNING] aiogram.dispatcher: Sleep for 4.987600 seconds and try again... (tryings = 132, bot id = 8801853413)
2026-07-28 20:32:22,264 [ERROR] aiogram.dispatcher: Failed to fetch updates - TelegramNetworkError: HTTP Client says - ClientConnectorError: Cannot connect to host api.telegram.org:443 ssl:default [Сетевая папка недоступна. За информацией о разрешении проблем в сети обратитесь к справочной системе Windows]
2026-07-28 20:32:22,264 [WARNING] aiogram.dispatcher: Sleep for 5.100250 seconds and try again... (tryings = 133, bot id = 8801853413)
2026-07-28 20:32:27,383 [ERROR] aiogram.dispatcher: Failed to fetch updates - TelegramNetworkError: HTTP Client says - ClientConnectorError: Cannot connect to host api.telegram.org:443 ssl:default [Сетевая папка недоступна. За информацией о разрешении проблем в сети обратитесь к справочной системе Windows]
2026-07-28 20:32:27,383 [WARNING] aiogram.dispatcher: Sleep for 5.073520 seconds and try again... (tryings = 134, bot id = 8801853413)
2026-07-28 20:32:32,467 [ERROR] aiogram.dispatcher: Failed to fetch updates - TelegramNetworkError: HTTP Client says - ClientConnectorError: Cannot connect to host api.telegram.org:443 ssl:default [Сетевая папка недоступна. За информацией о разрешении проблем в сети обратитесь к справочной системе Windows]
2026-07-28 20:32:32,468 [WARNING] aiogram.dispatcher: Sleep for 4.879316 seconds and try again... (tryings = 135, bot id = 8801853413)
2026-07-28 20:32:37,354 [ERROR] aiogram.dispatcher: Failed to fetch updates - TelegramNetworkError: HTTP Client says - ClientConnectorError: Cannot connect to host api.telegram.org:443 ssl:default [Сетевая папка недоступна. За информацией о разрешении проблем в сети обратитесь к справочной системе Windows]
2026-07-28 20:32:37,355 [WARNING] aiogram.dispatcher: Sleep for 5.055847 seconds and try again... (tryings = 136, bot id = 8801853413)
2026-07-28 20:32:42,423 [ERROR] aiogram.dispatcher: Failed to fetch updates - TelegramNetworkError: HTTP Client says - ClientConnectorError: Cannot connect to host api.telegram.org:443 ssl:default [Сетевая папка недоступна. За информацией о разрешении проблем в сети обратитесь к справочной системе Windows]
2026-07-28 20:32:42,424 [WARNING] aiogram.dispatcher: Sleep for 4.877856 seconds and try again... (tryings = 137, bot id = 8801853413)
2026-07-28 20:32:47,308 [ERROR] aiogram.dispatcher: Failed to fetch updates - TelegramNetworkError: HTTP Client says - ClientConnectorError: Cannot connect to host api.telegram.org:443 ssl:default [Сетевая папка недоступна. За информацией о разрешении проблем в сети обратитесь к справочной системе Windows]
2026-07-28 20:32:47,309 [WARNING] aiogram.dispatcher: Sleep for 5.061221 seconds and try again... (tryings = 138, bot id = 8801853413)
2026-07-28 20:33:06,881 [INFO] aiogram.dispatcher: Connection established (tryings = 139, bot id = 8801853413)
2026-07-28 20:33:17,075 [ERROR] aiogram.dispatcher: Failed to fetch updates - TelegramNetworkError: HTTP Client says - ClientOSError: [WinError 1236] Подключение к сети было разорвано локальной системой
2026-07-28 20:33:17,076 [WARNING] aiogram.dispatcher: Sleep for 1.000000 seconds and try again... (tryings = 0, bot id = 8801853413)
2026-07-28 20:33:34,375 [INFO] aiogram.dispatcher: Connection established (tryings = 1, bot id = 8801853413)
2026-07-28 20:34:17,417 [ERROR] aiogram.dispatcher: Failed to fetch updates - TelegramNetworkError: HTTP Client says - ClientOSError: [WinError 1236] Подключение к сети было разорвано локальной системой
2026-07-28 20:34:17,432 [WARNING] aiogram.dispatcher: Sleep for 1.000000 seconds and try again... (tryings = 0, bot id = 8801853413)
2026-07-28 20:34:18,456 [ERROR] aiogram.dispatcher: Failed to fetch updates - TelegramNetworkError: HTTP Client says - ClientConnectorError: Cannot connect to host api.telegram.org:443 ssl:default [Сетевая папка недоступна. За информацией о разрешении проблем в сети обратитесь к справочной системе Windows]
2026-07-28 20:34:18,457 [WARNING] aiogram.dispatcher: Sleep for 1.557378 seconds and try again... (tryings = 1, bot id = 8801853413)
2026-07-28 20:34:20,033 [ERROR] aiogram.dispatcher: Failed to fetch updates - TelegramNetworkError: HTTP Client says - ClientConnectorError: Cannot connect to host api.telegram.org:443 ssl:default [Сетевая папка недоступна. За информацией о разрешении проблем в сети обратитесь к справочной системе Windows]
2026-07-28 20:34:20,033 [WARNING] aiogram.dispatcher: Sleep for 2.044481 seconds and try again... (tryings = 2, bot id = 8801853413)
2026-07-28 20:34:22,084 [ERROR] aiogram.dispatcher: Failed to fetch updates - TelegramNetworkError: HTTP Client says - ClientConnectorError: Cannot connect to host api.telegram.org:443 ssl:default [Сетевая папка недоступна. За информацией о разрешении проблем в сети обратитесь к справочной системе Windows]
2026-07-28 20:34:22,085 [WARNING] aiogram.dispatcher: Sleep for 2.528219 seconds and try again... (tryings = 3, bot id = 8801853413)
2026-07-28 20:34:24,629 [ERROR] aiogram.dispatcher: Failed to fetch updates - TelegramNetworkError: HTTP Client says - ClientConnectorError: Cannot connect to host api.telegram.org:443 ssl:default [Сетевая папка недоступна. За информацией о разрешении проблем в сети обратитесь к справочной системе Windows]
2026-07-28 20:34:24,629 [WARNING] aiogram.dispatcher: Sleep for 3.391264 seconds and try again... (tryings = 4, bot id = 8801853413)
2026-07-28 20:34:49,098 [ERROR] aiogram.dispatcher: Failed to fetch updates - TelegramNetworkError: HTTP Client says - ClientConnectorError: Cannot connect to host api.telegram.org:443 ssl:default [Превышен таймаут семафора]
2026-07-28 20:34:49,099 [WARNING] aiogram.dispatcher: Sleep for 4.463105 seconds and try again... (tryings = 5, bot id = 8801853413)
2026-07-28 20:34:53,567 [ERROR] aiogram.dispatcher: Failed to fetch updates - TelegramNetworkError: HTTP Client says - ClientConnectorError: Cannot connect to host api.telegram.org:443 ssl:default [Сетевая папка недоступна. За информацией о разрешении проблем в сети обратитесь к справочной системе Windows]
2026-07-28 20:34:53,568 [WARNING] aiogram.dispatcher: Sleep for 5.008112 seconds and try again... (tryings = 6, bot id = 8801853413)
2026-07-28 20:34:58,588 [ERROR] aiogram.dispatcher: Failed to fetch updates - TelegramNetworkError: HTTP Client says - ClientConnectorError: Cannot connect to host api.telegram.org:443 ssl:default [Сетевая папка недоступна. За информацией о разрешении проблем в сети обратитесь к справочной системе Windows]
2026-07-28 20:34:58,589 [WARNING] aiogram.dispatcher: Sleep for 5.076775 seconds and try again... (tryings = 7, bot id = 8801853413)
2026-07-28 20:35:03,679 [ERROR] aiogram.dispatcher: Failed to fetch updates - TelegramNetworkError: HTTP Client says - ClientConnectorError: Cannot connect to host api.telegram.org:443 ssl:default [Сетевая папка недоступна. За информацией о разрешении проблем в сети обратитесь к справочной системе Windows]
2026-07-28 20:35:03,680 [WARNING] aiogram.dispatcher: Sleep for 4.946282 seconds and try again... (tryings = 8, bot id = 8801853413)
2026-07-28 20:35:08,634 [ERROR] aiogram.dispatcher: Failed to fetch updates - TelegramNetworkError: HTTP Client says - ClientConnectorError: Cannot connect to host api.telegram.org:443 ssl:default [Сетевая папка недоступна. За информацией о разрешении проблем в сети обратитесь к справочной системе Windows]
2026-07-28 20:35:08,634 [WARNING] aiogram.dispatcher: Sleep for 4.960230 seconds and try again... (tryings = 9, bot id = 8801853413)
2026-07-28 20:35:13,615 [ERROR] aiogram.dispatcher: Failed to fetch updates - TelegramNetworkError: HTTP Client says - ClientConnectorError: Cannot connect to host api.telegram.org:443 ssl:default [Сетевая папка недоступна. За информацией о разрешении проблем в сети обратитесь к справочной системе Windows]
2026-07-28 20:35:13,616 [WARNING] aiogram.dispatcher: Sleep for 5.096714 seconds and try again... (tryings = 10, bot id = 8801853413)
2026-07-28 20:35:18,726 [ERROR] aiogram.dispatcher: Failed to fetch updates - TelegramNetworkError: HTTP Client says - ClientConnectorError: Cannot connect to host api.telegram.org:443 ssl:default [Сетевая папка недоступна. За информацией о разрешении проблем в сети обратитесь к справочной системе Windows]
2026-07-28 20:35:18,727 [WARNING] aiogram.dispatcher: Sleep for 5.014767 seconds and try again... (tryings = 11, bot id = 8801853413)
2026-07-28 20:35:23,765 [ERROR] aiogram.dispatcher: Failed to fetch updates - TelegramNetworkError: HTTP Client says - ClientConnectorError: Cannot connect to host api.telegram.org:443 ssl:default [Сетевая папка недоступна. За информацией о разрешении проблем в сети обратитесь к справочной системе Windows]
2026-07-28 20:35:23,766 [WARNING] aiogram.dispatcher: Sleep for 4.777011 seconds and try again... (tryings = 12, bot id = 8801853413)
2026-07-28 20:35:28,554 [ERROR] aiogram.dispatcher: Failed to fetch updates - TelegramNetworkError: HTTP Client says - ClientConnectorError: Cannot connect to host api.telegram.org:443 ssl:default [Сетевая папка недоступна. За информацией о разрешении проблем в сети обратитесь к справочной системе Windows]
2026-07-28 20:35:28,554 [WARNING] aiogram.dispatcher: Sleep for 5.052197 seconds and try again... (tryings = 13, bot id = 8801853413)
2026-07-28 20:35:33,613 [ERROR] aiogram.dispatcher: Failed to fetch updates - TelegramNetworkError: HTTP Client says - ClientConnectorError: Cannot connect to host api.telegram.org:443 ssl:default [Сетевая папка недоступна. За информацией о разрешении проблем в сети обратитесь к справочной системе Windows]
2026-07-28 20:35:33,614 [WARNING] aiogram.dispatcher: Sleep for 4.867899 seconds and try again... (tryings = 14, bot id = 8801853413)
2026-07-28 20:35:38,503 [ERROR] aiogram.dispatcher: Failed to fetch updates - TelegramNetworkError: HTTP Client says - ClientConnectorError: Cannot connect to host api.telegram.org:443 ssl:default [Сетевая папка недоступна. За информацией о разрешении проблем в сети обратитесь к справочной системе Windows]
2026-07-28 20:35:38,504 [WARNING] aiogram.dispatcher: Sleep for 5.166456 seconds and try again... (tryings = 15, bot id = 8801853413)
2026-07-28 20:35:43,687 [ERROR] aiogram.dispatcher: Failed to fetch updates - TelegramNetworkError: HTTP Client says - ClientConnectorError: Cannot connect to host api.telegram.org:443 ssl:default [Сетевая папка недоступна. За информацией о разрешении проблем в сети обратитесь к справочной системе Windows]
2026-07-28 20:35:43,687 [WARNING] aiogram.dispatcher: Sleep for 4.806169 seconds and try again... (tryings = 16, bot id = 8801853413)
2026-07-28 20:35:48,509 [ERROR] aiogram.dispatcher: Failed to fetch updates - TelegramNetworkError: HTTP Client says - ClientConnectorError: Cannot connect to host api.telegram.org:443 ssl:default [Сетевая папка недоступна. За информацией о разрешении проблем в сети обратитесь к справочной системе Windows]
2026-07-28 20:35:48,510 [WARNING] aiogram.dispatcher: Sleep for 4.972719 seconds and try again... (tryings = 17, bot id = 8801853413)
2026-07-28 20:35:53,489 [ERROR] aiogram.dispatcher: Failed to fetch updates - TelegramNetworkError: HTTP Client says - ClientConnectorError: Cannot connect to host api.telegram.org:443 ssl:default [Сетевая папка недоступна. За информацией о разрешении проблем в сети обратитесь к справочной системе Windows]
2026-07-28 20:35:53,490 [WARNING] aiogram.dispatcher: Sleep for 5.050498 seconds and try again... (tryings = 18, bot id = 8801853413)
2026-07-28 20:35:58,558 [ERROR] aiogram.dispatcher: Failed to fetch updates - TelegramNetworkError: HTTP Client says - ClientConnectorError: Cannot connect to host api.telegram.org:443 ssl:default [Сетевая папка недоступна. За информацией о разрешении проблем в сети обратитесь к справочной системе Windows]
2026-07-28 20:35:58,559 [WARNING] aiogram.dispatcher: Sleep for 4.875131 seconds and try again... (tryings = 19, bot id = 8801853413)
2026-07-28 20:36:03,447 [ERROR] aiogram.dispatcher: Failed to fetch updates - TelegramNetworkError: HTTP Client says - ClientConnectorError: Cannot connect to host api.telegram.org:443 ssl:default [Сетевая папка недоступна. За информацией о разрешении проблем в сети обратитесь к справочной системе Windows]
2026-07-28 20:36:03,448 [WARNING] aiogram.dispatcher: Sleep for 5.010506 seconds and try again... (tryings = 20, bot id = 8801853413)
2026-07-28 20:36:08,468 [ERROR] aiogram.dispatcher: Failed to fetch updates - TelegramNetworkError: HTTP Client says - ClientConnectorError: Cannot connect to host api.telegram.org:443 ssl:default [Сетевая папка недоступна. За информацией о разрешении проблем в сети обратитесь к справочной системе Windows]
2026-07-28 20:36:08,469 [WARNING] aiogram.dispatcher: Sleep for 4.943144 seconds and try again... (tryings = 21, bot id = 8801853413)
2026-07-28 20:36:13,423 [ERROR] aiogram.dispatcher: Failed to fetch updates - TelegramNetworkError: HTTP Client says - ClientConnectorError: Cannot connect to host api.telegram.org:443 ssl:default [Сетевая папка недоступна. За информацией о разрешении проблем в сети обратитесь к справочной системе Windows]
2026-07-28 20:36:13,424 [WARNING] aiogram.dispatcher: Sleep for 4.821506 seconds and try again... (tryings = 22, bot id = 8801853413)
2026-07-28 20:36:18,271 [ERROR] aiogram.dispatcher: Failed to fetch updates - TelegramNetworkError: HTTP Client says - ClientConnectorError: Cannot connect to host api.telegram.org:443 ssl:default [Сетевая папка недоступна. За информацией о разрешении проблем в сети обратитесь к справочной системе Windows]
2026-07-28 20:36:18,272 [WARNING] aiogram.dispatcher: Sleep for 4.978826 seconds and try again... (tryings = 23, bot id = 8801853413)
2026-07-28 20:36:23,262 [ERROR] aiogram.dispatcher: Failed to fetch updates - TelegramNetworkError: HTTP Client says - ClientConnectorError: Cannot connect to host api.telegram.org:443 ssl:default [Сетевая папка недоступна. За информацией о разрешении проблем в сети обратитесь к справочной системе Windows]
2026-07-28 20:36:23,263 [WARNING] aiogram.dispatcher: Sleep for 5.114550 seconds and try again... (tryings = 24, bot id = 8801853413)
2026-07-28 20:36:28,399 [ERROR] aiogram.dispatcher: Failed to fetch updates - TelegramNetworkError: HTTP Client says - ClientConnectorError: Cannot connect to host api.telegram.org:443 ssl:default [Сетевая папка недоступна. За информацией о разрешении проблем в сети обратитесь к справочной системе Windows]
2026-07-28 20:36:28,400 [WARNING] aiogram.dispatcher: Sleep for 4.967629 seconds and try again... (tryings = 25, bot id = 8801853413)
2026-07-28 20:36:33,388 [ERROR] aiogram.dispatcher: Failed to fetch updates - TelegramNetworkError: HTTP Client says - ClientConnectorError: Cannot connect to host api.telegram.org:443 ssl:default [Сетевая папка недоступна. За информацией о разрешении проблем в сети обратитесь к справочной системе Windows]
2026-07-28 20:36:33,389 [WARNING] aiogram.dispatcher: Sleep for 4.931640 seconds and try again... (tryings = 26, bot id = 8801853413)
2026-07-28 20:36:38,335 [ERROR] aiogram.dispatcher: Failed to fetch updates - TelegramNetworkError: HTTP Client says - ClientConnectorError: Cannot connect to host api.telegram.org:443 ssl:default [Сетевая папка недоступна. За информацией о разрешении проблем в сети обратитесь к справочной системе Windows]
2026-07-28 20:36:38,335 [WARNING] aiogram.dispatcher: Sleep for 5.068749 seconds and try again... (tryings = 27, bot id = 8801853413)
2026-07-28 20:36:43,422 [ERROR] aiogram.dispatcher: Failed to fetch updates - TelegramNetworkError: HTTP Client says - ClientConnectorError: Cannot connect to host api.telegram.org:443 ssl:default [Сетевая папка недоступна. За информацией о разрешении проблем в сети обратитесь к справочной системе Windows]
2026-07-28 20:36:43,423 [WARNING] aiogram.dispatcher: Sleep for 5.002889 seconds and try again... (tryings = 28, bot id = 8801853413)
2026-07-28 20:36:48,438 [ERROR] aiogram.dispatcher: Failed to fetch updates - TelegramNetworkError: HTTP Client says - ClientConnectorError: Cannot connect to host api.telegram.org:443 ssl:default [Сетевая папка недоступна. За информацией о разрешении проблем в сети обратитесь к справочной системе Windows]
2026-07-28 20:36:48,439 [WARNING] aiogram.dispatcher: Sleep for 5.188909 seconds and try again... (tryings = 29, bot id = 8801853413)
2026-07-28 20:36:53,646 [ERROR] aiogram.dispatcher: Failed to fetch updates - TelegramNetworkError: HTTP Client says - ClientConnectorError: Cannot connect to host api.telegram.org:443 ssl:default [Сетевая папка недоступна. За информацией о разрешении проблем в сети обратитесь к справочной системе Windows]
2026-07-28 20:36:53,647 [WARNING] aiogram.dispatcher: Sleep for 4.906825 seconds and try again... (tryings = 30, bot id = 8801853413)
2026-07-28 20:37:37,392 [ERROR] aiogram.dispatcher: Failed to fetch updates - TelegramNetworkError: HTTP Client says - ClientOSError: [WinError 121] Превышен таймаут семафора
2026-07-28 20:37:37,393 [WARNING] aiogram.dispatcher: Sleep for 5.008020 seconds and try again... (tryings = 31, bot id = 8801853413)
2026-07-28 20:37:42,413 [ERROR] aiogram.dispatcher: Failed to fetch updates - TelegramNetworkError: HTTP Client says - ClientConnectorError: Cannot connect to host api.telegram.org:443 ssl:default [Сетевая папка недоступна. За информацией о разрешении проблем в сети обратитесь к справочной системе Windows]
2026-07-28 20:37:42,413 [WARNING] aiogram.dispatcher: Sleep for 4.910801 seconds and try again... (tryings = 32, bot id = 8801853413)
2026-07-28 20:37:47,337 [ERROR] aiogram.dispatcher: Failed to fetch updates - TelegramNetworkError: HTTP Client says - ClientConnectorError: Cannot connect to host api.telegram.org:443 ssl:default [Сетевая папка недоступна. За информацией о разрешении проблем в сети обратитесь к справочной системе Windows]
2026-07-28 20:37:47,338 [WARNING] aiogram.dispatcher: Sleep for 4.776209 seconds and try again... (tryings = 33, bot id = 8801853413)
2026-07-28 20:37:52,123 [ERROR] aiogram.dispatcher: Failed to fetch updates - TelegramNetworkError: HTTP Client says - ClientConnectorError: Cannot connect to host api.telegram.org:443 ssl:default [Сетевая папка недоступна. За информацией о разрешении проблем в сети обратитесь к справочной системе Windows]
2026-07-28 20:37:52,123 [WARNING] aiogram.dispatcher: Sleep for 4.943029 seconds and try again... (tryings = 34, bot id = 8801853413)
2026-07-28 20:37:57,077 [ERROR] aiogram.dispatcher: Failed to fetch updates - TelegramNetworkError: HTTP Client says - ClientConnectorError: Cannot connect to host api.telegram.org:443 ssl:default [Сетевая папка недоступна. За информацией о разрешении проблем в сети обратитесь к справочной системе Windows]
2026-07-28 20:37:57,078 [WARNING] aiogram.dispatcher: Sleep for 5.084612 seconds and try again... (tryings = 35, bot id = 8801853413)
2026-07-28 20:38:02,169 [ERROR] aiogram.dispatcher: Failed to fetch updates - TelegramNetworkError: HTTP Client says - ClientConnectorError: Cannot connect to host api.telegram.org:443 ssl:default [Сетевая папка недоступна. За информацией о разрешении проблем в сети обратитесь к справочной системе Windows]
2026-07-28 20:38:02,170 [WARNING] aiogram.dispatcher: Sleep for 4.896117 seconds and try again... (tryings = 36, bot id = 8801853413)
2026-07-28 20:38:07,078 [ERROR] aiogram.dispatcher: Failed to fetch updates - TelegramNetworkError: HTTP Client says - ClientConnectorError: Cannot connect to host api.telegram.org:443 ssl:default [Сетевая папка недоступна. За информацией о разрешении проблем в сети обратитесь к справочной системе Windows]
2026-07-28 20:38:07,079 [WARNING] aiogram.dispatcher: Sleep for 5.121046 seconds and try again... (tryings = 37, bot id = 8801853413)
2026-07-28 20:38:12,207 [ERROR] aiogram.dispatcher: Failed to fetch updates - TelegramNetworkError: HTTP Client says - ClientConnectorError: Cannot connect to host api.telegram.org:443 ssl:default [Сетевая папка недоступна. За информацией о разрешении проблем в сети обратитесь к справочной системе Windows]
2026-07-28 20:38:12,208 [WARNING] aiogram.dispatcher: Sleep for 4.853739 seconds and try again... (tryings = 38, bot id = 8801853413)
2026-07-28 20:38:17,081 [ERROR] aiogram.dispatcher: Failed to fetch updates - TelegramNetworkError: HTTP Client says - ClientConnectorError: Cannot connect to host api.telegram.org:443 ssl:default [Сетевая папка недоступна. За информацией о разрешении проблем в сети обратитесь к справочной системе Windows]
2026-07-28 20:38:17,081 [WARNING] aiogram.dispatcher: Sleep for 4.881771 seconds and try again... (tryings = 39, bot id = 8801853413)
2026-07-28 20:38:21,975 [ERROR] aiogram.dispatcher: Failed to fetch updates - TelegramNetworkError: HTTP Client says - ClientConnectorError: Cannot connect to host api.telegram.org:443 ssl:default [Сетевая папка недоступна. За информацией о разрешении проблем в сети обратитесь к справочной системе Windows]
2026-07-28 20:38:21,975 [WARNING] aiogram.dispatcher: Sleep for 5.011681 seconds and try again... (tryings = 40, bot id = 8801853413)
2026-07-28 20:38:26,994 [ERROR] aiogram.dispatcher: Failed to fetch updates - TelegramNetworkError: HTTP Client says - ClientConnectorError: Cannot connect to host api.telegram.org:443 ssl:default [Сетевая папка недоступна. За информацией о разрешении проблем в сети обратитесь к справочной системе Windows]
2026-07-28 20:38:26,994 [WARNING] aiogram.dispatcher: Sleep for 4.855024 seconds and try again... (tryings = 41, bot id = 8801853413)
2026-07-28 20:38:31,868 [ERROR] aiogram.dispatcher: Failed to fetch updates - TelegramNetworkError: HTTP Client says - ClientConnectorError: Cannot connect to host api.telegram.org:443 ssl:default [Сетевая папка недоступна. За информацией о разрешении проблем в сети обратитесь к справочной системе Windows]
2026-07-28 20:38:31,871 [WARNING] aiogram.dispatcher: Sleep for 4.805896 seconds and try again... (tryings = 42, bot id = 8801853413)
2026-07-28 20:38:36,688 [ERROR] aiogram.dispatcher: Failed to fetch updates - TelegramNetworkError: HTTP Client says - ClientConnectorError: Cannot connect to host api.telegram.org:443 ssl:default [Сетевая папка недоступна. За информацией о разрешении проблем в сети обратитесь к справочной системе Windows]
2026-07-28 20:38:36,688 [WARNING] aiogram.dispatcher: Sleep for 5.010990 seconds and try again... (tryings = 43, bot id = 8801853413)
2026-07-28 20:38:41,720 [ERROR] aiogram.dispatcher: Failed to fetch updates - TelegramNetworkError: HTTP Client says - ClientConnectorError: Cannot connect to host api.telegram.org:443 ssl:default [Сетевая папка недоступна. За информацией о разрешении проблем в сети обратитесь к справочной системе Windows]
2026-07-28 20:38:41,721 [WARNING] aiogram.dispatcher: Sleep for 4.839630 seconds and try again... (tryings = 44, bot id = 8801853413)
2026-07-28 20:38:46,568 [ERROR] aiogram.dispatcher: Failed to fetch updates - TelegramNetworkError: HTTP Client says - ClientConnectorError: Cannot connect to host api.telegram.org:443 ssl:default [Сетевая папка недоступна. За информацией о разрешении проблем в сети обратитесь к справочной системе Windows]
2026-07-28 20:38:46,569 [WARNING] aiogram.dispatcher: Sleep for 5.033656 seconds and try again... (tryings = 45, bot id = 8801853413)
2026-07-28 20:38:51,612 [ERROR] aiogram.dispatcher: Failed to fetch updates - TelegramNetworkError: HTTP Client says - ClientConnectorError: Cannot connect to host api.telegram.org:443 ssl:default [Сетевая папка недоступна. За информацией о разрешении проблем в сети обратитесь к справочной системе Windows]
2026-07-28 20:38:51,612 [WARNING] aiogram.dispatcher: Sleep for 5.101383 seconds and try again... (tryings = 46, bot id = 8801853413)
2026-07-28 20:38:56,730 [ERROR] aiogram.dispatcher: Failed to fetch updates - TelegramNetworkError: HTTP Client says - ClientConnectorError: Cannot connect to host api.telegram.org:443 ssl:default [Сетевая папка недоступна. За информацией о разрешении проблем в сети обратитесь к справочной системе Windows]
2026-07-28 20:38:56,730 [WARNING] aiogram.dispatcher: Sleep for 5.170345 seconds and try again... (tryings = 47, bot id = 8801853413)
2026-07-28 20:39:01,909 [ERROR] aiogram.dispatcher: Failed to fetch updates - TelegramNetworkError: HTTP Client says - ClientConnectorError: Cannot connect to host api.telegram.org:443 ssl:default [Сетевая папка недоступна. За информацией о разрешении проблем в сети обратитесь к справочной системе Windows]
2026-07-28 20:39:01,909 [WARNING] aiogram.dispatcher: Sleep for 4.955425 seconds and try again... (tryings = 48, bot id = 8801853413)
2026-07-28 20:39:06,878 [ERROR] aiogram.dispatcher: Failed to fetch updates - TelegramNetworkError: HTTP Client says - ClientConnectorError: Cannot connect to host api.telegram.org:443 ssl:default [Сетевая папка недоступна. За информацией о разрешении проблем в сети обратитесь к справочной системе Windows]
2026-07-28 20:39:06,878 [WARNING] aiogram.dispatcher: Sleep for 4.797960 seconds and try again... (tryings = 49, bot id = 8801853413)
2026-07-28 20:39:11,691 [ERROR] aiogram.dispatcher: Failed to fetch updates - TelegramNetworkError: HTTP Client says - ClientConnectorError: Cannot connect to host api.telegram.org:443 ssl:default [Сетевая папка недоступна. За информацией о разрешении проблем в сети обратитесь к справочной системе Windows]
2026-07-28 20:39:11,692 [WARNING] aiogram.dispatcher: Sleep for 5.044815 seconds and try again... (tryings = 50, bot id = 8801853413)
2026-07-28 20:39:16,754 [ERROR] aiogram.dispatcher: Failed to fetch updates - TelegramNetworkError: HTTP Client says - ClientConnectorError: Cannot connect to host api.telegram.org:443 ssl:default [Сетевая папка недоступна. За информацией о разрешении проблем в сети обратитесь к справочной системе Windows]
2026-07-28 20:39:16,755 [WARNING] aiogram.dispatcher: Sleep for 4.920571 seconds and try again... (tryings = 51, bot id = 8801853413)
2026-07-28 20:39:21,696 [ERROR] aiogram.dispatcher: Failed to fetch updates - TelegramNetworkError: HTTP Client says - ClientConnectorError: Cannot connect to host api.telegram.org:443 ssl:default [Сетевая папка недоступна. За информацией о разрешении проблем в сети обратитесь к справочной системе Windows]
2026-07-28 20:39:21,697 [WARNING] aiogram.dispatcher: Sleep for 5.087468 seconds and try again... (tryings = 52, bot id = 8801853413)
2026-07-28 20:39:26,792 [ERROR] aiogram.dispatcher: Failed to fetch updates - TelegramNetworkError: HTTP Client says - ClientConnectorError: Cannot connect to host api.telegram.org:443 ssl:default [Сетевая папка недоступна. За информацией о разрешении проблем в сети обратитесь к справочной системе Windows]
2026-07-28 20:39:26,792 [WARNING] aiogram.dispatcher: Sleep for 5.058296 seconds and try again... (tryings = 53, bot id = 8801853413)
2026-07-28 20:39:31,868 [ERROR] aiogram.dispatcher: Failed to fetch updates - TelegramNetworkError: HTTP Client says - ClientConnectorError: Cannot connect to host api.telegram.org:443 ssl:default [Сетевая папка недоступна. За информацией о разрешении проблем в сети обратитесь к справочной системе Windows]
2026-07-28 20:39:31,871 [WARNING] aiogram.dispatcher: Sleep for 4.935795 seconds and try again... (tryings = 54, bot id = 8801853413)
2026-07-28 20:39:36,813 [ERROR] aiogram.dispatcher: Failed to fetch updates - TelegramNetworkError: HTTP Client says - ClientConnectorError: Cannot connect to host api.telegram.org:443 ssl:default [Сетевая папка недоступна. За информацией о разрешении проблем в сети обратитесь к справочной системе Windows]
2026-07-28 20:39:36,814 [WARNING] aiogram.dispatcher: Sleep for 4.842647 seconds and try again... (tryings = 55, bot id = 8801853413)
2026-07-28 20:39:41,662 [ERROR] aiogram.dispatcher: Failed to fetch updates - TelegramNetworkError: HTTP Client says - ClientConnectorError: Cannot connect to host api.telegram.org:443 ssl:default [Сетевая папка недоступна. За информацией о разрешении проблем в сети обратитесь к справочной системе Windows]
2026-07-28 20:39:41,663 [WARNING] aiogram.dispatcher: Sleep for 4.807691 seconds and try again... (tryings = 56, bot id = 8801853413)
2026-07-28 20:39:46,479 [ERROR] aiogram.dispatcher: Failed to fetch updates - TelegramNetworkError: HTTP Client says - ClientConnectorError: Cannot connect to host api.telegram.org:443 ssl:default [Сетевая папка недоступна. За информацией о разрешении проблем в сети обратитесь к справочной системе Windows]
2026-07-28 20:39:46,480 [WARNING] aiogram.dispatcher: Sleep for 5.045335 seconds and try again... (tryings = 57, bot id = 8801853413)
2026-07-28 20:39:51,531 [ERROR] aiogram.dispatcher: Failed to fetch updates - TelegramNetworkError: HTTP Client says - ClientConnectorError: Cannot connect to host api.telegram.org:443 ssl:default [Сетевая папка недоступна. За информацией о разрешении проблем в сети обратитесь к справочной системе Windows]
2026-07-28 20:39:51,531 [WARNING] aiogram.dispatcher: Sleep for 5.147963 seconds and try again... (tryings = 58, bot id = 8801853413)
2026-07-28 20:39:56,695 [ERROR] aiogram.dispatcher: Failed to fetch updates - TelegramNetworkError: HTTP Client says - ClientConnectorError: Cannot connect to host api.telegram.org:443 ssl:default [Сетевая папка недоступна. За информацией о разрешении проблем в сети обратитесь к справочной системе Windows]
2026-07-28 20:39:56,696 [WARNING] aiogram.dispatcher: Sleep for 4.966511 seconds and try again... (tryings = 59, bot id = 8801853413)
2026-07-28 20:40:01,683 [ERROR] aiogram.dispatcher: Failed to fetch updates - TelegramNetworkError: HTTP Client says - ClientConnectorError: Cannot connect to host api.telegram.org:443 ssl:default [Сетевая папка недоступна. За информацией о разрешении проблем в сети обратитесь к справочной системе Windows]
2026-07-28 20:40:01,683 [WARNING] aiogram.dispatcher: Sleep for 4.920642 seconds and try again... (tryings = 60, bot id = 8801853413)
2026-07-28 20:40:06,623 [ERROR] aiogram.dispatcher: Failed to fetch updates - TelegramNetworkError: HTTP Client says - ClientConnectorError: Cannot connect to host api.telegram.org:443 ssl:default [Сетевая папка недоступна. За информацией о разрешении проблем в сети обратитесь к справочной системе Windows]
2026-07-28 20:40:06,624 [WARNING] aiogram.dispatcher: Sleep for 4.943022 seconds and try again... (tryings = 61, bot id = 8801853413)
2026-07-28 20:40:11,586 [ERROR] aiogram.dispatcher: Failed to fetch updates - TelegramNetworkError: HTTP Client says - ClientConnectorError: Cannot connect to host api.telegram.org:443 ssl:default [Сетевая папка недоступна. За информацией о разрешении проблем в сети обратитесь к справочной системе Windows]
2026-07-28 20:40:11,587 [WARNING] aiogram.dispatcher: Sleep for 5.072864 seconds and try again... (tryings = 62, bot id = 8801853413)
2026-07-28 20:40:16,675 [ERROR] aiogram.dispatcher: Failed to fetch updates - TelegramNetworkError: HTTP Client says - ClientConnectorError: Cannot connect to host api.telegram.org:443 ssl:default [Сетевая папка недоступна. За информацией о разрешении проблем в сети обратитесь к справочной системе Windows]
2026-07-28 20:40:16,675 [WARNING] aiogram.dispatcher: Sleep for 5.007014 seconds and try again... (tryings = 63, bot id = 8801853413)
2026-07-28 20:40:21,695 [ERROR] aiogram.dispatcher: Failed to fetch updates - TelegramNetworkError: HTTP Client says - ClientConnectorError: Cannot connect to host api.telegram.org:443 ssl:default [Сетевая папка недоступна. За информацией о разрешении проблем в сети обратитесь к справочной системе Windows]
2026-07-28 20:40:21,695 [WARNING] aiogram.dispatcher: Sleep for 4.956771 seconds and try again... (tryings = 64, bot id = 8801853413)
2026-07-28 20:40:26,665 [ERROR] aiogram.dispatcher: Failed to fetch updates - TelegramNetworkError: HTTP Client says - ClientConnectorError: Cannot connect to host api.telegram.org:443 ssl:default [Сетевая папка недоступна. За информацией о разрешении проблем в сети обратитесь к справочной системе Windows]
2026-07-28 20:40:26,665 [WARNING] aiogram.dispatcher: Sleep for 4.990907 seconds and try again... (tryings = 65, bot id = 8801853413)
2026-07-28 20:40:31,666 [ERROR] aiogram.dispatcher: Failed to fetch updates - TelegramNetworkError: HTTP Client says - ClientConnectorError: Cannot connect to host api.telegram.org:443 ssl:default [Сетевая папка недоступна. За информацией о разрешении проблем в сети обратитесь к справочной системе Windows]
2026-07-28 20:40:31,667 [WARNING] aiogram.dispatcher: Sleep for 5.025557 seconds and try again... (tryings = 66, bot id = 8801853413)
2026-07-28 20:40:36,711 [ERROR] aiogram.dispatcher: Failed to fetch updates - TelegramNetworkError: HTTP Client says - ClientConnectorError: Cannot connect to host api.telegram.org:443 ssl:default [Сетевая папка недоступна. За информацией о разрешении проблем в сети обратитесь к справочной системе Windows]
2026-07-28 20:40:36,711 [WARNING] aiogram.dispatcher: Sleep for 4.782449 seconds and try again... (tryings = 67, bot id = 8801853413)
2026-07-28 20:40:41,506 [ERROR] aiogram.dispatcher: Failed to fetch updates - TelegramNetworkError: HTTP Client says - ClientConnectorError: Cannot connect to host api.telegram.org:443 ssl:default [Сетевая папка недоступна. За информацией о разрешении проблем в сети обратитесь к справочной системе Windows]
2026-07-28 20:40:41,506 [WARNING] aiogram.dispatcher: Sleep for 4.865964 seconds and try again... (tryings = 68, bot id = 8801853413)
2026-07-28 20:40:46,391 [ERROR] aiogram.dispatcher: Failed to fetch updates - TelegramNetworkError: HTTP Client says - ClientConnectorError: Cannot connect to host api.telegram.org:443 ssl:default [Сетевая папка недоступна. За информацией о разрешении проблем в сети обратитесь к справочной системе Windows]
2026-07-28 20:40:46,391 [WARNING] aiogram.dispatcher: Sleep for 4.914640 seconds and try again... (tryings = 69, bot id = 8801853413)
2026-07-28 20:40:51,316 [ERROR] aiogram.dispatcher: Failed to fetch updates - TelegramNetworkError: HTTP Client says - ClientConnectorError: Cannot connect to host api.telegram.org:443 ssl:default [Сетевая папка недоступна. За информацией о разрешении проблем в сети обратитесь к справочной системе Windows]
2026-07-28 20:40:51,317 [WARNING] aiogram.dispatcher: Sleep for 4.935660 seconds and try again... (tryings = 70, bot id = 8801853413)
2026-07-28 20:40:56,272 [ERROR] aiogram.dispatcher: Failed to fetch updates - TelegramNetworkError: HTTP Client says - ClientConnectorError: Cannot connect to host api.telegram.org:443 ssl:default [Сетевая папка недоступна. За информацией о разрешении проблем в сети обратитесь к справочной системе Windows]
2026-07-28 20:40:56,272 [WARNING] aiogram.dispatcher: Sleep for 4.975024 seconds and try again... (tryings = 71, bot id = 8801853413)
2026-07-28 20:41:01,258 [ERROR] aiogram.dispatcher: Failed to fetch updates - TelegramNetworkError: HTTP Client says - ClientConnectorError: Cannot connect to host api.telegram.org:443 ssl:default [Сетевая папка недоступна. За информацией о разрешении проблем в сети обратитесь к справочной системе Windows]
2026-07-28 20:41:01,259 [WARNING] aiogram.dispatcher: Sleep for 5.083194 seconds and try again... (tryings = 72, bot id = 8801853413)
2026-07-28 20:41:06,359 [ERROR] aiogram.dispatcher: Failed to fetch updates - TelegramNetworkError: HTTP Client says - ClientConnectorError: Cannot connect to host api.telegram.org:443 ssl:default [Сетевая папка недоступна. За информацией о разрешении проблем в сети обратитесь к справочной системе Windows]
2026-07-28 20:41:06,359 [WARNING] aiogram.dispatcher: Sleep for 5.092590 seconds and try again... (tryings = 73, bot id = 8801853413)
2026-07-28 20:41:11,461 [ERROR] aiogram.dispatcher: Failed to fetch updates - TelegramNetworkError: HTTP Client says - ClientConnectorError: Cannot connect to host api.telegram.org:443 ssl:default [Сетевая папка недоступна. За информацией о разрешении проблем в сети обратитесь к справочной системе Windows]
2026-07-28 20:41:11,461 [WARNING] aiogram.dispatcher: Sleep for 5.222987 seconds and try again... (tryings = 74, bot id = 8801853413)
2026-07-28 20:41:16,696 [ERROR] aiogram.dispatcher: Failed to fetch updates - TelegramNetworkError: HTTP Client says - ClientConnectorError: Cannot connect to host api.telegram.org:443 ssl:default [Сетевая папка недоступна. За информацией о разрешении проблем в сети обратитесь к справочной системе Windows]
2026-07-28 20:41:16,697 [WARNING] aiogram.dispatcher: Sleep for 5.130847 seconds and try again... (tryings = 75, bot id = 8801853413)
2026-07-28 20:41:21,845 [ERROR] aiogram.dispatcher: Failed to fetch updates - TelegramNetworkError: HTTP Client says - ClientConnectorError: Cannot connect to host api.telegram.org:443 ssl:default [Сетевая папка недоступна. За информацией о разрешении проблем в сети обратитесь к справочной системе Windows]
2026-07-28 20:41:21,846 [WARNING] aiogram.dispatcher: Sleep for 5.069210 seconds and try again... (tryings = 76, bot id = 8801853413)
2026-07-28 20:41:26,928 [ERROR] aiogram.dispatcher: Failed to fetch updates - TelegramNetworkError: HTTP Client says - ClientConnectorError: Cannot connect to host api.telegram.org:443 ssl:default [Сетевая папка недоступна. За информацией о разрешении проблем в сети обратитесь к справочной системе Windows]
2026-07-28 20:41:26,929 [WARNING] aiogram.dispatcher: Sleep for 4.844001 seconds and try again... (tryings = 77, bot id = 8801853413)
2026-07-28 20:41:31,789 [ERROR] aiogram.dispatcher: Failed to fetch updates - TelegramNetworkError: HTTP Client says - ClientConnectorError: Cannot connect to host api.telegram.org:443 ssl:default [Сетевая папка недоступна. За информацией о разрешении проблем в сети обратитесь к справочной системе Windows]
2026-07-28 20:41:31,790 [WARNING] aiogram.dispatcher: Sleep for 5.054112 seconds and try again... (tryings = 78, bot id = 8801853413)
2026-07-28 20:41:36,859 [ERROR] aiogram.dispatcher: Failed to fetch updates - TelegramNetworkError: HTTP Client says - ClientConnectorError: Cannot connect to host api.telegram.org:443 ssl:default [Сетевая папка недоступна. За информацией о разрешении проблем в сети обратитесь к справочной системе Windows]
2026-07-28 20:41:36,859 [WARNING] aiogram.dispatcher: Sleep for 5.098959 seconds and try again... (tryings = 79, bot id = 8801853413)
2026-07-28 20:41:41,977 [ERROR] aiogram.dispatcher: Failed to fetch updates - TelegramNetworkError: HTTP Client says - ClientConnectorError: Cannot connect to host api.telegram.org:443 ssl:default [Сетевая папка недоступна. За информацией о разрешении проблем в сети обратитесь к справочной системе Windows]
2026-07-28 20:41:41,978 [WARNING] aiogram.dispatcher: Sleep for 5.104116 seconds and try again... (tryings = 80, bot id = 8801853413)
2026-07-28 20:41:47,095 [ERROR] aiogram.dispatcher: Failed to fetch updates - TelegramNetworkError: HTTP Client says - ClientConnectorError: Cannot connect to host api.telegram.org:443 ssl:default [Сетевая папка недоступна. За информацией о разрешении проблем в сети обратитесь к справочной системе Windows]
2026-07-28 20:41:47,096 [WARNING] aiogram.dispatcher: Sleep for 4.756465 seconds and try again... (tryings = 81, bot id = 8801853413)
2026-07-28 20:41:51,858 [ERROR] aiogram.dispatcher: Failed to fetch updates - TelegramNetworkError: HTTP Client says - ClientConnectorError: Cannot connect to host api.telegram.org:443 ssl:default [Сетевая папка недоступна. За информацией о разрешении проблем в сети обратитесь к справочной системе Windows]
2026-07-28 20:41:51,858 [WARNING] aiogram.dispatcher: Sleep for 4.891058 seconds and try again... (tryings = 82, bot id = 8801853413)
2026-07-28 20:41:56,768 [ERROR] aiogram.dispatcher: Failed to fetch updates - TelegramNetworkError: HTTP Client says - ClientConnectorError: Cannot connect to host api.telegram.org:443 ssl:default [Сетевая папка недоступна. За информацией о разрешении проблем в сети обратитесь к справочной системе Windows]
2026-07-28 20:41:56,768 [WARNING] aiogram.dispatcher: Sleep for 4.881907 seconds and try again... (tryings = 83, bot id = 8801853413)
2026-07-28 20:42:01,658 [ERROR] aiogram.dispatcher: Failed to fetch updates - TelegramNetworkError: HTTP Client says - ClientConnectorError: Cannot connect to host api.telegram.org:443 ssl:default [Сетевая папка недоступна. За информацией о разрешении проблем в сети обратитесь к справочной системе Windows]
2026-07-28 20:42:01,658 [WARNING] aiogram.dispatcher: Sleep for 5.226733 seconds and try again... (tryings = 84, bot id = 8801853413)
2026-07-28 20:42:06,906 [ERROR] aiogram.dispatcher: Failed to fetch updates - TelegramNetworkError: HTTP Client says - ClientConnectorError: Cannot connect to host api.telegram.org:443 ssl:default [Сетевая папка недоступна. За информацией о разрешении проблем в сети обратитесь к справочной системе Windows]
2026-07-28 20:42:06,907 [WARNING] aiogram.dispatcher: Sleep for 5.117627 seconds and try again... (tryings = 85, bot id = 8801853413)
2026-07-28 20:42:12,038 [ERROR] aiogram.dispatcher: Failed to fetch updates - TelegramNetworkError: HTTP Client says - ClientConnectorError: Cannot connect to host api.telegram.org:443 ssl:default [Сетевая папка недоступна. За информацией о разрешении проблем в сети обратитесь к справочной системе Windows]
2026-07-28 20:42:12,039 [WARNING] aiogram.dispatcher: Sleep for 4.803035 seconds and try again... (tryings = 86, bot id = 8801853413)
2026-07-28 20:42:16,861 [ERROR] aiogram.dispatcher: Failed to fetch updates - TelegramNetworkError: HTTP Client says - ClientConnectorError: Cannot connect to host api.telegram.org:443 ssl:default [Сетевая папка недоступна. За информацией о разрешении проблем в сети обратитесь к справочной системе Windows]
2026-07-28 20:42:16,861 [WARNING] aiogram.dispatcher: Sleep for 4.987611 seconds and try again... (tryings = 87, bot id = 8801853413)
2026-07-28 20:42:21,861 [ERROR] aiogram.dispatcher: Failed to fetch updates - TelegramNetworkError: HTTP Client says - ClientConnectorError: Cannot connect to host api.telegram.org:443 ssl:default [Сетевая папка недоступна. За информацией о разрешении проблем в сети обратитесь к справочной системе Windows]
2026-07-28 20:42:21,862 [WARNING] aiogram.dispatcher: Sleep for 5.087728 seconds and try again... (tryings = 88, bot id = 8801853413)
2026-07-28 20:42:26,963 [ERROR] aiogram.dispatcher: Failed to fetch updates - TelegramNetworkError: HTTP Client says - ClientConnectorError: Cannot connect to host api.telegram.org:443 ssl:default [Сетевая папка недоступна. За информацией о разрешении проблем в сети обратитесь к справочной системе Windows]
2026-07-28 20:42:26,963 [WARNING] aiogram.dispatcher: Sleep for 5.009670 seconds and try again... (tryings = 89, bot id = 8801853413)
2026-07-28 20:43:42,925 [ERROR] aiogram.dispatcher: Failed to fetch updates - TelegramNetworkError: HTTP Client says - Request timeout error
2026-07-28 20:43:42,925 [WARNING] aiogram.dispatcher: Sleep for 4.974059 seconds and try again... (tryings = 90, bot id = 8801853413)
2026-07-28 20:43:47,911 [ERROR] aiogram.dispatcher: Failed to fetch updates - TelegramNetworkError: HTTP Client says - ClientConnectorError: Cannot connect to host api.telegram.org:443 ssl:default [Сетевая папка недоступна. За информацией о разрешении проблем в сети обратитесь к справочной системе Windows]
2026-07-28 20:43:47,911 [WARNING] aiogram.dispatcher: Sleep for 5.030323 seconds and try again... (tryings = 91, bot id = 8801853413)
2026-07-28 20:43:52,950 [ERROR] aiogram.dispatcher: Failed to fetch updates - TelegramNetworkError: HTTP Client says - ClientConnectorError: Cannot connect to host api.telegram.org:443 ssl:default [Сетевая папка недоступна. За информацией о разрешении проблем в сети обратитесь к справочной системе Windows]
2026-07-28 20:43:52,951 [WARNING] aiogram.dispatcher: Sleep for 5.025298 seconds and try again... (tryings = 92, bot id = 8801853413)
2026-07-28 20:43:57,986 [ERROR] aiogram.dispatcher: Failed to fetch updates - TelegramNetworkError: HTTP Client says - ClientConnectorError: Cannot connect to host api.telegram.org:443 ssl:default [Сетевая папка недоступна. За информацией о разрешении проблем в сети обратитесь к справочной системе Windows]
2026-07-28 20:43:57,988 [WARNING] aiogram.dispatcher: Sleep for 5.181417 seconds and try again... (tryings = 93, bot id = 8801853413)
2026-07-28 20:44:03,190 [ERROR] aiogram.dispatcher: Failed to fetch updates - TelegramNetworkError: HTTP Client says - ClientConnectorError: Cannot connect to host api.telegram.org:443 ssl:default [Сетевая папка недоступна. За информацией о разрешении проблем в сети обратитесь к справочной системе Windows]
2026-07-28 20:44:03,191 [WARNING] aiogram.dispatcher: Sleep for 4.896711 seconds and try again... (tryings = 94, bot id = 8801853413)
2026-07-28 20:45:18,920 [ERROR] aiogram.dispatcher: Failed to fetch updates - TelegramNetworkError: HTTP Client says - Request timeout error
2026-07-28 20:45:18,920 [WARNING] aiogram.dispatcher: Sleep for 5.081976 seconds and try again... (tryings = 95, bot id = 8801853413)
2026-07-28 20:45:24,018 [ERROR] aiogram.dispatcher: Failed to fetch updates - TelegramNetworkError: HTTP Client says - ClientConnectorError: Cannot connect to host api.telegram.org:443 ssl:default [Сетевая папка недоступна. За информацией о разрешении проблем в сети обратитесь к справочной системе Windows]
2026-07-28 20:45:24,018 [WARNING] aiogram.dispatcher: Sleep for 4.965773 seconds and try again... (tryings = 96, bot id = 8801853413)
2026-07-28 20:45:28,997 [ERROR] aiogram.dispatcher: Failed to fetch updates - TelegramNetworkError: HTTP Client says - ClientConnectorError: Cannot connect to host api.telegram.org:443 ssl:default [Сетевая папка недоступна. За информацией о разрешении проблем в сети обратитесь к справочной системе Windows]
2026-07-28 20:45:28,998 [WARNING] aiogram.dispatcher: Sleep for 4.981391 seconds and try again... (tryings = 97, bot id = 8801853413)
2026-07-28 20:45:33,986 [ERROR] aiogram.dispatcher: Failed to fetch updates - TelegramNetworkError: HTTP Client says - ClientConnectorError: Cannot connect to host api.telegram.org:443 ssl:default [Сетевая папка недоступна. За информацией о разрешении проблем в сети обратитесь к справочной системе Windows]
2026-07-28 20:45:33,987 [WARNING] aiogram.dispatcher: Sleep for 4.979858 seconds and try again... (tryings = 98, bot id = 8801853413)
2026-07-28 20:45:38,974 [ERROR] aiogram.dispatcher: Failed to fetch updates - TelegramNetworkError: HTTP Client says - ClientConnectorError: Cannot connect to host api.telegram.org:443 ssl:default [Сетевая папка недоступна. За информацией о разрешении проблем в сети обратитесь к справочной системе Windows]
2026-07-28 20:45:38,975 [WARNING] aiogram.dispatcher: Sleep for 5.167228 seconds and try again... (tryings = 99, bot id = 8801853413)
2026-07-28 20:45:44,156 [ERROR] aiogram.dispatcher: Failed to fetch updates - TelegramNetworkError: HTTP Client says - ClientConnectorError: Cannot connect to host api.telegram.org:443 ssl:default [Сетевая папка недоступна. За информацией о разрешении проблем в сети обратитесь к справочной системе Windows]
2026-07-28 20:45:44,156 [WARNING] aiogram.dispatcher: Sleep for 4.970502 seconds and try again... (tryings = 100, bot id = 8801853413)
2026-07-28 20:45:49,142 [ERROR] aiogram.dispatcher: Failed to fetch updates - TelegramNetworkError: HTTP Client says - ClientConnectorError: Cannot connect to host api.telegram.org:443 ssl:default [Сетевая папка недоступна. За информацией о разрешении проблем в сети обратитесь к справочной системе Windows]
2026-07-28 20:45:49,143 [WARNING] aiogram.dispatcher: Sleep for 4.895553 seconds and try again... (tryings = 101, bot id = 8801853413)
2026-07-28 20:45:54,058 [ERROR] aiogram.dispatcher: Failed to fetch updates - TelegramNetworkError: HTTP Client says - ClientConnectorError: Cannot connect to host api.telegram.org:443 ssl:default [Сетевая папка недоступна. За информацией о разрешении проблем в сети обратитесь к справочной системе Windows]
2026-07-28 20:45:54,059 [WARNING] aiogram.dispatcher: Sleep for 5.000400 seconds and try again... (tryings = 102, bot id = 8801853413)
2026-07-28 20:45:59,078 [ERROR] aiogram.dispatcher: Failed to fetch updates - TelegramNetworkError: HTTP Client says - ClientConnectorError: Cannot connect to host api.telegram.org:443 ssl:default [Сетевая папка недоступна. За информацией о разрешении проблем в сети обратитесь к справочной системе Windows]
2026-07-28 20:45:59,078 [WARNING] aiogram.dispatcher: Sleep for 4.888787 seconds and try again... (tryings = 103, bot id = 8801853413)
2026-07-28 20:46:03,982 [ERROR] aiogram.dispatcher: Failed to fetch updates - TelegramNetworkError: HTTP Client says - ClientConnectorError: Cannot connect to host api.telegram.org:443 ssl:default [Сетевая папка недоступна. За информацией о разрешении проблем в сети обратитесь к справочной системе Windows]
2026-07-28 20:46:03,983 [WARNING] aiogram.dispatcher: Sleep for 4.980828 seconds and try again... (tryings = 104, bot id = 8801853413)
2026-07-28 20:46:08,985 [ERROR] aiogram.dispatcher: Failed to fetch updates - TelegramNetworkError: HTTP Client says - ClientConnectorError: Cannot connect to host api.telegram.org:443 ssl:default [Сетевая папка недоступна. За информацией о разрешении проблем в сети обратитесь к справочной системе Windows]
2026-07-28 20:46:08,985 [WARNING] aiogram.dispatcher: Sleep for 5.015698 seconds and try again... (tryings = 105, bot id = 8801853413)
2026-07-28 20:46:14,008 [ERROR] aiogram.dispatcher: Failed to fetch updates - TelegramNetworkError: HTTP Client says - ClientConnectorError: Cannot connect to host api.telegram.org:443 ssl:default [Сетевая папка недоступна. За информацией о разрешении проблем в сети обратитесь к справочной системе Windows]
2026-07-28 20:46:14,009 [WARNING] aiogram.dispatcher: Sleep for 5.072873 seconds and try again... (tryings = 106, bot id = 8801853413)
2026-07-28 20:46:19,091 [ERROR] aiogram.dispatcher: Failed to fetch updates - TelegramNetworkError: HTTP Client says - ClientConnectorError: Cannot connect to host api.telegram.org:443 ssl:default [Сетевая папка недоступна. За информацией о разрешении проблем в сети обратитесь к справочной системе Windows]
2026-07-28 20:46:19,091 [WARNING] aiogram.dispatcher: Sleep for 5.049507 seconds and try again... (tryings = 107, bot id = 8801853413)
2026-07-28 20:46:24,164 [ERROR] aiogram.dispatcher: Failed to fetch updates - TelegramNetworkError: HTTP Client says - ClientConnectorError: Cannot connect to host api.telegram.org:443 ssl:default [Сетевая папка недоступна. За информацией о разрешении проблем в сети обратитесь к справочной системе Windows]
2026-07-28 20:46:24,164 [WARNING] aiogram.dispatcher: Sleep for 4.875712 seconds and try again... (tryings = 108, bot id = 8801853413)
2026-07-28 20:46:29,057 [ERROR] aiogram.dispatcher: Failed to fetch updates - TelegramNetworkError: HTTP Client says - ClientConnectorError: Cannot connect to host api.telegram.org:443 ssl:default [Сетевая папка недоступна. За информацией о разрешении проблем в сети обратитесь к справочной системе Windows]
2026-07-28 20:46:29,058 [WARNING] aiogram.dispatcher: Sleep for 5.134124 seconds and try again... (tryings = 109, bot id = 8801853413)
2026-07-28 20:46:34,200 [ERROR] aiogram.dispatcher: Failed to fetch updates - TelegramNetworkError: HTTP Client says - ClientConnectorError: Cannot connect to host api.telegram.org:443 ssl:default [Сетевая папка недоступна. За информацией о разрешении проблем в сети обратитесь к справочной системе Windows]
2026-07-28 20:46:34,201 [WARNING] aiogram.dispatcher: Sleep for 4.899641 seconds and try again... (tryings = 110, bot id = 8801853413)
2026-07-28 20:46:39,108 [ERROR] aiogram.dispatcher: Failed to fetch updates - TelegramNetworkError: HTTP Client says - ClientConnectorError: Cannot connect to host api.telegram.org:443 ssl:default [Сетевая папка недоступна. За информацией о разрешении проблем в сети обратитесь к справочной системе Windows]
2026-07-28 20:46:39,109 [WARNING] aiogram.dispatcher: Sleep for 5.036777 seconds and try again... (tryings = 111, bot id = 8801853413)
2026-07-28 20:46:44,162 [ERROR] aiogram.dispatcher: Failed to fetch updates - TelegramNetworkError: HTTP Client says - ClientConnectorError: Cannot connect to host api.telegram.org:443 ssl:default [Сетевая папка недоступна. За информацией о разрешении проблем в сети обратитесь к справочной системе Windows]
2026-07-28 20:46:44,163 [WARNING] aiogram.dispatcher: Sleep for 5.056595 seconds and try again... (tryings = 112, bot id = 8801853413)
2026-07-28 20:46:49,230 [ERROR] aiogram.dispatcher: Failed to fetch updates - TelegramNetworkError: HTTP Client says - ClientConnectorError: Cannot connect to host api.telegram.org:443 ssl:default [Сетевая папка недоступна. За информацией о разрешении проблем в сети обратитесь к справочной системе Windows]
2026-07-28 20:46:49,231 [WARNING] aiogram.dispatcher: Sleep for 5.102263 seconds and try again... (tryings = 113, bot id = 8801853413)
2026-07-28 20:46:54,348 [ERROR] aiogram.dispatcher: Failed to fetch updates - TelegramNetworkError: HTTP Client says - ClientConnectorError: Cannot connect to host api.telegram.org:443 ssl:default [Сетевая папка недоступна. За информацией о разрешении проблем в сети обратитесь к справочной системе Windows]
2026-07-28 20:46:54,348 [WARNING] aiogram.dispatcher: Sleep for 4.958741 seconds and try again... (tryings = 114, bot id = 8801853413)
2026-07-28 20:46:59,316 [ERROR] aiogram.dispatcher: Failed to fetch updates - TelegramNetworkError: HTTP Client says - ClientConnectorError: Cannot connect to host api.telegram.org:443 ssl:default [Сетевая папка недоступна. За информацией о разрешении проблем в сети обратитесь к справочной системе Windows]
2026-07-28 20:46:59,317 [WARNING] aiogram.dispatcher: Sleep for 4.925295 seconds and try again... (tryings = 115, bot id = 8801853413)
2026-07-28 20:47:04,263 [ERROR] aiogram.dispatcher: Failed to fetch updates - TelegramNetworkError: HTTP Client says - ClientConnectorError: Cannot connect to host api.telegram.org:443 ssl:default [Сетевая папка недоступна. За информацией о разрешении проблем в сети обратитесь к справочной системе Windows]
2026-07-28 20:47:04,264 [WARNING] aiogram.dispatcher: Sleep for 5.102637 seconds and try again... (tryings = 116, bot id = 8801853413)
2026-07-28 20:47:09,377 [ERROR] aiogram.dispatcher: Failed to fetch updates - TelegramNetworkError: HTTP Client says - ClientConnectorError: Cannot connect to host api.telegram.org:443 ssl:default [Сетевая папка недоступна. За информацией о разрешении проблем в сети обратитесь к справочной системе Windows]
2026-07-28 20:47:09,378 [WARNING] aiogram.dispatcher: Sleep for 5.002764 seconds and try again... (tryings = 117, bot id = 8801853413)
2026-07-28 20:47:14,387 [ERROR] aiogram.dispatcher: Failed to fetch updates - TelegramNetworkError: HTTP Client says - ClientConnectorError: Cannot connect to host api.telegram.org:443 ssl:default [Сетевая папка недоступна. За информацией о разрешении проблем в сети обратитесь к справочной системе Windows]
2026-07-28 20:47:14,388 [WARNING] aiogram.dispatcher: Sleep for 4.886087 seconds and try again... (tryings = 118, bot id = 8801853413)
2026-07-28 20:47:19,295 [ERROR] aiogram.dispatcher: Failed to fetch updates - TelegramNetworkError: HTTP Client says - ClientConnectorError: Cannot connect to host api.telegram.org:443 ssl:default [Сетевая папка недоступна. За информацией о разрешении проблем в сети обратитесь к справочной системе Windows]
2026-07-28 20:47:19,296 [WARNING] aiogram.dispatcher: Sleep for 5.106852 seconds and try again... (tryings = 119, bot id = 8801853413)
2026-07-28 20:47:24,428 [ERROR] aiogram.dispatcher: Failed to fetch updates - TelegramNetworkError: HTTP Client says - ClientConnectorError: Cannot connect to host api.telegram.org:443 ssl:default [Сетевая папка недоступна. За информацией о разрешении проблем в сети обратитесь к справочной системе Windows]
2026-07-28 20:47:24,429 [WARNING] aiogram.dispatcher: Sleep for 4.756648 seconds and try again... (tryings = 120, bot id = 8801853413)
2026-07-28 20:47:29,203 [ERROR] aiogram.dispatcher: Failed to fetch updates - TelegramNetworkError: HTTP Client says - ClientConnectorError: Cannot connect to host api.telegram.org:443 ssl:default [Сетевая папка недоступна. За информацией о разрешении проблем в сети обратитесь к справочной системе Windows]
2026-07-28 20:47:29,204 [WARNING] aiogram.dispatcher: Sleep for 4.926914 seconds and try again... (tryings = 121, bot id = 8801853413)
2026-07-28 20:47:34,149 [ERROR] aiogram.dispatcher: Failed to fetch updates - TelegramNetworkError: HTTP Client says - ClientConnectorError: Cannot connect to host api.telegram.org:443 ssl:default [Сетевая папка недоступна. За информацией о разрешении проблем в сети обратитесь к справочной системе Windows]
2026-07-28 20:47:34,150 [WARNING] aiogram.dispatcher: Sleep for 5.237615 seconds and try again... (tryings = 122, bot id = 8801853413)
2026-07-28 20:47:39,398 [ERROR] aiogram.dispatcher: Failed to fetch updates - TelegramNetworkError: HTTP Client says - ClientConnectorError: Cannot connect to host api.telegram.org:443 ssl:default [Сетевая папка недоступна. За информацией о разрешении проблем в сети обратитесь к справочной системе Windows]
2026-07-28 20:47:39,399 [WARNING] aiogram.dispatcher: Sleep for 4.986994 seconds and try again... (tryings = 123, bot id = 8801853413)
2026-07-28 20:47:44,395 [ERROR] aiogram.dispatcher: Failed to fetch updates - TelegramNetworkError: HTTP Client says - ClientConnectorError: Cannot connect to host api.telegram.org:443 ssl:default [Сетевая папка недоступна. За информацией о разрешении проблем в сети обратитесь к справочной системе Windows]
2026-07-28 20:47:44,395 [WARNING] aiogram.dispatcher: Sleep for 5.068949 seconds and try again... (tryings = 124, bot id = 8801853413)
2026-07-28 20:47:49,478 [ERROR] aiogram.dispatcher: Failed to fetch updates - TelegramNetworkError: HTTP Client says - ClientConnectorError: Cannot connect to host api.telegram.org:443 ssl:default [Сетевая папка недоступна. За информацией о разрешении проблем в сети обратитесь к справочной системе Windows]
2026-07-28 20:47:49,478 [WARNING] aiogram.dispatcher: Sleep for 5.004601 seconds and try again... (tryings = 125, bot id = 8801853413)
2026-07-28 20:47:54,504 [ERROR] aiogram.dispatcher: Failed to fetch updates - TelegramNetworkError: HTTP Client says - ClientConnectorError: Cannot connect to host api.telegram.org:443 ssl:default [Сетевая папка недоступна. За информацией о разрешении проблем в сети обратитесь к справочной системе Windows]
2026-07-28 20:47:54,505 [WARNING] aiogram.dispatcher: Sleep for 4.868588 seconds and try again... (tryings = 126, bot id = 8801853413)
2026-07-28 20:47:59,379 [ERROR] aiogram.dispatcher: Failed to fetch updates - TelegramNetworkError: HTTP Client says - ClientConnectorError: Cannot connect to host api.telegram.org:443 ssl:default [Сетевая папка недоступна. За информацией о разрешении проблем в сети обратитесь к справочной системе Windows]
2026-07-28 20:47:59,379 [WARNING] aiogram.dispatcher: Sleep for 4.968065 seconds and try again... (tryings = 127, bot id = 8801853413)
2026-07-28 20:48:04,359 [ERROR] aiogram.dispatcher: Failed to fetch updates - TelegramNetworkError: HTTP Client says - ClientConnectorError: Cannot connect to host api.telegram.org:443 ssl:default [Сетевая папка недоступна. За информацией о разрешении проблем в сети обратитесь к справочной системе Windows]
2026-07-28 20:48:04,359 [WARNING] aiogram.dispatcher: Sleep for 5.020564 seconds and try again... (tryings = 128, bot id = 8801853413)
2026-07-28 20:48:09,389 [ERROR] aiogram.dispatcher: Failed to fetch updates - TelegramNetworkError: HTTP Client says - ClientConnectorError: Cannot connect to host api.telegram.org:443 ssl:default [Сетевая папка недоступна. За информацией о разрешении проблем в сети обратитесь к справочной системе Windows]
2026-07-28 20:48:09,390 [WARNING] aiogram.dispatcher: Sleep for 5.072495 seconds and try again... (tryings = 129, bot id = 8801853413)
2026-07-28 20:48:14,479 [ERROR] aiogram.dispatcher: Failed to fetch updates - TelegramNetworkError: HTTP Client says - ClientConnectorError: Cannot connect to host api.telegram.org:443 ssl:default [Сетевая папка недоступна. За информацией о разрешении проблем в сети обратитесь к справочной системе Windows]
2026-07-28 20:48:14,480 [WARNING] aiogram.dispatcher: Sleep for 4.974293 seconds and try again... (tryings = 130, bot id = 8801853413)
2026-07-28 20:48:19,460 [ERROR] aiogram.dispatcher: Failed to fetch updates - TelegramNetworkError: HTTP Client says - ClientConnectorError: Cannot connect to host api.telegram.org:443 ssl:default [Сетевая папка недоступна. За информацией о разрешении проблем в сети обратитесь к справочной системе Windows]
2026-07-28 20:48:19,461 [WARNING] aiogram.dispatcher: Sleep for 5.040540 seconds and try again... (tryings = 131, bot id = 8801853413)
2026-07-28 20:48:24,511 [ERROR] aiogram.dispatcher: Failed to fetch updates - TelegramNetworkError: HTTP Client says - ClientConnectorError: Cannot connect to host api.telegram.org:443 ssl:default [Сетевая папка недоступна. За информацией о разрешении проблем в сети обратитесь к справочной системе Windows]
2026-07-28 20:48:24,511 [WARNING] aiogram.dispatcher: Sleep for 4.994417 seconds and try again... (tryings = 132, bot id = 8801853413)
2026-07-28 20:48:29,512 [ERROR] aiogram.dispatcher: Failed to fetch updates - TelegramNetworkError: HTTP Client says - ClientConnectorError: Cannot connect to host api.telegram.org:443 ssl:default [Сетевая папка недоступна. За информацией о разрешении проблем в сети обратитесь к справочной системе Windows]
2026-07-28 20:48:29,513 [WARNING] aiogram.dispatcher: Sleep for 4.719553 seconds and try again... (tryings = 133, bot id = 8801853413)
2026-07-28 20:48:34,244 [ERROR] aiogram.dispatcher: Failed to fetch updates - TelegramNetworkError: HTTP Client says - ClientConnectorError: Cannot connect to host api.telegram.org:443 ssl:default [Сетевая папка недоступна. За информацией о разрешении проблем в сети обратитесь к справочной системе Windows]
2026-07-28 20:48:34,245 [WARNING] aiogram.dispatcher: Sleep for 4.992365 seconds and try again... (tryings = 134, bot id = 8801853413)
2026-07-28 20:48:39,250 [ERROR] aiogram.dispatcher: Failed to fetch updates - TelegramNetworkError: HTTP Client says - ClientConnectorError: Cannot connect to host api.telegram.org:443 ssl:default [Сетевая папка недоступна. За информацией о разрешении проблем в сети обратитесь к справочной системе Windows]
2026-07-28 20:48:39,251 [WARNING] aiogram.dispatcher: Sleep for 4.905155 seconds and try again... (tryings = 135, bot id = 8801853413)
2026-07-28 20:48:44,167 [ERROR] aiogram.dispatcher: Failed to fetch updates - TelegramNetworkError: HTTP Client says - ClientConnectorError: Cannot connect to host api.telegram.org:443 ssl:default [Сетевая папка недоступна. За информацией о разрешении проблем в сети обратитесь к справочной системе Windows]
2026-07-28 20:48:44,167 [WARNING] aiogram.dispatcher: Sleep for 5.033649 seconds and try again... (tryings = 136, bot id = 8801853413)
2026-07-28 20:48:49,220 [ERROR] aiogram.dispatcher: Failed to fetch updates - TelegramNetworkError: HTTP Client says - ClientConnectorError: Cannot connect to host api.telegram.org:443 ssl:default [Сетевая папка недоступна. За информацией о разрешении проблем в сети обратитесь к справочной системе Windows]
2026-07-28 20:48:49,220 [WARNING] aiogram.dispatcher: Sleep for 4.874655 seconds and try again... (tryings = 137, bot id = 8801853413)
2026-07-28 20:48:54,106 [ERROR] aiogram.dispatcher: Failed to fetch updates - TelegramNetworkError: HTTP Client says - ClientConnectorError: Cannot connect to host api.telegram.org:443 ssl:default [Сетевая папка недоступна. За информацией о разрешении проблем в сети обратитесь к справочной системе Windows]
2026-07-28 20:48:54,107 [WARNING] aiogram.dispatcher: Sleep for 4.968313 seconds and try again... (tryings = 138, bot id = 8801853413)
2026-07-28 20:48:59,093 [ERROR] aiogram.dispatcher: Failed to fetch updates - TelegramNetworkError: HTTP Client says - ClientConnectorError: Cannot connect to host api.telegram.org:443 ssl:default [Сетевая папка недоступна. За информацией о разрешении проблем в сети обратитесь к справочной системе Windows]
2026-07-28 20:48:59,094 [WARNING] aiogram.dispatcher: Sleep for 5.115274 seconds and try again... (tryings = 139, bot id = 8801853413)
2026-07-28 20:49:04,222 [ERROR] aiogram.dispatcher: Failed to fetch updates - TelegramNetworkError: HTTP Client says - ClientConnectorError: Cannot connect to host api.telegram.org:443 ssl:default [Сетевая папка недоступна. За информацией о разрешении проблем в сети обратитесь к справочной системе Windows]
2026-07-28 20:49:04,222 [WARNING] aiogram.dispatcher: Sleep for 4.997252 seconds and try again... (tryings = 140, bot id = 8801853413)
2026-07-28 20:49:09,240 [ERROR] aiogram.dispatcher: Failed to fetch updates - TelegramNetworkError: HTTP Client says - ClientConnectorError: Cannot connect to host api.telegram.org:443 ssl:default [Сетевая папка недоступна. За информацией о разрешении проблем в сети обратитесь к справочной системе Windows]
2026-07-28 20:49:09,240 [WARNING] aiogram.dispatcher: Sleep for 5.066864 seconds and try again... (tryings = 141, bot id = 8801853413)
2026-07-28 20:49:14,319 [ERROR] aiogram.dispatcher: Failed to fetch updates - TelegramNetworkError: HTTP Client says - ClientConnectorError: Cannot connect to host api.telegram.org:443 ssl:default [Сетевая папка недоступна. За информацией о разрешении проблем в сети обратитесь к справочной системе Windows]
2026-07-28 20:49:14,320 [WARNING] aiogram.dispatcher: Sleep for 4.947857 seconds and try again... (tryings = 142, bot id = 8801853413)
2026-07-28 20:49:19,275 [ERROR] aiogram.dispatcher: Failed to fetch updates - TelegramNetworkError: HTTP Client says - ClientConnectorError: Cannot connect to host api.telegram.org:443 ssl:default [Сетевая папка недоступна. За информацией о разрешении проблем в сети обратитесь к справочной системе Windows]
2026-07-28 20:49:19,275 [WARNING] aiogram.dispatcher: Sleep for 4.897419 seconds and try again... (tryings = 143, bot id = 8801853413)
2026-07-28 20:49:24,178 [ERROR] aiogram.dispatcher: Failed to fetch updates - TelegramNetworkError: HTTP Client says - ClientConnectorDNSError: Cannot connect to host api.telegram.org:443 ssl:default [getaddrinfo failed]
2026-07-28 20:49:24,179 [WARNING] aiogram.dispatcher: Sleep for 5.092454 seconds and try again... (tryings = 144, bot id = 8801853413)
2026-07-28 20:49:29,292 [ERROR] aiogram.dispatcher: Failed to fetch updates - TelegramNetworkError: HTTP Client says - ClientConnectorDNSError: Cannot connect to host api.telegram.org:443 ssl:default [getaddrinfo failed]
2026-07-28 20:49:29,293 [WARNING] aiogram.dispatcher: Sleep for 4.813522 seconds and try again... (tryings = 145, bot id = 8801853413)
2026-07-28 20:49:34,115 [ERROR] aiogram.dispatcher: Failed to fetch updates - TelegramNetworkError: HTTP Client says - ClientConnectorDNSError: Cannot connect to host api.telegram.org:443 ssl:default [getaddrinfo failed]
2026-07-28 20:49:34,116 [WARNING] aiogram.dispatcher: Sleep for 5.014358 seconds and try again... (tryings = 146, bot id = 8801853413)
2026-07-28 20:49:39,147 [ERROR] aiogram.dispatcher: Failed to fetch updates - TelegramNetworkError: HTTP Client says - ClientConnectorDNSError: Cannot connect to host api.telegram.org:443 ssl:default [getaddrinfo failed]
2026-07-28 20:49:39,148 [WARNING] aiogram.dispatcher: Sleep for 4.868179 seconds and try again... (tryings = 147, bot id = 8801853413)
2026-07-28 20:49:44,021 [ERROR] aiogram.dispatcher: Failed to fetch updates - TelegramNetworkError: HTTP Client says - ClientConnectorDNSError: Cannot connect to host api.telegram.org:443 ssl:default [getaddrinfo failed]
2026-07-28 20:49:44,022 [WARNING] aiogram.dispatcher: Sleep for 4.917385 seconds and try again... (tryings = 148, bot id = 8801853413)
2026-07-28 20:49:48,953 [ERROR] aiogram.dispatcher: Failed to fetch updates - TelegramNetworkError: HTTP Client says - ClientConnectorDNSError: Cannot connect to host api.telegram.org:443 ssl:default [getaddrinfo failed]
2026-07-28 20:49:48,954 [WARNING] aiogram.dispatcher: Sleep for 5.108189 seconds and try again... (tryings = 149, bot id = 8801853413)
2026-07-28 20:49:54,078 [ERROR] aiogram.dispatcher: Failed to fetch updates - TelegramNetworkError: HTTP Client says - ClientConnectorDNSError: Cannot connect to host api.telegram.org:443 ssl:default [getaddrinfo failed]
2026-07-28 20:49:54,079 [WARNING] aiogram.dispatcher: Sleep for 5.039452 seconds and try again... (tryings = 150, bot id = 8801853413)
2026-07-28 20:49:59,132 [ERROR] aiogram.dispatcher: Failed to fetch updates - TelegramNetworkError: HTTP Client says - ClientConnectorDNSError: Cannot connect to host api.telegram.org:443 ssl:default [getaddrinfo failed]
2026-07-28 20:49:59,133 [WARNING] aiogram.dispatcher: Sleep for 5.089181 seconds and try again... (tryings = 151, bot id = 8801853413)
2026-07-28 20:50:04,225 [ERROR] aiogram.dispatcher: Failed to fetch updates - TelegramNetworkError: HTTP Client says - ClientConnectorDNSError: Cannot connect to host api.telegram.org:443 ssl:default [getaddrinfo failed]
2026-07-28 20:50:04,226 [WARNING] aiogram.dispatcher: Sleep for 4.986468 seconds and try again... (tryings = 152, bot id = 8801853413)
2026-07-28 20:50:09,231 [ERROR] aiogram.dispatcher: Failed to fetch updates - TelegramNetworkError: HTTP Client says - ClientConnectorDNSError: Cannot connect to host api.telegram.org:443 ssl:default [getaddrinfo failed]
2026-07-28 20:50:09,231 [WARNING] aiogram.dispatcher: Sleep for 4.923791 seconds and try again... (tryings = 153, bot id = 8801853413)
2026-07-28 20:50:14,164 [ERROR] aiogram.dispatcher: Failed to fetch updates - TelegramNetworkError: HTTP Client says - ClientConnectorDNSError: Cannot connect to host api.telegram.org:443 ssl:default [getaddrinfo failed]
2026-07-28 20:50:14,165 [WARNING] aiogram.dispatcher: Sleep for 4.931797 seconds and try again... (tryings = 154, bot id = 8801853413)
2026-07-28 20:50:19,114 [ERROR] aiogram.dispatcher: Failed to fetch updates - TelegramNetworkError: HTTP Client says - ClientConnectorDNSError: Cannot connect to host api.telegram.org:443 ssl:default [getaddrinfo failed]
2026-07-28 20:50:19,115 [WARNING] aiogram.dispatcher: Sleep for 4.998802 seconds and try again... (tryings = 155, bot id = 8801853413)
2026-07-28 20:50:24,128 [ERROR] aiogram.dispatcher: Failed to fetch updates - TelegramNetworkError: HTTP Client says - ClientConnectorDNSError: Cannot connect to host api.telegram.org:443 ssl:default [getaddrinfo failed]
2026-07-28 20:50:24,128 [WARNING] aiogram.dispatcher: Sleep for 4.933774 seconds and try again... (tryings = 156, bot id = 8801853413)
2026-07-28 20:50:29,078 [ERROR] aiogram.dispatcher: Failed to fetch updates - TelegramNetworkError: HTTP Client says - ClientConnectorDNSError: Cannot connect to host api.telegram.org:443 ssl:default [getaddrinfo failed]
2026-07-28 20:50:29,079 [WARNING] aiogram.dispatcher: Sleep for 5.031210 seconds and try again... (tryings = 157, bot id = 8801853413)
2026-07-28 20:50:47,851 [ERROR] aiogram.dispatcher: Failed to fetch updates - TelegramNetworkError: HTTP Client says - ClientOSError: [WinError 1236] Подключение к сети было разорвано локальной системой
2026-07-28 20:50:47,852 [WARNING] aiogram.dispatcher: Sleep for 5.002514 seconds and try again... (tryings = 158, bot id = 8801853413)
2026-07-28 20:51:06,410 [INFO] aiogram.dispatcher: Connection established (tryings = 159, bot id = 8801853413)
2026-07-28 20:52:55,597 [ERROR] aiogram.dispatcher: Failed to fetch updates - TelegramNetworkError: HTTP Client says - ClientOSError: [WinError 1236] Подключение к сети было разорвано локальной системой
2026-07-28 20:52:55,610 [WARNING] aiogram.dispatcher: Sleep for 1.000000 seconds and try again... (tryings = 0, bot id = 8801853413)
2026-07-28 20:52:56,636 [ERROR] aiogram.dispatcher: Failed to fetch updates - TelegramNetworkError: HTTP Client says - ClientConnectorError: Cannot connect to host api.telegram.org:443 ssl:default [Сетевая папка недоступна. За информацией о разрешении проблем в сети обратитесь к справочной системе Windows]
2026-07-28 20:52:56,636 [WARNING] aiogram.dispatcher: Sleep for 1.224508 seconds and try again... (tryings = 1, bot id = 8801853413)
2026-07-28 20:52:57,876 [ERROR] aiogram.dispatcher: Failed to fetch updates - TelegramNetworkError: HTTP Client says - ClientConnectorError: Cannot connect to host api.telegram.org:443 ssl:default [Сетевая папка недоступна. За информацией о разрешении проблем в сети обратитесь к справочной системе Windows]
2026-07-28 20:52:57,876 [WARNING] aiogram.dispatcher: Sleep for 1.559977 seconds and try again... (tryings = 2, bot id = 8801853413)
2026-07-28 20:53:13,965 [ERROR] aiogram.dispatcher: Failed to fetch updates - TelegramNetworkError: HTTP Client says - ClientOSError: [WinError 1236] Подключение к сети было разорвано локальной системой
2026-07-28 20:53:13,965 [WARNING] aiogram.dispatcher: Sleep for 1.842192 seconds and try again... (tryings = 3, bot id = 8801853413)
2026-07-28 22:52:14,944 [ERROR] aiogram.dispatcher: Failed to fetch updates - TelegramNetworkError: HTTP Client says - Request timeout error
2026-07-28 22:52:15,021 [WARNING] aiogram.dispatcher: Sleep for 2.460156 seconds and try again... (tryings = 4, bot id = 8801853413)
2026-07-28 22:52:17,559 [ERROR] aiogram.dispatcher: Failed to fetch updates - TelegramNetworkError: HTTP Client says - ClientConnectorDNSError: Cannot connect to host api.telegram.org:443 ssl:default [getaddrinfo failed]
2026-07-28 22:52:17,559 [WARNING] aiogram.dispatcher: Sleep for 3.105710 seconds and try again... (tryings = 5, bot id = 8801853413)
2026-07-29 00:51:52,408 [ERROR] aiogram.dispatcher: Failed to fetch updates - TelegramNetworkError: HTTP Client says - ClientConnectorDNSError: Cannot connect to host api.telegram.org:443 ssl:default [getaddrinfo failed]
2026-07-29 00:51:52,415 [WARNING] aiogram.dispatcher: Sleep for 4.018093 seconds and try again... (tryings = 6, bot id = 8801853413)
2026-07-29 00:52:07,325 [INFO] aiogram.dispatcher: Connection established (tryings = 7, bot id = 8801853413)
2026-07-29 00:56:16,636 [INFO] aiogram.dispatcher: Polling stopped
2026-07-29 00:56:16,639 [ERROR] aiogram.dispatcher: Failed to fetch updates - TelegramNetworkError: HTTP Client says - ServerDisconnectedError: Server disconnected
2026-07-29 00:56:16,639 [WARNING] aiogram.dispatcher: Sleep for 1.000000 seconds and try again... (tryings = 0, bot id = 8801853413)
2026-07-29 00:56:16,894 [INFO] aiogram.dispatcher: Polling stopped for bot @SentinelService_bot id=8801853413 - '𝕹𝖎𝖌𝖍𝖙𝖜𝖆𝖑𝖐𝖊𝖗 | Gate'
2026-07-29 00:56:30,502 [INFO] aiogram.dispatcher: Start polling
2026-07-29 00:56:31,177 [INFO] aiogram.dispatcher: Run polling for bot @SentinelService_bot id=8801853413 - '𝕹𝖎𝖌𝖍𝖙𝖜𝖆𝖑𝖐𝖊𝖗 | Gate'
2026-07-29 01:26:51,170 [INFO] aiogram.dispatcher: Polling stopped
2026-07-29 01:26:51,173 [ERROR] aiogram.dispatcher: Failed to fetch updates - TelegramNetworkError: HTTP Client says - ServerDisconnectedError: Server disconnected
2026-07-29 01:26:51,173 [WARNING] aiogram.dispatcher: Sleep for 1.000000 seconds and try again... (tryings = 0, bot id = 8801853413)
2026-07-29 01:26:51,432 [INFO] aiogram.dispatcher: Polling stopped for bot @SentinelService_bot id=8801853413 - '𝕹𝖎𝖌𝖍𝖙𝖜𝖆𝖑𝖐𝖊𝖗 | Gate'
2026-07-29 01:27:04,051 [INFO] aiogram.dispatcher: Start polling
2026-07-29 01:27:04,551 [INFO] aiogram.dispatcher: Run polling for bot @SentinelService_bot id=8801853413 - '𝕹𝖎𝖌𝖍𝖙𝖜𝖆𝖑𝖐𝖊𝖗 | Gate'
2026-07-29 01:36:10,913 [INFO] aiogram.dispatcher: Polling stopped
2026-07-29 01:36:10,916 [ERROR] aiogram.dispatcher: Failed to fetch updates - TelegramNetworkError: HTTP Client says - ServerDisconnectedError: Server disconnected
2026-07-29 01:36:10,916 [WARNING] aiogram.dispatcher: Sleep for 1.000000 seconds and try again... (tryings = 0, bot id = 8801853413)
2026-07-29 01:36:11,182 [INFO] aiogram.dispatcher: Polling stopped for bot @SentinelService_bot id=8801853413 - '𝕹𝖎𝖌𝖍𝖙𝖜𝖆𝖑𝖐𝖊𝖗 | Gate'
2026-07-29 01:36:24,767 [INFO] aiogram.dispatcher: Start polling
2026-07-29 01:36:25,342 [INFO] aiogram.dispatcher: Run polling for bot @SentinelService_bot id=8801853413 - '𝕹𝖎𝖌𝖍𝖙𝖜𝖆𝖑𝖐𝖊𝖗 | Gate'
2026-07-29 02:28:03,127 [ERROR] aiogram.dispatcher: Failed to fetch updates - TelegramNetworkError: HTTP Client says - Request timeout error
2026-07-29 02:28:03,157 [WARNING] aiogram.dispatcher: Sleep for 1.000000 seconds and try again... (tryings = 0, bot id = 8801853413)
2026-07-29 02:28:14,950 [INFO] aiogram.dispatcher: Connection established (tryings = 1, bot id = 8801853413)
2026-07-29 02:32:38,411 [INFO] aiogram.dispatcher: Polling stopped
2026-07-29 02:32:38,413 [ERROR] aiogram.dispatcher: Failed to fetch updates - TelegramNetworkError: HTTP Client says - ServerDisconnectedError: Server disconnected
2026-07-29 02:32:38,414 [WARNING] aiogram.dispatcher: Sleep for 1.000000 seconds and try again... (tryings = 0, bot id = 8801853413)
2026-07-29 02:32:38,670 [INFO] aiogram.dispatcher: Polling stopped for bot @SentinelService_bot id=8801853413 - '𝕹𝖎𝖌𝖍𝖙𝖜𝖆𝖑𝖐𝖊𝖗 | Gate'
2026-07-29 02:32:52,276 [INFO] aiogram.dispatcher: Start polling
2026-07-29 02:32:52,717 [INFO] aiogram.dispatcher: Run polling for bot @SentinelService_bot id=8801853413 - '𝕹𝖎𝖌𝖍𝖙𝖜𝖆𝖑𝖐𝖊𝖗 | Gate'
2026-07-29 02:39:30,323 [INFO] aiogram.dispatcher: Polling stopped
2026-07-29 02:39:30,325 [ERROR] aiogram.dispatcher: Failed to fetch updates - TelegramNetworkError: HTTP Client says - ServerDisconnectedError: Server disconnected
2026-07-29 02:39:30,326 [WARNING] aiogram.dispatcher: Sleep for 1.000000 seconds and try again... (tryings = 0, bot id = 8801853413)
2026-07-29 02:39:30,587 [INFO] aiogram.dispatcher: Polling stopped for bot @SentinelService_bot id=8801853413 - '𝕹𝖎𝖌𝖍𝖙𝖜𝖆𝖑𝖐𝖊𝖗 | Gate'
2026-07-29 02:39:50,223 [INFO] aiogram.dispatcher: Start polling
2026-07-29 02:39:51,124 [INFO] aiogram.dispatcher: Run polling for bot @SentinelService_bot id=8801853413 - '𝕹𝖎𝖌𝖍𝖙𝖜𝖆𝖑𝖐𝖊𝖗 | Gate'
2026-07-29 02:52:13,843 [INFO] aiogram.dispatcher: Polling stopped
2026-07-29 02:52:13,846 [ERROR] aiogram.dispatcher: Failed to fetch updates - TelegramNetworkError: HTTP Client says - ServerDisconnectedError: Server disconnected
2026-07-29 02:52:13,846 [WARNING] aiogram.dispatcher: Sleep for 1.000000 seconds and try again... (tryings = 0, bot id = 8801853413)
2026-07-29 02:52:14,107 [INFO] aiogram.dispatcher: Polling stopped for bot @SentinelService_bot id=8801853413 - '𝕹𝖎𝖌𝖍𝖙𝖜𝖆𝖑𝖐𝖊𝖗 | Gate'
2026-07-29 02:52:27,961 [INFO] aiogram.dispatcher: Start polling
2026-07-29 02:52:28,396 [INFO] aiogram.dispatcher: Run polling for bot @SentinelService_bot id=8801853413 - '𝕹𝖎𝖌𝖍𝖙𝖜𝖆𝖑𝖐𝖊𝖗 | Gate'
2026-07-29 04:28:25,265 [INFO] aiogram.event: Update id=300985073 is handled. Duration 762 ms by bot id=8801853413
2026-07-29 07:28:19,568 [ERROR] aiogram.dispatcher: Failed to fetch updates - TelegramNetworkError: HTTP Client says - Request timeout error
2026-07-29 07:28:19,654 [WARNING] aiogram.dispatcher: Sleep for 1.000000 seconds and try again... (tryings = 0, bot id = 8801853413)
2026-07-29 07:28:20,699 [ERROR] aiogram.dispatcher: Failed to fetch updates - TelegramNetworkError: HTTP Client says - ClientConnectorDNSError: Cannot connect to host api.telegram.org:443 ssl:default [getaddrinfo failed]
2026-07-29 07:28:20,700 [WARNING] aiogram.dispatcher: Sleep for 1.314097 seconds and try again... (tryings = 1, bot id = 8801853413)
2026-07-29 07:28:22,020 [ERROR] aiogram.dispatcher: Failed to fetch updates - TelegramNetworkError: HTTP Client says - ClientConnectorDNSError: Cannot connect to host api.telegram.org:443 ssl:default [getaddrinfo failed]
2026-07-29 07:28:22,020 [WARNING] aiogram.dispatcher: Sleep for 1.643113 seconds and try again... (tryings = 2, bot id = 8801853413)
2026-07-29 07:28:23,672 [ERROR] aiogram.dispatcher: Failed to fetch updates - TelegramNetworkError: HTTP Client says - ClientConnectorDNSError: Cannot connect to host api.telegram.org:443 ssl:default [getaddrinfo failed]
2026-07-29 07:28:23,673 [WARNING] aiogram.dispatcher: Sleep for 2.251441 seconds and try again... (tryings = 3, bot id = 8801853413)
2026-07-29 11:39:15,598 [ERROR] aiogram.dispatcher: Failed to fetch updates - TelegramNetworkError: HTTP Client says - ClientConnectorDNSError: Cannot connect to host api.telegram.org:443 ssl:default [getaddrinfo failed]
2026-07-29 11:39:15,600 [WARNING] aiogram.dispatcher: Sleep for 3.112716 seconds and try again... (tryings = 4, bot id = 8801853413)
2026-07-29 11:39:18,720 [ERROR] aiogram.dispatcher: Failed to fetch updates - TelegramNetworkError: HTTP Client says - ClientConnectorDNSError: Cannot connect to host api.telegram.org:443 ssl:default [getaddrinfo failed]
2026-07-29 11:39:18,720 [WARNING] aiogram.dispatcher: Sleep for 4.087591 seconds and try again... (tryings = 5, bot id = 8801853413)
2026-07-29 11:39:22,811 [ERROR] aiogram.dispatcher: Failed to fetch updates - TelegramNetworkError: HTTP Client says - ClientConnectorDNSError: Cannot connect to host api.telegram.org:443 ssl:default [getaddrinfo failed]
2026-07-29 11:39:22,811 [WARNING] aiogram.dispatcher: Sleep for 5.097627 seconds and try again... (tryings = 6, bot id = 8801853413)
2026-07-29 11:39:27,921 [ERROR] aiogram.dispatcher: Failed to fetch updates - TelegramNetworkError: HTTP Client says - ClientConnectorDNSError: Cannot connect to host api.telegram.org:443 ssl:default [getaddrinfo failed]
2026-07-29 11:39:27,922 [WARNING] aiogram.dispatcher: Sleep for 4.944763 seconds and try again... (tryings = 7, bot id = 8801853413)
2026-07-29 11:39:32,880 [ERROR] aiogram.dispatcher: Failed to fetch updates - TelegramNetworkError: HTTP Client says - ClientConnectorDNSError: Cannot connect to host api.telegram.org:443 ssl:default [getaddrinfo failed]
2026-07-29 11:39:32,880 [WARNING] aiogram.dispatcher: Sleep for 5.178611 seconds and try again... (tryings = 8, bot id = 8801853413)
2026-07-29 11:39:38,071 [ERROR] aiogram.dispatcher: Failed to fetch updates - TelegramNetworkError: HTTP Client says - ClientConnectorDNSError: Cannot connect to host api.telegram.org:443 ssl:default [getaddrinfo failed]
2026-07-29 11:39:38,072 [WARNING] aiogram.dispatcher: Sleep for 5.073261 seconds and try again... (tryings = 9, bot id = 8801853413)
2026-07-29 11:39:43,171 [ERROR] aiogram.dispatcher: Failed to fetch updates - TelegramNetworkError: HTTP Client says - ClientConnectorDNSError: Cannot connect to host api.telegram.org:443 ssl:default [getaddrinfo failed]
2026-07-29 11:39:43,177 [WARNING] aiogram.dispatcher: Sleep for 5.147819 seconds and try again... (tryings = 10, bot id = 8801853413)
2026-07-29 11:39:48,330 [ERROR] aiogram.dispatcher: Failed to fetch updates - TelegramNetworkError: HTTP Client says - ClientConnectorDNSError: Cannot connect to host api.telegram.org:443 ssl:default [getaddrinfo failed]
2026-07-29 11:39:48,331 [WARNING] aiogram.dispatcher: Sleep for 4.885176 seconds and try again... (tryings = 11, bot id = 8801853413)
2026-07-29 11:39:53,218 [ERROR] aiogram.dispatcher: Failed to fetch updates - TelegramNetworkError: HTTP Client says - ClientConnectorDNSError: Cannot connect to host api.telegram.org:443 ssl:default [getaddrinfo failed]
2026-07-29 11:39:53,219 [WARNING] aiogram.dispatcher: Sleep for 5.013543 seconds and try again... (tryings = 12, bot id = 8801853413)
2026-07-29 11:39:58,249 [ERROR] aiogram.dispatcher: Failed to fetch updates - TelegramNetworkError: HTTP Client says - ClientConnectorDNSError: Cannot connect to host api.telegram.org:443 ssl:default [getaddrinfo failed]
2026-07-29 11:39:58,250 [WARNING] aiogram.dispatcher: Sleep for 5.016724 seconds and try again... (tryings = 13, bot id = 8801853413)
2026-07-29 11:40:03,272 [ERROR] aiogram.dispatcher: Failed to fetch updates - TelegramNetworkError: HTTP Client says - ClientConnectorDNSError: Cannot connect to host api.telegram.org:443 ssl:default [getaddrinfo failed]
2026-07-29 11:40:03,273 [WARNING] aiogram.dispatcher: Sleep for 5.056116 seconds and try again... (tryings = 14, bot id = 8801853413)
2026-07-29 11:40:08,335 [ERROR] aiogram.dispatcher: Failed to fetch updates - TelegramNetworkError: HTTP Client says - ClientConnectorDNSError: Cannot connect to host api.telegram.org:443 ssl:default [getaddrinfo failed]
2026-07-29 11:40:08,336 [WARNING] aiogram.dispatcher: Sleep for 4.863809 seconds and try again... (tryings = 15, bot id = 8801853413)
2026-07-29 11:40:13,218 [ERROR] aiogram.dispatcher: Failed to fetch updates - TelegramNetworkError: HTTP Client says - ClientConnectorDNSError: Cannot connect to host api.telegram.org:443 ssl:default [getaddrinfo failed]
2026-07-29 11:40:13,219 [WARNING] aiogram.dispatcher: Sleep for 4.777923 seconds and try again... (tryings = 16, bot id = 8801853413)
2026-07-29 11:40:18,005 [ERROR] aiogram.dispatcher: Failed to fetch updates - TelegramNetworkError: HTTP Client says - ClientConnectorDNSError: Cannot connect to host api.telegram.org:443 ssl:default [getaddrinfo failed]
2026-07-29 11:40:18,005 [WARNING] aiogram.dispatcher: Sleep for 5.087247 seconds and try again... (tryings = 17, bot id = 8801853413)
2026-07-29 11:40:23,112 [ERROR] aiogram.dispatcher: Failed to fetch updates - TelegramNetworkError: HTTP Client says - ClientConnectorDNSError: Cannot connect to host api.telegram.org:443 ssl:default [getaddrinfo failed]
2026-07-29 11:40:23,113 [WARNING] aiogram.dispatcher: Sleep for 5.012164 seconds and try again... (tryings = 18, bot id = 8801853413)
2026-07-29 11:40:28,136 [ERROR] aiogram.dispatcher: Failed to fetch updates - TelegramNetworkError: HTTP Client says - ClientConnectorDNSError: Cannot connect to host api.telegram.org:443 ssl:default [getaddrinfo failed]
2026-07-29 11:40:28,137 [WARNING] aiogram.dispatcher: Sleep for 4.921243 seconds and try again... (tryings = 19, bot id = 8801853413)
2026-07-29 11:40:33,072 [ERROR] aiogram.dispatcher: Failed to fetch updates - TelegramNetworkError: HTTP Client says - ClientConnectorDNSError: Cannot connect to host api.telegram.org:443 ssl:default [getaddrinfo failed]
2026-07-29 11:40:33,072 [WARNING] aiogram.dispatcher: Sleep for 5.094678 seconds and try again... (tryings = 20, bot id = 8801853413)
2026-07-29 11:40:38,178 [ERROR] aiogram.dispatcher: Failed to fetch updates - TelegramNetworkError: HTTP Client says - ClientConnectorDNSError: Cannot connect to host api.telegram.org:443 ssl:default [getaddrinfo failed]
2026-07-29 11:40:38,179 [WARNING] aiogram.dispatcher: Sleep for 5.173675 seconds and try again... (tryings = 21, bot id = 8801853413)
2026-07-29 11:40:43,366 [ERROR] aiogram.dispatcher: Failed to fetch updates - TelegramNetworkError: HTTP Client says - ClientConnectorDNSError: Cannot connect to host api.telegram.org:443 ssl:default [getaddrinfo failed]
2026-07-29 11:40:43,366 [WARNING] aiogram.dispatcher: Sleep for 4.977003 seconds and try again... (tryings = 22, bot id = 8801853413)
2026-07-29 11:40:48,363 [ERROR] aiogram.dispatcher: Failed to fetch updates - TelegramNetworkError: HTTP Client says - ClientConnectorDNSError: Cannot connect to host api.telegram.org:443 ssl:default [getaddrinfo failed]
2026-07-29 11:40:48,363 [WARNING] aiogram.dispatcher: Sleep for 4.989615 seconds and try again... (tryings = 23, bot id = 8801853413)
2026-07-29 11:40:53,369 [ERROR] aiogram.dispatcher: Failed to fetch updates - TelegramNetworkError: HTTP Client says - ClientConnectorDNSError: Cannot connect to host api.telegram.org:443 ssl:default [getaddrinfo failed]
2026-07-29 11:40:53,370 [WARNING] aiogram.dispatcher: Sleep for 4.908723 seconds and try again... (tryings = 24, bot id = 8801853413)
2026-07-29 11:40:58,289 [ERROR] aiogram.dispatcher: Failed to fetch updates - TelegramNetworkError: HTTP Client says - ClientConnectorDNSError: Cannot connect to host api.telegram.org:443 ssl:default [getaddrinfo failed]
2026-07-29 11:40:58,290 [WARNING] aiogram.dispatcher: Sleep for 5.005863 seconds and try again... (tryings = 25, bot id = 8801853413)
2026-07-29 11:41:16,261 [INFO] aiogram.dispatcher: Connection established (tryings = 26, bot id = 8801853413)
2026-07-29 11:41:28,686 [ERROR] aiogram.dispatcher: Failed to fetch updates - TelegramNetworkError: HTTP Client says - ClientOSError: [WinError 1236] Подключение к сети было разорвано локальной системой
2026-07-29 11:41:28,687 [WARNING] aiogram.dispatcher: Sleep for 1.000000 seconds and try again... (tryings = 0, bot id = 8801853413)
2026-07-29 11:41:42,759 [INFO] aiogram.dispatcher: Connection established (tryings = 1, bot id = 8801853413)
2026-07-29 11:52:03,358 [ERROR] aiogram.dispatcher: Failed to fetch updates - TelegramNetworkError: HTTP Client says - ClientOSError: [WinError 1236] Подключение к сети было разорвано локальной системой
2026-07-29 11:52:03,369 [WARNING] aiogram.dispatcher: Sleep for 1.000000 seconds and try again... (tryings = 0, bot id = 8801853413)
2026-07-29 11:52:04,398 [ERROR] aiogram.dispatcher: Failed to fetch updates - TelegramNetworkError: HTTP Client says - ClientConnectorError: Cannot connect to host api.telegram.org:443 ssl:default [Отказано в доступе]
2026-07-29 11:52:04,420 [WARNING] aiogram.dispatcher: Sleep for 1.464899 seconds and try again... (tryings = 1, bot id = 8801853413)
2026-07-29 11:52:16,344 [INFO] aiogram.dispatcher: Connection established (tryings = 2, bot id = 8801853413)
2026-07-29 13:52:55,421 [ERROR] aiogram.dispatcher: Failed to fetch updates - TelegramNetworkError: HTTP Client says - ClientOSError: [WinError 64] Указанное сетевое имя более недоступно
2026-07-29 13:52:55,422 [WARNING] aiogram.dispatcher: Sleep for 1.000000 seconds and try again... (tryings = 0, bot id = 8801853413)
2026-07-29 13:53:07,205 [INFO] aiogram.dispatcher: Connection established (tryings = 1, bot id = 8801853413)
2026-07-29 14:27:14,286 [INFO] aiogram.event: Update id=300985074 is handled. Duration 1037 ms by bot id=8801853413
2026-07-29 16:08:46,141 [ERROR] aiogram.dispatcher: Failed to fetch updates - TelegramNetworkError: HTTP Client says - Request timeout error
2026-07-29 16:08:46,144 [WARNING] aiogram.dispatcher: Sleep for 1.000000 seconds and try again... (tryings = 0, bot id = 8801853413)
2026-07-29 16:08:59,183 [INFO] aiogram.dispatcher: Connection established (tryings = 1, bot id = 8801853413)
2026-07-29 16:10:40,134 [ERROR] aiogram.dispatcher: Failed to fetch updates - TelegramNetworkError: HTTP Client says - Request timeout error
2026-07-29 16:10:40,135 [WARNING] aiogram.dispatcher: Sleep for 1.000000 seconds and try again... (tryings = 0, bot id = 8801853413)
2026-07-29 16:10:51,548 [INFO] aiogram.dispatcher: Connection established (tryings = 1, bot id = 8801853413)
2026-07-29 16:39:57,016 [ERROR] aiogram.dispatcher: Failed to fetch updates - TelegramNetworkError: HTTP Client says - Request timeout error
2026-07-29 16:39:57,017 [WARNING] aiogram.dispatcher: Sleep for 1.000000 seconds and try again... (tryings = 0, bot id = 8801853413)
2026-07-29 16:39:58,034 [ERROR] aiogram.dispatcher: Failed to fetch updates - TelegramNetworkError: HTTP Client says - ClientConnectorDNSError: Cannot connect to host api.telegram.org:443 ssl:default [getaddrinfo failed]
2026-07-29 16:39:58,034 [WARNING] aiogram.dispatcher: Sleep for 1.266968 seconds and try again... (tryings = 1, bot id = 8801853413)
2026-07-29 16:39:59,318 [ERROR] aiogram.dispatcher: Failed to fetch updates - TelegramNetworkError: HTTP Client says - ClientConnectorDNSError: Cannot connect to host api.telegram.org:443 ssl:default [getaddrinfo failed]
2026-07-29 16:39:59,319 [WARNING] aiogram.dispatcher: Sleep for 1.741306 seconds and try again... (tryings = 2, bot id = 8801853413)
2026-07-29 16:40:01,082 [ERROR] aiogram.dispatcher: Failed to fetch updates - TelegramNetworkError: HTTP Client says - ClientConnectorDNSError: Cannot connect to host api.telegram.org:443 ssl:default [getaddrinfo failed]
2026-07-29 16:40:01,083 [WARNING] aiogram.dispatcher: Sleep for 2.235935 seconds and try again... (tryings = 3, bot id = 8801853413)
2026-07-29 16:40:03,338 [ERROR] aiogram.dispatcher: Failed to fetch updates - TelegramNetworkError: HTTP Client says - ClientConnectorDNSError: Cannot connect to host api.telegram.org:443 ssl:default [getaddrinfo failed]
2026-07-29 16:40:03,338 [WARNING] aiogram.dispatcher: Sleep for 2.942143 seconds and try again... (tryings = 4, bot id = 8801853413)
2026-07-29 16:40:06,290 [ERROR] aiogram.dispatcher: Failed to fetch updates - TelegramNetworkError: HTTP Client says - ClientConnectorDNSError: Cannot connect to host api.telegram.org:443 ssl:default [getaddrinfo failed]
2026-07-29 16:40:06,290 [WARNING] aiogram.dispatcher: Sleep for 3.705803 seconds and try again... (tryings = 5, bot id = 8801853413)
2026-07-29 16:40:10,137 [ERROR] aiogram.dispatcher: Failed to fetch updates - TelegramNetworkError: HTTP Client says - ClientConnectorDNSError: Cannot connect to host api.telegram.org:443 ssl:default [getaddrinfo failed]
2026-07-29 16:40:10,164 [WARNING] aiogram.dispatcher: Sleep for 4.953411 seconds and try again... (tryings = 6, bot id = 8801853413)
2026-07-29 16:40:15,184 [ERROR] aiogram.dispatcher: Failed to fetch updates - TelegramNetworkError: HTTP Client says - ClientConnectorDNSError: Cannot connect to host api.telegram.org:443 ssl:default [getaddrinfo failed]
2026-07-29 16:40:15,184 [WARNING] aiogram.dispatcher: Sleep for 5.019422 seconds and try again... (tryings = 7, bot id = 8801853413)
2026-07-29 16:40:31,037 [INFO] aiogram.dispatcher: Connection established (tryings = 8, bot id = 8801853413)
2026-07-29 18:45:13,570 [INFO] aiogram.dispatcher: Polling stopped
2026-07-29 18:45:13,574 [ERROR] aiogram.dispatcher: Failed to fetch updates - TelegramNetworkError: HTTP Client says - ServerDisconnectedError: Server disconnected
2026-07-29 18:45:13,574 [WARNING] aiogram.dispatcher: Sleep for 1.000000 seconds and try again... (tryings = 0, bot id = 8801853413)
2026-07-29 18:45:13,841 [INFO] aiogram.dispatcher: Polling stopped for bot @SentinelService_bot id=8801853413 - '𝕹𝖎𝖌𝖍𝖙𝖜𝖆𝖑𝖐𝖊𝖗 | Gate'
2026-07-29 19:25:03,111 [INFO] aiogram.dispatcher: Start polling
2026-07-29 19:25:03,530 [INFO] aiogram.dispatcher: Run polling for bot @SentinelService_bot id=8801853413 - '𝕹𝖎𝖌𝖍𝖙𝖜𝖆𝖑𝖐𝖊𝖗 | Gate'
2026-07-29 19:29:02,172 [INFO] aiogram.dispatcher: Polling stopped
2026-07-29 19:29:02,174 [ERROR] aiogram.dispatcher: Failed to fetch updates - TelegramNetworkError: HTTP Client says - ServerDisconnectedError: Server disconnected
2026-07-29 19:29:02,175 [WARNING] aiogram.dispatcher: Sleep for 1.000000 seconds and try again... (tryings = 0, bot id = 8801853413)
2026-07-29 19:29:02,428 [INFO] aiogram.dispatcher: Polling stopped for bot @SentinelService_bot id=8801853413 - '𝕹𝖎𝖌𝖍𝖙𝖜𝖆𝖑𝖐𝖊𝖗 | Gate'
2026-07-29 19:29:11,517 [INFO] aiogram.dispatcher: Start polling
2026-07-29 19:29:12,228 [INFO] aiogram.dispatcher: Run polling for bot @SentinelService_bot id=8801853413 - '𝕹𝖎𝖌𝖍𝖙𝖜𝖆𝖑𝖐𝖊𝖗 | Gate'
2026-07-29 19:31:53,879 [INFO] aiogram.dispatcher: Polling stopped
2026-07-29 19:31:53,882 [ERROR] aiogram.dispatcher: Failed to fetch updates - TelegramNetworkError: HTTP Client says - ServerDisconnectedError: Server disconnected
2026-07-29 19:31:53,883 [WARNING] aiogram.dispatcher: Sleep for 1.000000 seconds and try again... (tryings = 0, bot id = 8801853413)
2026-07-29 19:31:54,137 [INFO] aiogram.dispatcher: Polling stopped for bot @SentinelService_bot id=8801853413 - '𝕹𝖎𝖌𝖍𝖙𝖜𝖆𝖑𝖐𝖊𝖗 | Gate'
2026-07-29 19:32:04,787 [INFO] aiogram.dispatcher: Start polling
2026-07-29 19:32:05,388 [INFO] aiogram.dispatcher: Run polling for bot @SentinelService_bot id=8801853413 - '𝕹𝖎𝖌𝖍𝖙𝖜𝖆𝖑𝖐𝖊𝖗 | Gate'
2026-07-29 19:51:38,209 [INFO] aiogram.dispatcher: Polling stopped
2026-07-29 19:51:38,212 [ERROR] aiogram.dispatcher: Failed to fetch updates - TelegramNetworkError: HTTP Client says - ServerDisconnectedError: Server disconnected
2026-07-29 19:51:38,212 [WARNING] aiogram.dispatcher: Sleep for 1.000000 seconds and try again... (tryings = 0, bot id = 8801853413)
2026-07-29 19:51:38,468 [INFO] aiogram.dispatcher: Polling stopped for bot @SentinelService_bot id=8801853413 - '𝕹𝖎𝖌𝖍𝖙𝖜𝖆𝖑𝖐𝖊𝖗 | Gate'
2026-07-29 19:55:27,669 [INFO] aiogram.dispatcher: Start polling
2026-07-29 19:55:28,127 [INFO] aiogram.dispatcher: Run polling for bot @SentinelService_bot id=8801853413 - '𝕹𝖎𝖌𝖍𝖙𝖜𝖆𝖑𝖐𝖊𝖗 | Gate'
2026-07-29 19:58:11,941 [INFO] aiogram.dispatcher: Polling stopped
2026-07-29 19:58:11,943 [ERROR] aiogram.dispatcher: Failed to fetch updates - TelegramNetworkError: HTTP Client says - ServerDisconnectedError: Server disconnected
2026-07-29 19:58:11,944 [WARNING] aiogram.dispatcher: Sleep for 1.000000 seconds and try again... (tryings = 0, bot id = 8801853413)
2026-07-29 19:58:12,211 [INFO] aiogram.dispatcher: Polling stopped for bot @SentinelService_bot id=8801853413 - '𝕹𝖎𝖌𝖍𝖙𝖜𝖆𝖑𝖐𝖊𝖗 | Gate'
2026-07-29 19:58:23,701 [INFO] aiogram.dispatcher: Start polling
2026-07-29 19:58:24,252 [INFO] aiogram.dispatcher: Run polling for bot @SentinelService_bot id=8801853413 - '𝕹𝖎𝖌𝖍𝖙𝖜𝖆𝖑𝖐𝖊𝖗 | Gate'
2026-07-29 19:59:17,576 [INFO] aiogram.event: Update id=300985075 is handled. Duration 1735 ms by bot id=8801853413
2026-07-29 19:59:24,367 [INFO] aiogram.event: Update id=300985076 is handled. Duration 333 ms by bot id=8801853413
2026-07-29 19:59:36,412 [INFO] aiogram.event: Update id=300985077 is handled. Duration 1271 ms by bot id=8801853413
2026-07-29 20:01:37,487 [INFO] aiogram.dispatcher: Polling stopped
2026-07-29 20:01:37,490 [ERROR] aiogram.dispatcher: Failed to fetch updates - TelegramNetworkError: HTTP Client says - ServerDisconnectedError: Server disconnected
2026-07-29 20:01:37,490 [WARNING] aiogram.dispatcher: Sleep for 1.000000 seconds and try again... (tryings = 0, bot id = 8801853413)
2026-07-29 20:01:37,747 [INFO] aiogram.dispatcher: Polling stopped for bot @SentinelService_bot id=8801853413 - '𝕹𝖎𝖌𝖍𝖙𝖜𝖆𝖑𝖐𝖊𝖗 | Gate'
2026-07-29 20:01:50,634 [INFO] aiogram.dispatcher: Start polling
2026-07-29 20:01:51,013 [INFO] aiogram.dispatcher: Run polling for bot @SentinelService_bot id=8801853413 - '𝕹𝖎𝖌𝖍𝖙𝖜𝖆𝖑𝖐𝖊𝖗 | Gate'
2026-07-29 20:03:02,351 [INFO] aiogram.event: Update id=300985078 is handled. Duration 1547 ms by bot id=8801853413
2026-07-29 20:03:10,806 [INFO] aiogram.event: Update id=300985079 is handled. Duration 371 ms by bot id=8801853413
2026-07-29 20:17:08,693 [INFO] aiogram.event: Update id=300985080 is handled. Duration 1534 ms by bot id=8801853413
2026-07-29 20:17:11,662 [INFO] aiogram.event: Update id=300985081 is handled. Duration 406 ms by bot id=8801853413
2026-07-29 20:26:06,481 [INFO] aiogram.event: Update id=300985082 is handled. Duration 1366 ms by bot id=8801853413
2026-07-29 20:26:12,747 [INFO] aiogram.event: Update id=300985083 is handled. Duration 406 ms by bot id=8801853413
2026-07-29 20:48:09,362 [INFO] aiogram.event: Update id=300985084 is handled. Duration 1164 ms by bot id=8801853413
2026-07-29 20:52:50,207 [INFO] aiogram.event: Update id=300985085 is handled. Duration 1328 ms by bot id=8801853413
2026-07-29 20:53:41,249 [INFO] aiogram.event: Update id=300985086 is handled. Duration 1439 ms by bot id=8801853413
2026-07-29 23:03:23,981 [ERROR] aiogram.dispatcher: Failed to fetch updates - TelegramNetworkError: HTTP Client says - Request timeout error
2026-07-29 23:03:24,000 [WARNING] aiogram.dispatcher: Sleep for 1.000000 seconds and try again... (tryings = 0, bot id = 8801853413)
2026-07-29 23:03:25,084 [ERROR] aiogram.dispatcher: Failed to fetch updates - TelegramNetworkError: HTTP Client says - ClientConnectorDNSError: Cannot connect to host api.telegram.org:443 ssl:default [getaddrinfo failed]
2026-07-29 23:03:25,093 [WARNING] aiogram.dispatcher: Sleep for 1.384366 seconds and try again... (tryings = 1, bot id = 8801853413)
2026-07-29 23:03:26,492 [ERROR] aiogram.dispatcher: Failed to fetch updates - TelegramNetworkError: HTTP Client says - ClientConnectorDNSError: Cannot connect to host api.telegram.org:443 ssl:default [getaddrinfo failed]
2026-07-29 23:03:26,493 [WARNING] aiogram.dispatcher: Sleep for 1.795037 seconds and try again... (tryings = 2, bot id = 8801853413)
2026-07-29 23:03:28,298 [ERROR] aiogram.dispatcher: Failed to fetch updates - TelegramNetworkError: HTTP Client says - ClientConnectorDNSError: Cannot connect to host api.telegram.org:443 ssl:default [getaddrinfo failed]
2026-07-29 23:03:28,298 [WARNING] aiogram.dispatcher: Sleep for 2.228332 seconds and try again... (tryings = 3, bot id = 8801853413)
2026-07-31 15:37:47,167 [ERROR] aiogram.dispatcher: Failed to fetch updates - TelegramNetworkError: HTTP Client says - ClientConnectorDNSError: Cannot connect to host api.telegram.org:443 ssl:default [getaddrinfo failed]
2026-07-31 15:37:47,183 [WARNING] aiogram.dispatcher: Sleep for 3.035733 seconds and try again... (tryings = 4, bot id = 8801853413)
2026-07-31 15:37:50,254 [ERROR] aiogram.dispatcher: Failed to fetch updates - TelegramNetworkError: HTTP Client says - ClientConnectorDNSError: Cannot connect to host api.telegram.org:443 ssl:default [getaddrinfo failed]
2026-07-31 15:37:50,255 [WARNING] aiogram.dispatcher: Sleep for 3.935806 seconds and try again... (tryings = 5, bot id = 8801853413)
2026-07-31 15:37:54,196 [ERROR] aiogram.dispatcher: Failed to fetch updates - TelegramNetworkError: HTTP Client says - ClientConnectorDNSError: Cannot connect to host api.telegram.org:443 ssl:default [getaddrinfo failed]
2026-07-31 15:37:54,197 [WARNING] aiogram.dispatcher: Sleep for 5.009564 seconds and try again... (tryings = 6, bot id = 8801853413)
2026-07-31 15:37:59,217 [ERROR] aiogram.dispatcher: Failed to fetch updates - TelegramNetworkError: HTTP Client says - ClientConnectorDNSError: Cannot connect to host api.telegram.org:443 ssl:default [getaddrinfo failed]
2026-07-31 15:37:59,219 [WARNING] aiogram.dispatcher: Sleep for 5.047461 seconds and try again... (tryings = 7, bot id = 8801853413)
2026-07-31 15:38:04,283 [ERROR] aiogram.dispatcher: Failed to fetch updates - TelegramNetworkError: HTTP Client says - ClientConnectorDNSError: Cannot connect to host api.telegram.org:443 ssl:default [getaddrinfo failed]
2026-07-31 15:38:04,286 [WARNING] aiogram.dispatcher: Sleep for 4.967563 seconds and try again... (tryings = 8, bot id = 8801853413)
2026-07-31 15:38:09,269 [ERROR] aiogram.dispatcher: Failed to fetch updates - TelegramNetworkError: HTTP Client says - ClientConnectorDNSError: Cannot connect to host api.telegram.org:443 ssl:default [getaddrinfo failed]
2026-07-31 15:38:09,272 [WARNING] aiogram.dispatcher: Sleep for 4.972223 seconds and try again... (tryings = 9, bot id = 8801853413)
2026-07-31 15:38:14,257 [ERROR] aiogram.dispatcher: Failed to fetch updates - TelegramNetworkError: HTTP Client says - ClientConnectorDNSError: Cannot connect to host api.telegram.org:443 ssl:default [getaddrinfo failed]
2026-07-31 15:38:14,258 [WARNING] aiogram.dispatcher: Sleep for 5.023476 seconds and try again... (tryings = 10, bot id = 8801853413)
2026-07-31 15:38:19,301 [ERROR] aiogram.dispatcher: Failed to fetch updates - TelegramNetworkError: HTTP Client says - ClientConnectorDNSError: Cannot connect to host api.telegram.org:443 ssl:default [getaddrinfo failed]
2026-07-31 15:38:19,302 [WARNING] aiogram.dispatcher: Sleep for 5.052021 seconds and try again... (tryings = 11, bot id = 8801853413)
2026-07-31 15:38:24,360 [ERROR] aiogram.dispatcher: Failed to fetch updates - TelegramNetworkError: HTTP Client says - ClientConnectorDNSError: Cannot connect to host api.telegram.org:443 ssl:default [getaddrinfo failed]
2026-07-31 15:38:24,362 [WARNING] aiogram.dispatcher: Sleep for 4.934093 seconds and try again... (tryings = 12, bot id = 8801853413)
2026-07-31 15:38:29,301 [ERROR] aiogram.dispatcher: Failed to fetch updates - TelegramNetworkError: HTTP Client says - ClientConnectorDNSError: Cannot connect to host api.telegram.org:443 ssl:default [getaddrinfo failed]
2026-07-31 15:38:29,302 [WARNING] aiogram.dispatcher: Sleep for 4.890457 seconds and try again... (tryings = 13, bot id = 8801853413)
2026-07-31 15:38:34,203 [ERROR] aiogram.dispatcher: Failed to fetch updates - TelegramNetworkError: HTTP Client says - ClientConnectorDNSError: Cannot connect to host api.telegram.org:443 ssl:default [getaddrinfo failed]
2026-07-31 15:38:34,204 [WARNING] aiogram.dispatcher: Sleep for 5.011498 seconds and try again... (tryings = 14, bot id = 8801853413)
2026-07-31 15:38:39,220 [ERROR] aiogram.dispatcher: Failed to fetch updates - TelegramNetworkError: HTTP Client says - ClientConnectorDNSError: Cannot connect to host api.telegram.org:443 ssl:default [getaddrinfo failed]
2026-07-31 15:38:39,220 [WARNING] aiogram.dispatcher: Sleep for 4.921023 seconds and try again... (tryings = 15, bot id = 8801853413)
2026-07-31 15:38:44,147 [ERROR] aiogram.dispatcher: Failed to fetch updates - TelegramNetworkError: HTTP Client says - ClientConnectorDNSError: Cannot connect to host api.telegram.org:443 ssl:default [getaddrinfo failed]
2026-07-31 15:38:44,147 [WARNING] aiogram.dispatcher: Sleep for 5.248559 seconds and try again... (tryings = 16, bot id = 8801853413)
2026-07-31 15:38:49,405 [ERROR] aiogram.dispatcher: Failed to fetch updates - TelegramNetworkError: HTTP Client says - ClientConnectorDNSError: Cannot connect to host api.telegram.org:443 ssl:default [getaddrinfo failed]
2026-07-31 15:38:49,406 [WARNING] aiogram.dispatcher: Sleep for 5.034248 seconds and try again... (tryings = 17, bot id = 8801853413)
2026-07-31 15:38:54,452 [ERROR] aiogram.dispatcher: Failed to fetch updates - TelegramNetworkError: HTTP Client says - ClientConnectorDNSError: Cannot connect to host api.telegram.org:443 ssl:default [getaddrinfo failed]
2026-07-31 15:38:54,453 [WARNING] aiogram.dispatcher: Sleep for 5.006955 seconds and try again... (tryings = 18, bot id = 8801853413)
2026-07-31 15:38:59,475 [ERROR] aiogram.dispatcher: Failed to fetch updates - TelegramNetworkError: HTTP Client says - ClientConnectorDNSError: Cannot connect to host api.telegram.org:443 ssl:default [getaddrinfo failed]
2026-07-31 15:38:59,475 [WARNING] aiogram.dispatcher: Sleep for 5.020459 seconds and try again... (tryings = 19, bot id = 8801853413)
2026-07-31 15:39:04,515 [ERROR] aiogram.dispatcher: Failed to fetch updates - TelegramNetworkError: HTTP Client says - ClientConnectorDNSError: Cannot connect to host api.telegram.org:443 ssl:default [getaddrinfo failed]
2026-07-31 15:39:04,515 [WARNING] aiogram.dispatcher: Sleep for 4.871558 seconds and try again... (tryings = 20, bot id = 8801853413)
2026-07-31 15:39:09,406 [ERROR] aiogram.dispatcher: Failed to fetch updates - TelegramNetworkError: HTTP Client says - ClientConnectorDNSError: Cannot connect to host api.telegram.org:443 ssl:default [getaddrinfo failed]
2026-07-31 15:39:09,407 [WARNING] aiogram.dispatcher: Sleep for 4.964829 seconds and try again... (tryings = 21, bot id = 8801853413)
2026-07-31 15:39:14,387 [ERROR] aiogram.dispatcher: Failed to fetch updates - TelegramNetworkError: HTTP Client says - ClientConnectorDNSError: Cannot connect to host api.telegram.org:443 ssl:default [getaddrinfo failed]
2026-07-31 15:39:14,388 [WARNING] aiogram.dispatcher: Sleep for 5.189868 seconds and try again... (tryings = 22, bot id = 8801853413)
2026-07-31 15:39:19,594 [ERROR] aiogram.dispatcher: Failed to fetch updates - TelegramNetworkError: HTTP Client says - ClientConnectorDNSError: Cannot connect to host api.telegram.org:443 ssl:default [getaddrinfo failed]
2026-07-31 15:39:19,594 [WARNING] aiogram.dispatcher: Sleep for 5.002015 seconds and try again... (tryings = 23, bot id = 8801853413)
2026-07-31 15:39:25,727 [INFO] aiogram.dispatcher: Connection established (tryings = 24, bot id = 8801853413)
2026-07-31 15:39:29,052 [INFO] aiogram.event: Update id=300985088 is handled. Duration 3285 ms by bot id=8801853413
2026-07-31 15:39:29,148 [INFO] aiogram.event: Update id=300985089 is handled. Duration 3297 ms by bot id=8801853413
2026-07-31 15:39:29,242 [INFO] aiogram.event: Update id=300985090 is handled. Duration 3335 ms by bot id=8801853413
2026-07-31 15:58:03,005 [INFO] aiogram.event: Update id=300985091 is handled. Duration 377 ms by bot id=8801853413
2026-07-31 16:05:25,568 [INFO] aiogram.event: Update id=300985092 is handled. Duration 362 ms by bot id=8801853413
2026-07-31 16:26:26,949 [INFO] aiogram.event: Update id=300985093 is handled. Duration 158 ms by bot id=8801853413
2026-07-31 16:26:28,995 [INFO] aiogram.event: Update id=300985094 is not handled. Duration 153 ms by bot id=8801853413
2026-07-31 16:26:28,996 [ERROR] aiogram.event: Cause exception while process update id=300985094 by bot id=8801853413
TelegramBadRequest: Telegram server says - Bad Request: message is not modified: specified new message content and reply markup are exactly the same as a current content and reply markup of the message
Traceback (most recent call last):
  File "C:\Users\Лариса\AppData\Local\Python\pythoncore-3.14-64\Lib\site-packages\aiogram\dispatcher\dispatcher.py", line 320, in _process_update
    response = await self.feed_update(bot, update, **kwargs)
               ^^^^^^^^^^^^^^^^^^^^^^^^^^^^^^^^^^^^^^^^^^^^^
  File "C:\Users\Лариса\AppData\Local\Python\pythoncore-3.14-64\Lib\site-packages\aiogram\dispatcher\dispatcher.py", line 164, in feed_update
    response = await self.update.wrap_outer_middleware(
               ^^^^^^^^^^^^^^^^^^^^^^^^^^^^^^^^^^^^^^^^
    ...<7 lines>...
    )
    ^
  File "C:\Users\Лариса\AppData\Local\Python\pythoncore-3.14-64\Lib\site-packages\aiogram\dispatcher\middlewares\error.py", line 27, in __call__
    return await handler(event, data)
           ^^^^^^^^^^^^^^^^^^^^^^^^^^
  File "C:\Users\Лариса\AppData\Local\Python\pythoncore-3.14-64\Lib\site-packages\aiogram\dispatcher\middlewares\user_context.py", line 58, in __call__
    return await handler(event, data)
           ^^^^^^^^^^^^^^^^^^^^^^^^^^
  File "C:\Users\Лариса\AppData\Local\Python\pythoncore-3.14-64\Lib\site-packages\aiogram\fsm\middleware.py", line 43, in __call__
    return await handler(event, data)
           ^^^^^^^^^^^^^^^^^^^^^^^^^^
  File "C:\Users\Лариса\AppData\Local\Python\pythoncore-3.14-64\Lib\site-packages\aiogram\dispatcher\event\telegram.py", line 126, in trigger
    return await wrapped_inner(event, kwargs)
           ^^^^^^^^^^^^^^^^^^^^^^^^^^^^^^^^^^
  File "C:\Users\Лариса\AppData\Local\Python\pythoncore-3.14-64\Lib\site-packages\aiogram\dispatcher\event\handler.py", line 71, in call
    return await wrapped()
           ^^^^^^^^^^^^^^^
  File "C:\Users\Лариса\AppData\Local\Python\pythoncore-3.14-64\Lib\site-packages\aiogram\dispatcher\dispatcher.py", line 283, in _listen_update
    return await self.propagate_event(update_type=update_type, event=event, **kwargs)
           ^^^^^^^^^^^^^^^^^^^^^^^^^^^^^^^^^^^^^^^^^^^^^^^^^^^^^^^^^^^^^^^^^^^^^^^^^^
  File "C:\Users\Лариса\AppData\Local\Python\pythoncore-3.14-64\Lib\site-packages\aiogram\dispatcher\router.py", line 165, in propagate_event
    return await observer.wrap_outer_middleware(_wrapped, event=event, data=kwargs)
           ^^^^^^^^^^^^^^^^^^^^^^^^^^^^^^^^^^^^^^^^^^^^^^^^^^^^^^^^^^^^^^^^^^^^^^^^
  File "C:\Users\Лариса\AppData\Local\Python\pythoncore-3.14-64\Lib\site-packages\aiogram\dispatcher\router.py", line 157, in _wrapped
    return await self._propagate_event(
           ^^^^^^^^^^^^^^^^^^^^^^^^^^^^
    ...<4 lines>...
    )
    ^
  File "C:\Users\Лариса\AppData\Local\Python\pythoncore-3.14-64\Lib\site-packages\aiogram\dispatcher\router.py", line 185, in _propagate_event
    response = await observer.trigger(event, **kwargs)
               ^^^^^^^^^^^^^^^^^^^^^^^^^^^^^^^^^^^^^^^
  File "C:\Users\Лариса\AppData\Local\Python\pythoncore-3.14-64\Lib\site-packages\aiogram\dispatcher\event\telegram.py", line 126, in trigger
    return await wrapped_inner(event, kwargs)
           ^^^^^^^^^^^^^^^^^^^^^^^^^^^^^^^^^^
  File "C:\Users\Лариса\AppData\Local\Python\pythoncore-3.14-64\Lib\site-packages\aiogram\dispatcher\event\handler.py", line 71, in call
    return await wrapped()
           ^^^^^^^^^^^^^^^
  File "C:\Users\Лариса\Documents\OfficialBot\bot.py", line 318, in callback_handler
    if len(parts) > 1:
  File "C:\Users\Лариса\AppData\Local\Python\pythoncore-3.14-64\Lib\site-packages\aiogram\methods\base.py", line 82, in emit
    return await bot(self)
           ^^^^^^^^^^^^^^^
  File "C:\Users\Лариса\AppData\Local\Python\pythoncore-3.14-64\Lib\site-packages\aiogram\client\bot.py", line 509, in __call__
    return await self.session(self, method, timeout=request_timeout)
           ^^^^^^^^^^^^^^^^^^^^^^^^^^^^^^^^^^^^^^^^^^^^^^^^^^^^^^^^^
  File "C:\Users\Лариса\AppData\Local\Python\pythoncore-3.14-64\Lib\site-packages\aiogram\client\session\base.py", line 259, in __call__
    return cast(TelegramType, await middleware(bot, method))
                              ^^^^^^^^^^^^^^^^^^^^^^^^^^^^^
  File "C:\Users\Лариса\AppData\Local\Python\pythoncore-3.14-64\Lib\site-packages\aiogram\client\session\aiohttp.py", line 177, in make_request
    response = self.check_response(
        bot=bot,
    ...<2 lines>...
        content=raw_result,
    )
  File "C:\Users\Лариса\AppData\Local\Python\pythoncore-3.14-64\Lib\site-packages\aiogram\client\session\base.py", line 121, in check_response
    raise TelegramBadRequest(method=method, message=description)
aiogram.exceptions.TelegramBadRequest: Telegram server says - Bad Request: message is not modified: specified new message content and reply markup are exactly the same as a current content and reply markup of the message
2026-07-31 16:26:33,069 [INFO] aiogram.event: Update id=300985095 is handled. Duration 336 ms by bot id=8801853413
2026-07-31 16:26:34,912 [INFO] aiogram.event: Update id=300985096 is handled. Duration 325 ms by bot id=8801853413
2026-07-31 16:28:07,243 [INFO] aiogram.dispatcher: Polling stopped
2026-07-31 16:28:07,246 [ERROR] aiogram.dispatcher: Failed to fetch updates - TelegramNetworkError: HTTP Client says - ServerDisconnectedError: Server disconnected
2026-07-31 16:28:07,247 [WARNING] aiogram.dispatcher: Sleep for 1.000000 seconds and try again... (tryings = 0, bot id = 8801853413)
2026-07-31 16:28:07,514 [INFO] aiogram.dispatcher: Polling stopped for bot @SentinelService_bot id=8801853413 - '𝕹𝖎𝖌𝖍𝖙𝖜𝖆𝖑𝖐𝖊𝖗 | Gate'
2026-07-31 16:40:40,791 [INFO] aiogram.dispatcher: Start polling
2026-07-31 16:40:43,480 [INFO] aiogram.dispatcher: Polling stopped
2026-07-31 16:40:43,743 [ERROR] root: Критическая ошибка polling, перезапуск через 5 сек: Telegram server says - Unauthorized
2026-07-31 16:40:48,759 [INFO] aiogram.dispatcher: Start polling
2026-07-31 16:40:49,172 [INFO] aiogram.dispatcher: Polling stopped
2026-07-31 16:40:49,429 [ERROR] root: Критическая ошибка polling, перезапуск через 5 сек: Telegram server says - Unauthorized
2026-07-31 16:40:54,445 [INFO] aiogram.dispatcher: Start polling
2026-07-31 16:40:54,958 [INFO] aiogram.dispatcher: Polling stopped
2026-07-31 16:40:55,224 [ERROR] root: Критическая ошибка polling, перезапуск через 5 сек: Telegram server says - Unauthorized
2026-07-31 16:41:00,239 [INFO] aiogram.dispatcher: Start polling
2026-07-31 16:41:00,886 [INFO] aiogram.dispatcher: Polling stopped
2026-07-31 16:41:01,141 [ERROR] root: Критическая ошибка polling, перезапуск через 5 сек: Telegram server says - Unauthorized
2026-07-31 16:41:06,144 [INFO] aiogram.dispatcher: Start polling
2026-07-31 16:41:06,622 [INFO] aiogram.dispatcher: Polling stopped
2026-07-31 16:41:06,881 [ERROR] root: Критическая ошибка polling, перезапуск через 5 сек: Telegram server says - Unauthorized
2026-07-31 16:41:11,891 [INFO] aiogram.dispatcher: Start polling
2026-07-31 16:41:12,564 [INFO] aiogram.dispatcher: Polling stopped
2026-07-31 16:41:12,823 [ERROR] root: Критическая ошибка polling, перезапуск через 5 сек: Telegram server says - Unauthorized
2026-07-31 16:41:17,828 [INFO] aiogram.dispatcher: Start polling
2026-07-31 16:41:18,193 [INFO] aiogram.dispatcher: Polling stopped
2026-07-31 16:41:18,459 [ERROR] root: Критическая ошибка polling, перезапуск через 5 сек: Telegram server says - Unauthorized
2026-07-31 16:41:23,476 [INFO] aiogram.dispatcher: Start polling
2026-07-31 16:41:24,040 [INFO] aiogram.dispatcher: Polling stopped
2026-07-31 16:41:24,297 [ERROR] root: Критическая ошибка polling, перезапуск через 5 сек: Telegram server says - Unauthorized
2026-07-31 16:41:29,299 [INFO] aiogram.dispatcher: Start polling
2026-07-31 16:41:29,767 [INFO] aiogram.dispatcher: Polling stopped
2026-07-31 16:41:30,023 [ERROR] root: Критическая ошибка polling, перезапуск через 5 сек: Telegram server says - Unauthorized
2026-07-31 16:41:35,025 [INFO] aiogram.dispatcher: Start polling
2026-07-31 16:41:35,358 [INFO] aiogram.dispatcher: Polling stopped
2026-07-31 16:41:35,625 [ERROR] root: Критическая ошибка polling, перезапуск через 5 сек: Telegram server says - Unauthorized
2026-07-31 16:41:40,639 [INFO] aiogram.dispatcher: Start polling
2026-07-31 16:41:41,001 [INFO] aiogram.dispatcher: Polling stopped
2026-07-31 16:41:41,258 [ERROR] root: Критическая ошибка polling, перезапуск через 5 сек: Telegram server says - Unauthorized
2026-07-31 16:41:46,274 [INFO] aiogram.dispatcher: Start polling
2026-07-31 16:41:46,661 [INFO] aiogram.dispatcher: Polling stopped
2026-07-31 16:41:46,925 [ERROR] root: Критическая ошибка polling, перезапуск через 5 сек: Telegram server says - Unauthorized
2026-07-31 16:41:51,929 [INFO] aiogram.dispatcher: Start polling
2026-07-31 16:41:52,649 [INFO] aiogram.dispatcher: Polling stopped
2026-07-31 16:41:52,905 [ERROR] root: Критическая ошибка polling, перезапуск через 5 сек: Telegram server says - Unauthorized
2026-07-31 16:41:57,918 [INFO] aiogram.dispatcher: Start polling
2026-07-31 16:41:58,278 [INFO] aiogram.dispatcher: Polling stopped
2026-07-31 16:41:58,536 [ERROR] root: Критическая ошибка polling, перезапуск через 5 сек: Telegram server says - Unauthorized
2026-07-31 16:42:03,540 [INFO] aiogram.dispatcher: Start polling
2026-07-31 16:42:03,891 [INFO] aiogram.dispatcher: Polling stopped
2026-07-31 16:42:04,157 [ERROR] root: Критическая ошибка polling, перезапуск через 5 сек: Telegram server says - Unauthorized
2026-07-31 16:42:09,169 [INFO] aiogram.dispatcher: Start polling
2026-07-31 16:42:09,700 [INFO] aiogram.dispatcher: Polling stopped
2026-07-31 16:42:09,956 [ERROR] root: Критическая ошибка polling, перезапуск через 5 сек: Telegram server says - Unauthorized
2026-07-31 16:42:14,971 [INFO] aiogram.dispatcher: Start polling
2026-07-31 16:42:15,351 [INFO] aiogram.dispatcher: Polling stopped
2026-07-31 16:42:15,610 [ERROR] root: Критическая ошибка polling, перезапуск через 5 сек: Telegram server says - Unauthorized
2026-07-31 16:42:20,620 [INFO] aiogram.dispatcher: Start polling
2026-07-31 16:42:21,147 [INFO] aiogram.dispatcher: Polling stopped
2026-07-31 16:42:21,405 [ERROR] root: Критическая ошибка polling, перезапуск через 5 сек: Telegram server says - Unauthorized
2026-07-31 16:42:26,422 [INFO] aiogram.dispatcher: Start polling
2026-07-31 16:42:26,859 [INFO] aiogram.dispatcher: Polling stopped
2026-07-31 16:42:27,117 [ERROR] root: Критическая ошибка polling, перезапуск через 5 сек: Telegram server says - Unauthorized
2026-07-31 16:42:32,119 [INFO] aiogram.dispatcher: Start polling
2026-07-31 16:42:32,694 [INFO] aiogram.dispatcher: Polling stopped
2026-07-31 16:42:32,953 [ERROR] root: Критическая ошибка polling, перезапуск через 5 сек: Telegram server says - Unauthorized
2026-07-31 16:42:37,969 [INFO] aiogram.dispatcher: Start polling
2026-07-31 16:42:38,577 [INFO] aiogram.dispatcher: Polling stopped
2026-07-31 16:42:38,835 [ERROR] root: Критическая ошибка polling, перезапуск через 5 сек: Telegram server says - Unauthorized
2026-07-31 16:42:43,839 [INFO] aiogram.dispatcher: Start polling
2026-07-31 16:42:44,313 [INFO] aiogram.dispatcher: Polling stopped
2026-07-31 16:42:44,572 [ERROR] root: Критическая ошибка polling, перезапуск через 5 сек: Telegram server says - Unauthorized
2026-07-31 16:42:49,584 [INFO] aiogram.dispatcher: Start polling
2026-07-31 16:42:50,046 [INFO] aiogram.dispatcher: Polling stopped
2026-07-31 16:42:50,303 [ERROR] root: Критическая ошибка polling, перезапуск через 5 сек: Telegram server says - Unauthorized
2026-07-31 16:42:55,318 [INFO] aiogram.dispatcher: Start polling
2026-07-31 16:42:55,883 [INFO] aiogram.dispatcher: Polling stopped
2026-07-31 16:42:56,138 [ERROR] root: Критическая ошибка polling, перезапуск через 5 сек: Telegram server says - Unauthorized
2026-07-31 16:43:01,153 [INFO] aiogram.dispatcher: Start polling
2026-07-31 16:43:01,554 [INFO] aiogram.dispatcher: Polling stopped
2026-07-31 16:43:01,820 [ERROR] root: Критическая ошибка polling, перезапуск через 5 сек: Telegram server says - Unauthorized
2026-07-31 16:43:24,509 [INFO] aiogram.dispatcher: Start polling
2026-07-31 16:43:25,039 [INFO] aiogram.dispatcher: Polling stopped
2026-07-31 16:43:25,297 [ERROR] root: Критическая ошибка polling, перезапуск через 5 сек: Telegram server says - Unauthorized
2026-07-31 16:43:30,303 [INFO] aiogram.dispatcher: Start polling
2026-07-31 16:43:30,921 [INFO] aiogram.dispatcher: Polling stopped
2026-07-31 16:43:31,185 [ERROR] root: Критическая ошибка polling, перезапуск через 5 сек: Telegram server says - Unauthorized
2026-07-31 16:43:36,200 [INFO] aiogram.dispatcher: Start polling
2026-07-31 16:43:36,805 [INFO] aiogram.dispatcher: Polling stopped
2026-07-31 16:43:37,068 [ERROR] root: Критическая ошибка polling, перезапуск через 5 сек: Telegram server says - Unauthorized
2026-07-31 16:43:42,082 [INFO] aiogram.dispatcher: Start polling
2026-07-31 16:43:42,476 [INFO] aiogram.dispatcher: Polling stopped
2026-07-31 16:43:42,734 [ERROR] root: Критическая ошибка polling, перезапуск через 5 сек: Telegram server says - Unauthorized
2026-07-31 16:43:47,748 [INFO] aiogram.dispatcher: Start polling
2026-07-31 16:43:48,276 [INFO] aiogram.dispatcher: Polling stopped
2026-07-31 16:43:48,529 [ERROR] root: Критическая ошибка polling, перезапуск через 5 сек: Telegram server says - Unauthorized
2026-07-31 16:43:53,543 [INFO] aiogram.dispatcher: Start polling
2026-07-31 16:43:54,059 [INFO] aiogram.dispatcher: Polling stopped
2026-07-31 16:43:54,323 [ERROR] root: Критическая ошибка polling, перезапуск через 5 сек: Telegram server says - Unauthorized
2026-07-31 16:43:59,333 [INFO] aiogram.dispatcher: Start polling
2026-07-31 16:43:59,991 [INFO] aiogram.dispatcher: Polling stopped
2026-07-31 16:44:00,244 [ERROR] root: Критическая ошибка polling, перезапуск через 5 сек: Telegram server says - Unauthorized
2026-07-31 16:44:05,249 [INFO] aiogram.dispatcher: Start polling
2026-07-31 16:44:05,823 [INFO] aiogram.dispatcher: Polling stopped
2026-07-31 16:44:06,083 [ERROR] root: Критическая ошибка polling, перезапуск через 5 сек: Telegram server says - Unauthorized
2026-07-31 16:44:11,097 [INFO] aiogram.dispatcher: Start polling
2026-07-31 16:44:11,660 [INFO] aiogram.dispatcher: Polling stopped
2026-07-31 16:44:11,913 [ERROR] root: Критическая ошибка polling, перезапуск через 5 сек: Telegram server says - Unauthorized
2026-07-31 16:44:16,924 [INFO] aiogram.dispatcher: Start polling
2026-07-31 16:44:17,395 [INFO] aiogram.dispatcher: Polling stopped
2026-07-31 16:44:17,660 [ERROR] root: Критическая ошибка polling, перезапуск через 5 сек: Telegram server says - Unauthorized
2026-07-31 16:44:22,664 [INFO] aiogram.dispatcher: Start polling
2026-07-31 16:44:23,002 [INFO] aiogram.dispatcher: Polling stopped
2026-07-31 16:44:23,261 [ERROR] root: Критическая ошибка polling, перезапуск через 5 сек: Telegram server says - Unauthorized
2026-07-31 16:44:28,277 [INFO] aiogram.dispatcher: Start polling
2026-07-31 16:44:28,677 [INFO] aiogram.dispatcher: Polling stopped
2026-07-31 16:44:28,932 [ERROR] root: Критическая ошибка polling, перезапуск через 5 сек: Telegram server says - Unauthorized
2026-07-31 16:44:33,944 [INFO] aiogram.dispatcher: Start polling
2026-07-31 16:44:34,601 [INFO] aiogram.dispatcher: Polling stopped
2026-07-31 16:44:34,860 [ERROR] root: Критическая ошибка polling, перезапуск через 5 сек: Telegram server says - Unauthorized
2026-07-31 16:44:39,876 [INFO] aiogram.dispatcher: Start polling
2026-07-31 16:44:40,549 [INFO] aiogram.dispatcher: Polling stopped
2026-07-31 16:44:40,803 [ERROR] root: Критическая ошибка polling, перезапуск через 5 сек: Telegram server says - Unauthorized
2026-07-31 16:44:45,812 [INFO] aiogram.dispatcher: Start polling
2026-07-31 16:44:46,285 [INFO] aiogram.dispatcher: Polling stopped
2026-07-31 16:44:46,546 [ERROR] root: Критическая ошибка polling, перезапуск через 5 сек: Telegram server says - Unauthorized
2026-07-31 16:44:51,560 [INFO] aiogram.dispatcher: Start polling
2026-07-31 16:44:52,211 [INFO] aiogram.dispatcher: Polling stopped
2026-07-31 16:44:52,464 [ERROR] root: Критическая ошибка polling, перезапуск через 5 сек: Telegram server says - Unauthorized
2026-07-31 16:44:57,468 [INFO] aiogram.dispatcher: Start polling
2026-07-31 16:44:57,952 [INFO] aiogram.dispatcher: Polling stopped
2026-07-31 16:44:58,213 [ERROR] root: Критическая ошибка polling, перезапуск через 5 сек: Telegram server says - Unauthorized
2026-07-31 16:45:03,226 [INFO] aiogram.dispatcher: Start polling
2026-07-31 16:45:03,884 [INFO] aiogram.dispatcher: Polling stopped
2026-07-31 16:45:04,146 [ERROR] root: Критическая ошибка polling, перезапуск через 5 сек: Telegram server says - Unauthorized
2026-07-31 16:45:09,159 [INFO] aiogram.dispatcher: Start polling
2026-07-31 16:45:09,722 [INFO] aiogram.dispatcher: Polling stopped
2026-07-31 16:45:09,979 [ERROR] root: Критическая ошибка polling, перезапуск через 5 сек: Telegram server says - Unauthorized
2026-07-31 16:45:14,983 [INFO] aiogram.dispatcher: Start polling
2026-07-31 16:45:15,456 [INFO] aiogram.dispatcher: Polling stopped
2026-07-31 16:45:15,712 [ERROR] root: Критическая ошибка polling, перезапуск через 5 сек: Telegram server says - Unauthorized
2026-07-31 16:45:20,729 [INFO] aiogram.dispatcher: Start polling
2026-07-31 16:45:21,203 [INFO] aiogram.dispatcher: Polling stopped
2026-07-31 16:45:21,457 [ERROR] root: Критическая ошибка polling, перезапуск через 5 сек: Telegram server says - Unauthorized
2026-07-31 16:45:26,462 [INFO] aiogram.dispatcher: Start polling
2026-07-31 16:45:26,926 [INFO] aiogram.dispatcher: Polling stopped
2026-07-31 16:45:27,178 [ERROR] root: Критическая ошибка polling, перезапуск через 5 сек: Telegram server says - Unauthorized
2026-07-31 16:45:32,192 [INFO] aiogram.dispatcher: Start polling
2026-07-31 16:45:32,535 [INFO] aiogram.dispatcher: Polling stopped
2026-07-31 16:45:32,792 [ERROR] root: Критическая ошибка polling, перезапуск через 5 сек: Telegram server says - Unauthorized
2026-07-31 16:45:37,798 [INFO] aiogram.dispatcher: Start polling
2026-07-31 16:45:38,396 [INFO] aiogram.dispatcher: Polling stopped
2026-07-31 16:45:38,663 [ERROR] root: Критическая ошибка polling, перезапуск через 5 сек: Telegram server says - Unauthorized
2026-07-31 16:45:43,671 [INFO] aiogram.dispatcher: Start polling
2026-07-31 16:45:44,239 [INFO] aiogram.dispatcher: Polling stopped
2026-07-31 16:45:44,490 [ERROR] root: Критическая ошибка polling, перезапуск через 5 сек: Telegram server says - Unauthorized
2026-07-31 16:45:49,493 [INFO] aiogram.dispatcher: Start polling
2026-07-31 16:45:50,067 [INFO] aiogram.dispatcher: Polling stopped
2026-07-31 16:45:50,325 [ERROR] root: Критическая ошибка polling, перезапуск через 5 сек: Telegram server says - Unauthorized
2026-07-31 16:45:55,342 [INFO] aiogram.dispatcher: Start polling
2026-07-31 16:45:55,771 [INFO] aiogram.dispatcher: Polling stopped
2026-07-31 16:45:56,024 [ERROR] root: Критическая ошибка polling, перезапуск через 5 сек: Telegram server says - Unauthorized
2026-07-31 16:46:01,026 [INFO] aiogram.dispatcher: Start polling
2026-07-31 16:46:01,434 [INFO] aiogram.dispatcher: Polling stopped
2026-07-31 16:46:01,689 [ERROR] root: Критическая ошибка polling, перезапуск через 5 сек: Telegram server says - Unauthorized
2026-07-31 16:46:06,703 [INFO] aiogram.dispatcher: Start polling
2026-07-31 16:46:07,057 [INFO] aiogram.dispatcher: Polling stopped
2026-07-31 16:46:07,321 [ERROR] root: Критическая ошибка polling, перезапуск через 5 сек: Telegram server says - Unauthorized
2026-07-31 16:46:12,325 [INFO] aiogram.dispatcher: Start polling
2026-07-31 16:46:12,668 [INFO] aiogram.dispatcher: Polling stopped
2026-07-31 16:46:12,925 [ERROR] root: Критическая ошибка polling, перезапуск через 5 сек: Telegram server says - Unauthorized
2026-07-31 16:46:17,939 [INFO] aiogram.dispatcher: Start polling
2026-07-31 16:46:18,460 [INFO] aiogram.dispatcher: Polling stopped
2026-07-31 16:46:18,723 [ERROR] root: Критическая ошибка polling, перезапуск через 5 сек: Telegram server says - Unauthorized
2026-07-31 16:46:23,732 [INFO] aiogram.dispatcher: Start polling
2026-07-31 16:46:24,372 [INFO] aiogram.dispatcher: Polling stopped
2026-07-31 16:46:24,630 [ERROR] root: Критическая ошибка polling, перезапуск через 5 сек: Telegram server says - Unauthorized
2026-07-31 16:46:29,640 [INFO] aiogram.dispatcher: Start polling
2026-07-31 16:46:30,160 [INFO] aiogram.dispatcher: Polling stopped
2026-07-31 16:46:30,424 [ERROR] root: Критическая ошибка polling, перезапуск через 5 сек: Telegram server says - Unauthorized
2026-07-31 16:46:35,436 [INFO] aiogram.dispatcher: Start polling
2026-07-31 16:46:35,819 [INFO] aiogram.dispatcher: Polling stopped
2026-07-31 16:46:36,080 [ERROR] root: Критическая ошибка polling, перезапуск через 5 сек: Telegram server says - Unauthorized
2026-07-31 16:46:41,082 [INFO] aiogram.dispatcher: Start polling
2026-07-31 16:46:41,441 [INFO] aiogram.dispatcher: Polling stopped
2026-07-31 16:46:41,698 [ERROR] root: Критическая ошибка polling, перезапуск через 5 сек: Telegram server says - Unauthorized
2026-07-31 16:46:46,707 [INFO] aiogram.dispatcher: Start polling
2026-07-31 16:46:47,235 [INFO] aiogram.dispatcher: Polling stopped
2026-07-31 16:46:47,490 [ERROR] root: Критическая ошибка polling, перезапуск через 5 сек: Telegram server says - Unauthorized
2026-07-31 16:46:52,498 [INFO] aiogram.dispatcher: Start polling
2026-07-31 16:46:53,053 [INFO] aiogram.dispatcher: Polling stopped
2026-07-31 16:46:53,306 [ERROR] root: Критическая ошибка polling, перезапуск через 5 сек: Telegram server says - Unauthorized
2026-07-31 16:46:58,323 [INFO] aiogram.dispatcher: Start polling
2026-07-31 16:46:58,685 [INFO] aiogram.dispatcher: Polling stopped
2026-07-31 16:46:58,940 [ERROR] root: Критическая ошибка polling, перезапуск через 5 сек: Telegram server says - Unauthorized
2026-07-31 16:47:03,944 [INFO] aiogram.dispatcher: Start polling
2026-07-31 16:47:04,615 [INFO] aiogram.dispatcher: Polling stopped
2026-07-31 16:47:04,883 [ERROR] root: Критическая ошибка polling, перезапуск через 5 сек: Telegram server says - Unauthorized
2026-07-31 16:47:09,899 [INFO] aiogram.dispatcher: Start polling
2026-07-31 16:47:10,351 [INFO] aiogram.dispatcher: Polling stopped
2026-07-31 16:47:10,613 [ERROR] root: Критическая ошибка polling, перезапуск через 5 сек: Telegram server says - Unauthorized
2026-07-31 16:47:15,629 [INFO] aiogram.dispatcher: Start polling
2026-07-31 16:47:16,175 [INFO] aiogram.dispatcher: Polling stopped
2026-07-31 16:47:16,428 [ERROR] root: Критическая ошибка polling, перезапуск через 5 сек: Telegram server says - Unauthorized
2026-07-31 16:47:21,435 [INFO] aiogram.dispatcher: Start polling
2026-07-31 16:47:21,923 [INFO] aiogram.dispatcher: Polling stopped
2026-07-31 16:47:22,176 [ERROR] root: Критическая ошибка polling, перезапуск через 5 сек: Telegram server says - Unauthorized
2026-07-31 16:47:27,188 [INFO] aiogram.dispatcher: Start polling
2026-07-31 16:47:27,541 [INFO] aiogram.dispatcher: Polling stopped
2026-07-31 16:47:27,808 [ERROR] root: Критическая ошибка polling, перезапуск через 5 сек: Telegram server says - Unauthorized
2026-07-31 16:47:54,865 [INFO] aiogram.dispatcher: Start polling
2026-07-31 16:47:57,150 [INFO] aiogram.dispatcher: Polling stopped
2026-07-31 16:47:57,415 [ERROR] root: Критическая ошибка polling, перезапуск через 5 сек: Telegram server says - Unauthorized
2026-07-31 16:48:02,426 [INFO] aiogram.dispatcher: Start polling
2026-07-31 16:48:03,190 [INFO] aiogram.dispatcher: Polling stopped
2026-07-31 16:48:03,447 [ERROR] root: Критическая ошибка polling, перезапуск через 5 сек: Telegram server says - Unauthorized
2026-07-31 16:48:08,452 [INFO] aiogram.dispatcher: Start polling
2026-07-31 16:48:08,924 [INFO] aiogram.dispatcher: Polling stopped
2026-07-31 16:48:09,176 [ERROR] root: Критическая ошибка polling, перезапуск через 5 сек: Telegram server says - Unauthorized
2026-07-31 16:48:14,183 [INFO] aiogram.dispatcher: Start polling
2026-07-31 16:48:14,761 [INFO] aiogram.dispatcher: Polling stopped
2026-07-31 16:48:15,015 [ERROR] root: Критическая ошибка polling, перезапуск через 5 сек: Telegram server says - Unauthorized
2026-07-31 16:48:20,021 [INFO] aiogram.dispatcher: Start polling
2026-07-31 16:48:20,376 [INFO] aiogram.dispatcher: Polling stopped
2026-07-31 16:48:20,629 [ERROR] root: Критическая ошибка polling, перезапуск через 5 сек: Telegram server says - Unauthorized
2026-07-31 16:48:25,633 [INFO] aiogram.dispatcher: Start polling
2026-07-31 16:48:26,091 [INFO] aiogram.dispatcher: Polling stopped
2026-07-31 16:48:26,348 [ERROR] root: Критическая ошибка polling, перезапуск через 5 сек: Telegram server says - Unauthorized
2026-07-31 16:48:31,353 [INFO] aiogram.dispatcher: Start polling
2026-07-31 16:48:31,725 [INFO] aiogram.dispatcher: Polling stopped
2026-07-31 16:48:31,978 [ERROR] root: Критическая ошибка polling, перезапуск через 5 сек: Telegram server says - Unauthorized
2026-07-31 16:48:37,041 [INFO] aiogram.dispatcher: Start polling
2026-07-31 16:48:37,395 [INFO] aiogram.dispatcher: Polling stopped
2026-07-31 16:48:37,649 [ERROR] root: Критическая ошибка polling, перезапуск через 5 сек: Telegram server says - Unauthorized
2026-07-31 16:48:42,663 [INFO] aiogram.dispatcher: Start polling
2026-07-31 16:48:43,331 [INFO] aiogram.dispatcher: Polling stopped
2026-07-31 16:48:43,600 [ERROR] root: Критическая ошибка polling, перезапуск через 5 сек: Telegram server says - Unauthorized
2026-07-31 16:48:48,613 [INFO] aiogram.dispatcher: Start polling
2026-07-31 16:48:49,061 [INFO] aiogram.dispatcher: Polling stopped
2026-07-31 16:48:49,318 [ERROR] root: Критическая ошибка polling, перезапуск через 5 сек: Telegram server says - Unauthorized
2026-07-31 16:48:54,324 [INFO] aiogram.dispatcher: Start polling
2026-07-31 16:48:54,654 [INFO] aiogram.dispatcher: Polling stopped
2026-07-31 16:48:54,906 [ERROR] root: Критическая ошибка polling, перезапуск через 5 сек: Telegram server says - Unauthorized
2026-07-31 16:48:59,914 [INFO] aiogram.dispatcher: Start polling
2026-07-31 16:49:00,329 [INFO] aiogram.dispatcher: Polling stopped
2026-07-31 16:49:00,581 [ERROR] root: Критическая ошибка polling, перезапуск через 5 сек: Telegram server says - Unauthorized
2026-07-31 16:49:05,595 [INFO] aiogram.dispatcher: Start polling
2026-07-31 16:49:06,133 [INFO] aiogram.dispatcher: Polling stopped
2026-07-31 16:49:06,387 [ERROR] root: Критическая ошибка polling, перезапуск через 5 сек: Telegram server says - Unauthorized
2026-07-31 16:49:11,394 [INFO] aiogram.dispatcher: Start polling
2026-07-31 16:49:11,900 [INFO] aiogram.dispatcher: Polling stopped
2026-07-31 16:49:12,165 [ERROR] root: Критическая ошибка polling, перезапуск через 5 сек: Telegram server says - Unauthorized
2026-07-31 16:49:17,169 [INFO] aiogram.dispatcher: Start polling
2026-07-31 16:49:17,673 [INFO] aiogram.dispatcher: Polling stopped
2026-07-31 16:49:17,933 [ERROR] root: Критическая ошибка polling, перезапуск через 5 сек: Telegram server says - Unauthorized
2026-07-31 16:49:22,946 [INFO] aiogram.dispatcher: Start polling
2026-07-31 16:49:23,371 [INFO] aiogram.dispatcher: Polling stopped
2026-07-31 16:49:23,634 [ERROR] root: Критическая ошибка polling, перезапуск через 5 сек: Telegram server says - Unauthorized
2026-07-31 16:49:28,638 [INFO] aiogram.dispatcher: Start polling
2026-07-31 16:49:28,982 [INFO] aiogram.dispatcher: Polling stopped
2026-07-31 16:49:29,244 [ERROR] root: Критическая ошибка polling, перезапуск через 5 сек: Telegram server says - Unauthorized
2026-07-31 16:49:34,256 [INFO] aiogram.dispatcher: Start polling
2026-07-31 16:49:34,647 [INFO] aiogram.dispatcher: Polling stopped
2026-07-31 16:49:34,907 [ERROR] root: Критическая ошибка polling, перезапуск через 5 сек: Telegram server says - Unauthorized
2026-07-31 16:49:39,909 [INFO] aiogram.dispatcher: Start polling
2026-07-31 16:49:40,368 [INFO] aiogram.dispatcher: Polling stopped
2026-07-31 16:49:40,628 [ERROR] root: Критическая ошибка polling, перезапуск через 5 сек: Telegram server says - Unauthorized
2026-07-31 16:50:03,276 [INFO] aiogram.dispatcher: Start polling
2026-07-31 16:50:03,820 [INFO] aiogram.dispatcher: Polling stopped
2026-07-31 16:50:04,075 [ERROR] root: Критическая ошибка polling, перезапуск через 5 сек: Telegram server says - Unauthorized
2026-07-31 16:50:09,084 [INFO] aiogram.dispatcher: Start polling
2026-07-31 16:50:09,553 [INFO] aiogram.dispatcher: Polling stopped
2026-07-31 16:50:09,807 [ERROR] root: Критическая ошибка polling, перезапуск через 5 сек: Telegram server says - Unauthorized
2026-07-31 16:50:14,818 [INFO] aiogram.dispatcher: Start polling
2026-07-31 16:50:15,303 [INFO] aiogram.dispatcher: Polling stopped
2026-07-31 16:50:15,568 [ERROR] root: Критическая ошибка polling, перезапуск через 5 сек: Telegram server says - Unauthorized
2026-07-31 16:50:20,572 [INFO] aiogram.dispatcher: Start polling
2026-07-31 16:50:20,953 [INFO] aiogram.dispatcher: Polling stopped
2026-07-31 16:50:21,219 [ERROR] root: Критическая ошибка polling, перезапуск через 5 сек: Telegram server says - Unauthorized
2026-07-31 16:50:26,222 [INFO] aiogram.dispatcher: Start polling
2026-07-31 16:50:26,637 [INFO] aiogram.dispatcher: Polling stopped
2026-07-31 16:50:26,893 [ERROR] root: Критическая ошибка polling, перезапуск через 5 сек: Telegram server says - Unauthorized
2026-07-31 16:50:31,908 [INFO] aiogram.dispatcher: Start polling
2026-07-31 16:50:32,262 [INFO] aiogram.dispatcher: Polling stopped
2026-07-31 16:50:32,527 [ERROR] root: Критическая ошибка polling, перезапуск через 5 сек: Telegram server says - Unauthorized
2026-07-31 16:50:37,542 [INFO] aiogram.dispatcher: Start polling
2026-07-31 16:50:37,917 [INFO] aiogram.dispatcher: Polling stopped
2026-07-31 16:50:38,171 [ERROR] root: Критическая ошибка polling, перезапуск через 5 сек: Telegram server says - Unauthorized
2026-07-31 16:50:43,185 [INFO] aiogram.dispatcher: Start polling
2026-07-31 16:50:43,550 [INFO] aiogram.dispatcher: Polling stopped
2026-07-31 16:50:43,806 [ERROR] root: Критическая ошибка polling, перезапуск через 5 сек: Telegram server says - Unauthorized
2026-07-31 16:50:48,808 [INFO] aiogram.dispatcher: Start polling
2026-07-31 16:50:49,190 [INFO] aiogram.dispatcher: Polling stopped
2026-07-31 16:50:49,449 [ERROR] root: Критическая ошибка polling, перезапуск через 5 сек: Telegram server says - Unauthorized
2026-07-31 16:50:54,457 [INFO] aiogram.dispatcher: Start polling
2026-07-31 16:50:54,833 [INFO] aiogram.dispatcher: Polling stopped
2026-07-31 16:50:55,090 [ERROR] root: Критическая ошибка polling, перезапуск через 5 сек: Telegram server says - Unauthorized
2026-07-31 16:51:00,094 [INFO] aiogram.dispatcher: Start polling
2026-07-31 16:51:00,432 [INFO] aiogram.dispatcher: Polling stopped
2026-07-31 16:51:00,692 [ERROR] root: Критическая ошибка polling, перезапуск через 5 сек: Telegram server says - Unauthorized
2026-07-31 16:51:05,697 [INFO] aiogram.dispatcher: Start polling
2026-07-31 16:51:06,202 [INFO] aiogram.dispatcher: Polling stopped
2026-07-31 16:51:06,458 [ERROR] root: Критическая ошибка polling, перезапуск через 5 сек: Telegram server says - Unauthorized
2026-07-31 16:51:11,473 [INFO] aiogram.dispatcher: Start polling
2026-07-31 16:51:12,122 [INFO] aiogram.dispatcher: Polling stopped
2026-07-31 16:51:12,391 [ERROR] root: Критическая ошибка polling, перезапуск через 5 сек: Telegram server says - Unauthorized
2026-07-31 16:51:17,407 [INFO] aiogram.dispatcher: Start polling
2026-07-31 16:51:17,753 [INFO] aiogram.dispatcher: Polling stopped
2026-07-31 16:51:18,008 [ERROR] root: Критическая ошибка polling, перезапуск через 5 сек: Telegram server says - Unauthorized
2026-07-31 16:51:23,021 [INFO] aiogram.dispatcher: Start polling
2026-07-31 16:51:23,591 [INFO] aiogram.dispatcher: Polling stopped
2026-07-31 16:51:23,856 [ERROR] root: Критическая ошибка polling, перезапуск через 5 сек: Telegram server says - Unauthorized
2026-07-31 16:51:28,869 [INFO] aiogram.dispatcher: Start polling
2026-07-31 16:51:29,528 [INFO] aiogram.dispatcher: Polling stopped
2026-07-31 16:51:29,785 [ERROR] root: Критическая ошибка polling, перезапуск через 5 сек: Telegram server says - Unauthorized
2026-07-31 16:51:34,789 [INFO] aiogram.dispatcher: Start polling
2026-07-31 16:51:35,364 [INFO] aiogram.dispatcher: Polling stopped
2026-07-31 16:51:35,622 [ERROR] root: Критическая ошибка polling, перезапуск через 5 сек: Telegram server says - Unauthorized
2026-07-31 16:51:40,626 [INFO] aiogram.dispatcher: Start polling
2026-07-31 16:51:41,122 [INFO] aiogram.dispatcher: Polling stopped
2026-07-31 16:51:41,389 [ERROR] root: Критическая ошибка polling, перезапуск через 5 сек: Telegram server says - Unauthorized
2026-07-31 16:51:46,404 [INFO] aiogram.dispatcher: Start polling
2026-07-31 16:51:46,954 [INFO] aiogram.dispatcher: Polling stopped
2026-07-31 16:51:47,214 [ERROR] root: Критическая ошибка polling, перезапуск через 5 сек: Telegram server says - Unauthorized
2026-07-31 16:51:52,218 [INFO] aiogram.dispatcher: Start polling
2026-07-31 16:51:52,553 [INFO] aiogram.dispatcher: Polling stopped
2026-07-31 16:51:52,822 [ERROR] root: Критическая ошибка polling, перезапуск через 5 сек: Telegram server says - Unauthorized
2026-07-31 16:51:57,823 [INFO] aiogram.dispatcher: Start polling
2026-07-31 16:51:58,193 [INFO] aiogram.dispatcher: Polling stopped
2026-07-31 16:51:58,450 [ERROR] root: Критическая ошибка polling, перезапуск через 5 сек: Telegram server says - Unauthorized
2026-07-31 16:52:03,452 [INFO] aiogram.dispatcher: Start polling
2026-07-31 16:52:03,820 [INFO] aiogram.dispatcher: Polling stopped
2026-07-31 16:52:04,087 [ERROR] root: Критическая ошибка polling, перезапуск через 5 сек: Telegram server says - Unauthorized
2026-07-31 16:52:09,104 [INFO] aiogram.dispatcher: Start polling
2026-07-31 16:52:09,525 [INFO] aiogram.dispatcher: Polling stopped
2026-07-31 16:52:09,784 [ERROR] root: Критическая ошибка polling, перезапуск через 5 сек: Telegram server says - Unauthorized
2026-07-31 16:52:14,789 [INFO] aiogram.dispatcher: Start polling
2026-07-31 16:52:15,134 [INFO] aiogram.dispatcher: Polling stopped
2026-07-31 16:52:15,394 [ERROR] root: Критическая ошибка polling, перезапуск через 5 сек: Telegram server says - Unauthorized
2026-07-31 16:52:20,395 [INFO] aiogram.dispatcher: Start polling
2026-07-31 16:52:20,934 [INFO] aiogram.dispatcher: Polling stopped
2026-07-31 16:52:21,187 [ERROR] root: Критическая ошибка polling, перезапуск через 5 сек: Telegram server says - Unauthorized
2026-07-31 16:52:26,195 [INFO] aiogram.dispatcher: Start polling
2026-07-31 16:52:26,773 [INFO] aiogram.dispatcher: Polling stopped
2026-07-31 16:52:27,036 [ERROR] root: Критическая ошибка polling, перезапуск через 5 сек: Telegram server says - Unauthorized
2026-07-31 16:52:32,044 [INFO] aiogram.dispatcher: Start polling
2026-07-31 16:52:32,459 [INFO] aiogram.dispatcher: Polling stopped
2026-07-31 16:52:32,720 [ERROR] root: Критическая ошибка polling, перезапуск через 5 сек: Telegram server says - Unauthorized
2026-07-31 16:52:37,724 [INFO] aiogram.dispatcher: Start polling
2026-07-31 16:52:38,149 [INFO] aiogram.dispatcher: Polling stopped
2026-07-31 16:52:38,408 [ERROR] root: Критическая ошибка polling, перезапуск через 5 сек: Telegram server says - Unauthorized
2026-07-31 16:52:43,416 [INFO] aiogram.dispatcher: Start polling
2026-07-31 16:52:43,965 [INFO] aiogram.dispatcher: Polling stopped
2026-07-31 16:52:44,232 [ERROR] root: Критическая ошибка polling, перезапуск через 5 сек: Telegram server says - Unauthorized
2026-07-31 16:52:49,234 [INFO] aiogram.dispatcher: Start polling
2026-07-31 16:52:49,668 [INFO] aiogram.dispatcher: Polling stopped
2026-07-31 16:52:49,923 [ERROR] root: Критическая ошибка polling, перезапуск через 5 сек: Telegram server says - Unauthorized
2026-07-31 16:52:54,933 [INFO] aiogram.dispatcher: Start polling
2026-07-31 16:52:55,386 [INFO] aiogram.dispatcher: Polling stopped
2026-07-31 16:52:55,642 [ERROR] root: Критическая ошибка polling, перезапуск через 5 сек: Telegram server says - Unauthorized
2026-07-31 16:53:00,649 [INFO] aiogram.dispatcher: Start polling
2026-07-31 16:53:01,187 [INFO] aiogram.dispatcher: Polling stopped
2026-07-31 16:53:01,451 [ERROR] root: Критическая ошибка polling, перезапуск через 5 сек: Telegram server says - Unauthorized
2026-07-31 16:53:06,466 [INFO] aiogram.dispatcher: Start polling
2026-07-31 16:53:06,845 [INFO] aiogram.dispatcher: Polling stopped
2026-07-31 16:53:07,101 [ERROR] root: Критическая ошибка polling, перезапуск через 5 сек: Telegram server says - Unauthorized
2026-07-31 16:53:45,164 [INFO] aiogram.dispatcher: Start polling
2026-07-31 16:53:45,615 [INFO] aiogram.dispatcher: Polling stopped
2026-07-31 16:53:45,870 [ERROR] root: Критическая ошибка polling, перезапуск через 5 сек: Telegram server says - Unauthorized
2026-07-31 16:53:50,881 [INFO] aiogram.dispatcher: Start polling
2026-07-31 16:53:51,457 [INFO] aiogram.dispatcher: Polling stopped
2026-07-31 16:53:51,714 [ERROR] root: Критическая ошибка polling, перезапуск через 5 сек: Telegram server says - Unauthorized
2026-07-31 16:53:56,730 [INFO] aiogram.dispatcher: Start polling
2026-07-31 16:53:57,191 [INFO] aiogram.dispatcher: Polling stopped
2026-07-31 16:53:57,447 [ERROR] root: Критическая ошибка polling, перезапуск через 5 сек: Telegram server says - Unauthorized
2026-07-31 16:54:02,451 [INFO] aiogram.dispatcher: Start polling
2026-07-31 16:54:03,028 [INFO] aiogram.dispatcher: Polling stopped
2026-07-31 16:54:03,282 [ERROR] root: Критическая ошибка polling, перезапуск через 5 сек: Telegram server says - Unauthorized
2026-07-31 16:54:08,290 [INFO] aiogram.dispatcher: Start polling
2026-07-31 16:54:08,755 [INFO] aiogram.dispatcher: Polling stopped
2026-07-31 16:54:09,018 [ERROR] root: Критическая ошибка polling, перезапуск через 5 сек: Telegram server says - Unauthorized
2026-07-31 16:54:14,029 [INFO] aiogram.dispatcher: Start polling
2026-07-31 16:54:14,422 [INFO] aiogram.dispatcher: Polling stopped
2026-07-31 16:54:14,681 [ERROR] root: Критическая ошибка polling, перезапуск через 5 сек: Telegram server says - Unauthorized
2026-07-31 16:54:19,689 [INFO] aiogram.dispatcher: Start polling
2026-07-31 16:54:20,086 [INFO] aiogram.dispatcher: Polling stopped
2026-07-31 16:54:20,345 [ERROR] root: Критическая ошибка polling, перезапуск через 5 сек: Telegram server says - Unauthorized
2026-07-31 16:54:25,354 [INFO] aiogram.dispatcher: Start polling
2026-07-31 16:54:25,693 [INFO] aiogram.dispatcher: Polling stopped
2026-07-31 16:54:25,945 [ERROR] root: Критическая ошибка polling, перезапуск через 5 сек: Telegram server says - Unauthorized
2026-07-31 16:54:30,959 [INFO] aiogram.dispatcher: Start polling
2026-07-31 16:54:31,597 [INFO] aiogram.dispatcher: Polling stopped
2026-07-31 16:54:31,858 [ERROR] root: Критическая ошибка polling, перезапуск через 5 сек: Telegram server says - Unauthorized
2026-07-31 16:54:36,862 [INFO] aiogram.dispatcher: Start polling
2026-07-31 16:54:37,227 [INFO] aiogram.dispatcher: Polling stopped
2026-07-31 16:54:37,491 [ERROR] root: Критическая ошибка polling, перезапуск через 5 сек: Telegram server says - Unauthorized
2026-07-31 16:54:42,507 [INFO] aiogram.dispatcher: Start polling
2026-07-31 16:54:43,034 [INFO] aiogram.dispatcher: Polling stopped
2026-07-31 16:54:43,286 [ERROR] root: Критическая ошибка polling, перезапуск через 5 сек: Telegram server says - Unauthorized
2026-07-31 16:54:48,297 [INFO] aiogram.dispatcher: Start polling
2026-07-31 16:54:48,731 [INFO] aiogram.dispatcher: Polling stopped
2026-07-31 16:54:48,989 [ERROR] root: Критическая ошибка polling, перезапуск через 5 сек: Telegram server says - Unauthorized
2026-07-31 16:54:54,002 [INFO] aiogram.dispatcher: Start polling
2026-07-31 16:54:54,391 [INFO] aiogram.dispatcher: Polling stopped
2026-07-31 16:54:54,651 [ERROR] root: Критическая ошибка polling, перезапуск через 5 сек: Telegram server says - Unauthorized
2026-07-31 16:54:59,671 [INFO] aiogram.dispatcher: Start polling
2026-07-31 16:55:00,023 [INFO] aiogram.dispatcher: Polling stopped
2026-07-31 16:55:00,277 [ERROR] root: Критическая ошибка polling, перезапуск через 5 сек: Telegram server says - Unauthorized
2026-07-31 16:55:05,292 [INFO] aiogram.dispatcher: Start polling
2026-07-31 16:55:05,668 [INFO] aiogram.dispatcher: Polling stopped
2026-07-31 16:55:05,921 [ERROR] root: Критическая ошибка polling, перезапуск через 5 сек: Telegram server says - Unauthorized
2026-07-31 16:55:10,926 [INFO] aiogram.dispatcher: Start polling
2026-07-31 16:55:11,279 [INFO] aiogram.dispatcher: Polling stopped
2026-07-31 16:55:11,543 [ERROR] root: Критическая ошибка polling, перезапуск через 5 сек: Telegram server says - Unauthorized
2026-07-31 16:55:16,548 [INFO] aiogram.dispatcher: Start polling
2026-07-31 16:55:16,903 [INFO] aiogram.dispatcher: Polling stopped
2026-07-31 16:55:17,159 [ERROR] root: Критическая ошибка polling, перезапуск через 5 сек: Telegram server says - Unauthorized
2026-07-31 16:55:22,174 [INFO] aiogram.dispatcher: Start polling
2026-07-31 16:55:22,635 [INFO] aiogram.dispatcher: Polling stopped
2026-07-31 16:55:22,902 [ERROR] root: Критическая ошибка polling, перезапуск через 5 сек: Telegram server says - Unauthorized
2026-07-31 16:55:27,927 [INFO] aiogram.dispatcher: Start polling
2026-07-31 16:55:28,435 [INFO] aiogram.dispatcher: Polling stopped
2026-07-31 16:55:28,687 [ERROR] root: Критическая ошибка polling, перезапуск через 5 сек: Telegram server says - Unauthorized
2026-07-31 16:55:33,690 [INFO] aiogram.dispatcher: Start polling
2026-07-31 16:55:34,183 [INFO] aiogram.dispatcher: Polling stopped
2026-07-31 16:55:34,445 [ERROR] root: Критическая ошибка polling, перезапуск через 5 сек: Telegram server says - Unauthorized
2026-07-31 16:55:39,454 [INFO] aiogram.dispatcher: Start polling
2026-07-31 16:55:39,834 [INFO] aiogram.dispatcher: Polling stopped
2026-07-31 16:55:40,101 [ERROR] root: Критическая ошибка polling, перезапуск через 5 сек: Telegram server says - Unauthorized
2026-07-31 16:55:45,109 [INFO] aiogram.dispatcher: Start polling
2026-07-31 16:55:45,506 [INFO] aiogram.dispatcher: Polling stopped
2026-07-31 16:55:45,761 [ERROR] root: Критическая ошибка polling, перезапуск через 5 сек: Telegram server says - Unauthorized
2026-07-31 17:03:30,253 [INFO] aiogram.dispatcher: Start polling
2026-07-31 17:03:34,029 [INFO] aiogram.dispatcher: Run polling for bot @SentinelService_bot id=8801853413 - '𝕹𝖎𝖌𝖍𝖙𝖜𝖆𝖑𝖐𝖊𝖗 | Gate'
2026-07-31 17:03:35,839 [INFO] aiogram.event: Update id=300985097 is handled. Duration 1602 ms by bot id=8801853413
2026-07-31 17:03:42,318 [INFO] aiogram.event: Update id=300985098 is handled. Duration 316 ms by bot id=8801853413
2026-07-31 17:05:47,069 [INFO] aiogram.event: Update id=300985099 is handled. Duration 338 ms by bot id=8801853413
2026-07-31 17:05:48,796 [INFO] aiogram.event: Update id=300985100 is handled. Duration 315 ms by bot id=8801853413
2026-07-31 17:05:49,976 [INFO] aiogram.event: Update id=300985101 is handled. Duration 273 ms by bot id=8801853413
2026-07-31 17:06:41,622 [INFO] aiogram.event: Update id=300985102 is handled. Duration 1233 ms by bot id=8801853413
2026-07-31 17:06:48,579 [INFO] aiogram.event: Update id=300985103 is handled. Duration 357 ms by bot id=8801853413
2026-07-31 17:13:55,615 [INFO] aiogram.dispatcher: Polling stopped
2026-07-31 17:13:55,619 [ERROR] aiogram.dispatcher: Failed to fetch updates - TelegramNetworkError: HTTP Client says - ServerDisconnectedError: Server disconnected
2026-07-31 17:13:55,619 [WARNING] aiogram.dispatcher: Sleep for 1.000000 seconds and try again... (tryings = 0, bot id = 8801853413)
2026-07-31 17:13:55,878 [INFO] aiogram.dispatcher: Polling stopped for bot @SentinelService_bot id=8801853413 - '𝕹𝖎𝖌𝖍𝖙𝖜𝖆𝖑𝖐𝖊𝖗 | Gate'
2026-07-31 17:14:15,322 [INFO] aiogram.dispatcher: Start polling
2026-07-31 17:14:16,079 [INFO] aiogram.dispatcher: Run polling for bot @SentinelService_bot id=8801853413 - '𝕹𝖎𝖌𝖍𝖙𝖜𝖆𝖑𝖐𝖊𝖗 | Gate'
2026-07-31 17:14:16,817 [INFO] aiogram.event: Update id=300985105 is not handled. Duration 528 ms by bot id=8801853413
2026-07-31 17:14:16,818 [ERROR] aiogram.event: Cause exception while process update id=300985105 by bot id=8801853413
TelegramBadRequest: Telegram server says - Bad Request: query is too old and response timeout expired or query ID is invalid
Traceback (most recent call last):
  File "C:\Users\Лариса\AppData\Local\Python\pythoncore-3.14-64\Lib\site-packages\aiogram\dispatcher\dispatcher.py", line 320, in _process_update
    response = await self.feed_update(bot, update, **kwargs)
               ^^^^^^^^^^^^^^^^^^^^^^^^^^^^^^^^^^^^^^^^^^^^^
  File "C:\Users\Лариса\AppData\Local\Python\pythoncore-3.14-64\Lib\site-packages\aiogram\dispatcher\dispatcher.py", line 164, in feed_update
    response = await self.update.wrap_outer_middleware(
               ^^^^^^^^^^^^^^^^^^^^^^^^^^^^^^^^^^^^^^^^
    ...<7 lines>...
    )
    ^
  File "C:\Users\Лариса\AppData\Local\Python\pythoncore-3.14-64\Lib\site-packages\aiogram\dispatcher\middlewares\error.py", line 27, in __call__
    return await handler(event, data)
           ^^^^^^^^^^^^^^^^^^^^^^^^^^
  File "C:\Users\Лариса\AppData\Local\Python\pythoncore-3.14-64\Lib\site-packages\aiogram\dispatcher\middlewares\user_context.py", line 58, in __call__
    return await handler(event, data)
           ^^^^^^^^^^^^^^^^^^^^^^^^^^
  File "C:\Users\Лариса\AppData\Local\Python\pythoncore-3.14-64\Lib\site-packages\aiogram\fsm\middleware.py", line 43, in __call__
    return await handler(event, data)
           ^^^^^^^^^^^^^^^^^^^^^^^^^^
  File "C:\Users\Лариса\AppData\Local\Python\pythoncore-3.14-64\Lib\site-packages\aiogram\dispatcher\event\telegram.py", line 126, in trigger
    return await wrapped_inner(event, kwargs)
           ^^^^^^^^^^^^^^^^^^^^^^^^^^^^^^^^^^
  File "C:\Users\Лариса\AppData\Local\Python\pythoncore-3.14-64\Lib\site-packages\aiogram\dispatcher\event\handler.py", line 71, in call
    return await wrapped()
           ^^^^^^^^^^^^^^^
  File "C:\Users\Лариса\AppData\Local\Python\pythoncore-3.14-64\Lib\site-packages\aiogram\dispatcher\dispatcher.py", line 283, in _listen_update
    return await self.propagate_event(update_type=update_type, event=event, **kwargs)
           ^^^^^^^^^^^^^^^^^^^^^^^^^^^^^^^^^^^^^^^^^^^^^^^^^^^^^^^^^^^^^^^^^^^^^^^^^^
  File "C:\Users\Лариса\AppData\Local\Python\pythoncore-3.14-64\Lib\site-packages\aiogram\dispatcher\router.py", line 165, in propagate_event
    return await observer.wrap_outer_middleware(_wrapped, event=event, data=kwargs)
           ^^^^^^^^^^^^^^^^^^^^^^^^^^^^^^^^^^^^^^^^^^^^^^^^^^^^^^^^^^^^^^^^^^^^^^^^
  File "C:\Users\Лариса\AppData\Local\Python\pythoncore-3.14-64\Lib\site-packages\aiogram\dispatcher\router.py", line 157, in _wrapped
    return await self._propagate_event(
           ^^^^^^^^^^^^^^^^^^^^^^^^^^^^
    ...<4 lines>...
    )
    ^
  File "C:\Users\Лариса\AppData\Local\Python\pythoncore-3.14-64\Lib\site-packages\aiogram\dispatcher\router.py", line 185, in _propagate_event
    response = await observer.trigger(event, **kwargs)
               ^^^^^^^^^^^^^^^^^^^^^^^^^^^^^^^^^^^^^^^
  File "C:\Users\Лариса\AppData\Local\Python\pythoncore-3.14-64\Lib\site-packages\aiogram\dispatcher\event\telegram.py", line 126, in trigger
    return await wrapped_inner(event, kwargs)
           ^^^^^^^^^^^^^^^^^^^^^^^^^^^^^^^^^^
  File "C:\Users\Лариса\AppData\Local\Python\pythoncore-3.14-64\Lib\site-packages\aiogram\dispatcher\event\handler.py", line 71, in call
    return await wrapped()
           ^^^^^^^^^^^^^^^
  File "C:\Users\Лариса\Documents\OfficialBot\bot.py", line 377, in callback_handler
    await callback.answer()
  File "C:\Users\Лариса\AppData\Local\Python\pythoncore-3.14-64\Lib\site-packages\aiogram\methods\base.py", line 82, in emit
    return await bot(self)
           ^^^^^^^^^^^^^^^
  File "C:\Users\Лариса\AppData\Local\Python\pythoncore-3.14-64\Lib\site-packages\aiogram\client\bot.py", line 509, in __call__
    return await self.session(self, method, timeout=request_timeout)
           ^^^^^^^^^^^^^^^^^^^^^^^^^^^^^^^^^^^^^^^^^^^^^^^^^^^^^^^^^
  File "C:\Users\Лариса\AppData\Local\Python\pythoncore-3.14-64\Lib\site-packages\aiogram\client\session\base.py", line 259, in __call__
    return cast(TelegramType, await middleware(bot, method))
                              ^^^^^^^^^^^^^^^^^^^^^^^^^^^^^
  File "C:\Users\Лариса\AppData\Local\Python\pythoncore-3.14-64\Lib\site-packages\aiogram\client\session\aiohttp.py", line 177, in make_request
    response = self.check_response(
        bot=bot,
    ...<2 lines>...
        content=raw_result,
    )
  File "C:\Users\Лариса\AppData\Local\Python\pythoncore-3.14-64\Lib\site-packages\aiogram\client\session\base.py", line 121, in check_response
    raise TelegramBadRequest(method=method, message=description)
aiogram.exceptions.TelegramBadRequest: Telegram server says - Bad Request: query is too old and response timeout expired or query ID is invalid
2026-07-31 17:14:16,853 [INFO] aiogram.event: Update id=300985104 is not handled. Duration 565 ms by bot id=8801853413
2026-07-31 17:14:16,853 [ERROR] aiogram.event: Cause exception while process update id=300985104 by bot id=8801853413
TelegramBadRequest: Telegram server says - Bad Request: query is too old and response timeout expired or query ID is invalid
Traceback (most recent call last):
  File "C:\Users\Лариса\AppData\Local\Python\pythoncore-3.14-64\Lib\site-packages\aiogram\dispatcher\dispatcher.py", line 320, in _process_update
    response = await self.feed_update(bot, update, **kwargs)
               ^^^^^^^^^^^^^^^^^^^^^^^^^^^^^^^^^^^^^^^^^^^^^
  File "C:\Users\Лариса\AppData\Local\Python\pythoncore-3.14-64\Lib\site-packages\aiogram\dispatcher\dispatcher.py", line 164, in feed_update
    response = await self.update.wrap_outer_middleware(
               ^^^^^^^^^^^^^^^^^^^^^^^^^^^^^^^^^^^^^^^^
    ...<7 lines>...
    )
    ^
  File "C:\Users\Лариса\AppData\Local\Python\pythoncore-3.14-64\Lib\site-packages\aiogram\dispatcher\middlewares\error.py", line 27, in __call__
    return await handler(event, data)
           ^^^^^^^^^^^^^^^^^^^^^^^^^^
  File "C:\Users\Лариса\AppData\Local\Python\pythoncore-3.14-64\Lib\site-packages\aiogram\dispatcher\middlewares\user_context.py", line 58, in __call__
    return await handler(event, data)
           ^^^^^^^^^^^^^^^^^^^^^^^^^^
  File "C:\Users\Лариса\AppData\Local\Python\pythoncore-3.14-64\Lib\site-packages\aiogram\fsm\middleware.py", line 43, in __call__
    return await handler(event, data)
           ^^^^^^^^^^^^^^^^^^^^^^^^^^
  File "C:\Users\Лариса\AppData\Local\Python\pythoncore-3.14-64\Lib\site-packages\aiogram\dispatcher\event\telegram.py", line 126, in trigger
    return await wrapped_inner(event, kwargs)
           ^^^^^^^^^^^^^^^^^^^^^^^^^^^^^^^^^^
  File "C:\Users\Лариса\AppData\Local\Python\pythoncore-3.14-64\Lib\site-packages\aiogram\dispatcher\event\handler.py", line 71, in call
    return await wrapped()
           ^^^^^^^^^^^^^^^
  File "C:\Users\Лариса\AppData\Local\Python\pythoncore-3.14-64\Lib\site-packages\aiogram\dispatcher\dispatcher.py", line 283, in _listen_update
    return await self.propagate_event(update_type=update_type, event=event, **kwargs)
           ^^^^^^^^^^^^^^^^^^^^^^^^^^^^^^^^^^^^^^^^^^^^^^^^^^^^^^^^^^^^^^^^^^^^^^^^^^
  File "C:\Users\Лариса\AppData\Local\Python\pythoncore-3.14-64\Lib\site-packages\aiogram\dispatcher\router.py", line 165, in propagate_event
    return await observer.wrap_outer_middleware(_wrapped, event=event, data=kwargs)
           ^^^^^^^^^^^^^^^^^^^^^^^^^^^^^^^^^^^^^^^^^^^^^^^^^^^^^^^^^^^^^^^^^^^^^^^^
  File "C:\Users\Лариса\AppData\Local\Python\pythoncore-3.14-64\Lib\site-packages\aiogram\dispatcher\router.py", line 157, in _wrapped
    return await self._propagate_event(
           ^^^^^^^^^^^^^^^^^^^^^^^^^^^^
    ...<4 lines>...
    )
    ^
  File "C:\Users\Лариса\AppData\Local\Python\pythoncore-3.14-64\Lib\site-packages\aiogram\dispatcher\router.py", line 185, in _propagate_event
    response = await observer.trigger(event, **kwargs)
               ^^^^^^^^^^^^^^^^^^^^^^^^^^^^^^^^^^^^^^^
  File "C:\Users\Лариса\AppData\Local\Python\pythoncore-3.14-64\Lib\site-packages\aiogram\dispatcher\event\telegram.py", line 126, in trigger
    return await wrapped_inner(event, kwargs)
           ^^^^^^^^^^^^^^^^^^^^^^^^^^^^^^^^^^
  File "C:\Users\Лариса\AppData\Local\Python\pythoncore-3.14-64\Lib\site-packages\aiogram\dispatcher\event\handler.py", line 71, in call
    return await wrapped()
           ^^^^^^^^^^^^^^^
  File "C:\Users\Лариса\Documents\OfficialBot\bot.py", line 377, in callback_handler
    await callback.answer()
  File "C:\Users\Лариса\AppData\Local\Python\pythoncore-3.14-64\Lib\site-packages\aiogram\methods\base.py", line 82, in emit
    return await bot(self)
           ^^^^^^^^^^^^^^^
  File "C:\Users\Лариса\AppData\Local\Python\pythoncore-3.14-64\Lib\site-packages\aiogram\client\bot.py", line 509, in __call__
    return await self.session(self, method, timeout=request_timeout)
           ^^^^^^^^^^^^^^^^^^^^^^^^^^^^^^^^^^^^^^^^^^^^^^^^^^^^^^^^^
  File "C:\Users\Лариса\AppData\Local\Python\pythoncore-3.14-64\Lib\site-packages\aiogram\client\session\base.py", line 259, in __call__
    return cast(TelegramType, await middleware(bot, method))
                              ^^^^^^^^^^^^^^^^^^^^^^^^^^^^^
  File "C:\Users\Лариса\AppData\Local\Python\pythoncore-3.14-64\Lib\site-packages\aiogram\client\session\aiohttp.py", line 177, in make_request
    response = self.check_response(
        bot=bot,
    ...<2 lines>...
        content=raw_result,
    )
  File "C:\Users\Лариса\AppData\Local\Python\pythoncore-3.14-64\Lib\site-packages\aiogram\client\session\base.py", line 121, in check_response
    raise TelegramBadRequest(method=method, message=description)
aiogram.exceptions.TelegramBadRequest: Telegram server says - Bad Request: query is too old and response timeout expired or query ID is invalid
2026-07-31 17:14:16,882 [INFO] aiogram.event: Update id=300985106 is not handled. Duration 592 ms by bot id=8801853413
2026-07-31 17:14:16,883 [ERROR] aiogram.event: Cause exception while process update id=300985106 by bot id=8801853413
TelegramBadRequest: Telegram server says - Bad Request: query is too old and response timeout expired or query ID is invalid
Traceback (most recent call last):
  File "C:\Users\Лариса\AppData\Local\Python\pythoncore-3.14-64\Lib\site-packages\aiogram\dispatcher\dispatcher.py", line 320, in _process_update
    response = await self.feed_update(bot, update, **kwargs)
               ^^^^^^^^^^^^^^^^^^^^^^^^^^^^^^^^^^^^^^^^^^^^^
  File "C:\Users\Лариса\AppData\Local\Python\pythoncore-3.14-64\Lib\site-packages\aiogram\dispatcher\dispatcher.py", line 164, in feed_update
    response = await self.update.wrap_outer_middleware(
               ^^^^^^^^^^^^^^^^^^^^^^^^^^^^^^^^^^^^^^^^
    ...<7 lines>...
    )
    ^
  File "C:\Users\Лариса\AppData\Local\Python\pythoncore-3.14-64\Lib\site-packages\aiogram\dispatcher\middlewares\error.py", line 27, in __call__
    return await handler(event, data)
           ^^^^^^^^^^^^^^^^^^^^^^^^^^
  File "C:\Users\Лариса\AppData\Local\Python\pythoncore-3.14-64\Lib\site-packages\aiogram\dispatcher\middlewares\user_context.py", line 58, in __call__
    return await handler(event, data)
           ^^^^^^^^^^^^^^^^^^^^^^^^^^
  File "C:\Users\Лариса\AppData\Local\Python\pythoncore-3.14-64\Lib\site-packages\aiogram\fsm\middleware.py", line 43, in __call__
    return await handler(event, data)
           ^^^^^^^^^^^^^^^^^^^^^^^^^^
  File "C:\Users\Лариса\AppData\Local\Python\pythoncore-3.14-64\Lib\site-packages\aiogram\dispatcher\event\telegram.py", line 126, in trigger
    return await wrapped_inner(event, kwargs)
           ^^^^^^^^^^^^^^^^^^^^^^^^^^^^^^^^^^
  File "C:\Users\Лариса\AppData\Local\Python\pythoncore-3.14-64\Lib\site-packages\aiogram\dispatcher\event\handler.py", line 71, in call
    return await wrapped()
           ^^^^^^^^^^^^^^^
  File "C:\Users\Лариса\AppData\Local\Python\pythoncore-3.14-64\Lib\site-packages\aiogram\dispatcher\dispatcher.py", line 283, in _listen_update
    return await self.propagate_event(update_type=update_type, event=event, **kwargs)
           ^^^^^^^^^^^^^^^^^^^^^^^^^^^^^^^^^^^^^^^^^^^^^^^^^^^^^^^^^^^^^^^^^^^^^^^^^^
  File "C:\Users\Лариса\AppData\Local\Python\pythoncore-3.14-64\Lib\site-packages\aiogram\dispatcher\router.py", line 165, in propagate_event
    return await observer.wrap_outer_middleware(_wrapped, event=event, data=kwargs)
           ^^^^^^^^^^^^^^^^^^^^^^^^^^^^^^^^^^^^^^^^^^^^^^^^^^^^^^^^^^^^^^^^^^^^^^^^
  File "C:\Users\Лариса\AppData\Local\Python\pythoncore-3.14-64\Lib\site-packages\aiogram\dispatcher\router.py", line 157, in _wrapped
    return await self._propagate_event(
           ^^^^^^^^^^^^^^^^^^^^^^^^^^^^
    ...<4 lines>...
    )
    ^
  File "C:\Users\Лариса\AppData\Local\Python\pythoncore-3.14-64\Lib\site-packages\aiogram\dispatcher\router.py", line 185, in _propagate_event
    response = await observer.trigger(event, **kwargs)
               ^^^^^^^^^^^^^^^^^^^^^^^^^^^^^^^^^^^^^^^
  File "C:\Users\Лариса\AppData\Local\Python\pythoncore-3.14-64\Lib\site-packages\aiogram\dispatcher\event\telegram.py", line 126, in trigger
    return await wrapped_inner(event, kwargs)
           ^^^^^^^^^^^^^^^^^^^^^^^^^^^^^^^^^^
  File "C:\Users\Лариса\AppData\Local\Python\pythoncore-3.14-64\Lib\site-packages\aiogram\dispatcher\event\handler.py", line 71, in call
    return await wrapped()
           ^^^^^^^^^^^^^^^
  File "C:\Users\Лариса\Documents\OfficialBot\bot.py", line 377, in callback_handler
    await callback.answer()
  File "C:\Users\Лариса\AppData\Local\Python\pythoncore-3.14-64\Lib\site-packages\aiogram\methods\base.py", line 82, in emit
    return await bot(self)
           ^^^^^^^^^^^^^^^
  File "C:\Users\Лариса\AppData\Local\Python\pythoncore-3.14-64\Lib\site-packages\aiogram\client\bot.py", line 509, in __call__
    return await self.session(self, method, timeout=request_timeout)
           ^^^^^^^^^^^^^^^^^^^^^^^^^^^^^^^^^^^^^^^^^^^^^^^^^^^^^^^^^
  File "C:\Users\Лариса\AppData\Local\Python\pythoncore-3.14-64\Lib\site-packages\aiogram\client\session\base.py", line 259, in __call__
    return cast(TelegramType, await middleware(bot, method))
                              ^^^^^^^^^^^^^^^^^^^^^^^^^^^^^
  File "C:\Users\Лариса\AppData\Local\Python\pythoncore-3.14-64\Lib\site-packages\aiogram\client\session\aiohttp.py", line 177, in make_request
    response = self.check_response(
        bot=bot,
    ...<2 lines>...
        content=raw_result,
    )
  File "C:\Users\Лариса\AppData\Local\Python\pythoncore-3.14-64\Lib\site-packages\aiogram\client\session\base.py", line 121, in check_response
    raise TelegramBadRequest(method=method, message=description)
aiogram.exceptions.TelegramBadRequest: Telegram server says - Bad Request: query is too old and response timeout expired or query ID is invalid
2026-07-31 17:14:31,844 [INFO] aiogram.event: Update id=300985107 is handled. Duration 283 ms by bot id=8801853413
2026-07-31 17:14:38,964 [INFO] aiogram.event: Update id=300985108 is handled. Duration 1177 ms by bot id=8801853413
2026-07-31 17:49:11,929 [INFO] aiogram.dispatcher: Polling stopped
2026-07-31 17:49:11,932 [ERROR] aiogram.dispatcher: Failed to fetch updates - TelegramNetworkError: HTTP Client says - ServerDisconnectedError: Server disconnected
2026-07-31 17:49:11,932 [WARNING] aiogram.dispatcher: Sleep for 1.000000 seconds and try again... (tryings = 0, bot id = 8801853413)
2026-07-31 17:49:12,191 [INFO] aiogram.dispatcher: Polling stopped for bot @SentinelService_bot id=8801853413 - '𝕹𝖎𝖌𝖍𝖙𝖜𝖆𝖑𝖐𝖊𝖗 | Gate'
2026-07-31 17:49:58,612 [INFO] aiogram.dispatcher: Start polling
2026-07-31 17:49:59,420 [INFO] aiogram.dispatcher: Run polling for bot @SentinelService_bot id=8801853413 - '𝕹𝖎𝖌𝖍𝖙𝖜𝖆𝖑𝖐𝖊𝖗 | Gate'
2026-07-31 19:21:20,463 [INFO] aiogram.dispatcher: Polling stopped
2026-07-31 19:21:20,470 [ERROR] aiogram.dispatcher: Failed to fetch updates - TelegramNetworkError: HTTP Client says - ServerDisconnectedError: Server disconnected
2026-07-31 19:21:20,472 [WARNING] aiogram.dispatcher: Sleep for 1.000000 seconds and try again... (tryings = 0, bot id = 8801853413)
2026-07-31 19:21:20,727 [INFO] aiogram.dispatcher: Polling stopped for bot @SentinelService_bot id=8801853413 - '𝕹𝖎𝖌𝖍𝖙𝖜𝖆𝖑𝖐𝖊𝖗 | Gate'
2026-07-31 19:21:28,381 [INFO] aiogram.dispatcher: Start polling
2026-07-31 19:21:28,824 [INFO] aiogram.dispatcher: Run polling for bot @SentinelService_bot id=8801853413 - '𝕹𝖎𝖌𝖍𝖙𝖜𝖆𝖑𝖐𝖊𝖗 | Gate'
2026-07-31 19:22:03,017 [INFO] aiogram.event: Update id=300985109 is handled. Duration 1339 ms by bot id=8801853413
2026-07-31 19:41:51,256 [INFO] aiogram.dispatcher: Polling stopped
2026-07-31 19:41:51,259 [ERROR] aiogram.dispatcher: Failed to fetch updates - TelegramNetworkError: HTTP Client says - ServerDisconnectedError: Server disconnected
2026-07-31 19:41:51,259 [WARNING] aiogram.dispatcher: Sleep for 1.000000 seconds and try again... (tryings = 0, bot id = 8801853413)
2026-07-31 19:41:51,519 [INFO] aiogram.dispatcher: Polling stopped for bot @SentinelService_bot id=8801853413 - '𝕹𝖎𝖌𝖍𝖙𝖜𝖆𝖑𝖐𝖊𝖗 | Gate'
2026-07-31 19:41:57,343 [INFO] aiogram.dispatcher: Start polling
2026-07-31 19:41:57,965 [INFO] aiogram.dispatcher: Run polling for bot @SentinelService_bot id=8801853413 - '𝕹𝖎𝖌𝖍𝖙𝖜𝖆𝖑𝖐𝖊𝖗 | Gate'
2026-07-31 19:42:27,964 [INFO] aiogram.event: Update id=300985110 is handled. Duration 1323 ms by bot id=8801853413
2026-07-31 19:42:32,712 [INFO] aiogram.event: Update id=300985111 is handled. Duration 282 ms by bot id=8801853413
2026-07-31 19:42:36,628 [INFO] aiogram.event: Update id=300985112 is handled. Duration 911 ms by bot id=8801853413
2026-07-31 19:45:05,517 [INFO] aiogram.dispatcher: Polling stopped
2026-07-31 19:45:05,520 [ERROR] aiogram.dispatcher: Failed to fetch updates - TelegramNetworkError: HTTP Client says - ServerDisconnectedError: Server disconnected
2026-07-31 19:45:05,520 [WARNING] aiogram.dispatcher: Sleep for 1.000000 seconds and try again... (tryings = 0, bot id = 8801853413)
2026-07-31 19:45:05,776 [INFO] aiogram.dispatcher: Polling stopped for bot @SentinelService_bot id=8801853413 - '𝕹𝖎𝖌𝖍𝖙𝖜𝖆𝖑𝖐𝖊𝖗 | Gate'
2026-07-31 19:45:13,558 [INFO] aiogram.dispatcher: Start polling
2026-07-31 19:45:13,991 [INFO] aiogram.dispatcher: Run polling for bot @SentinelService_bot id=8801853413 - '𝕹𝖎𝖌𝖍𝖙𝖜𝖆𝖑𝖐𝖊𝖗 | Gate'
2026-07-31 19:45:25,722 [INFO] aiogram.event: Update id=300985113 is handled. Duration 1398 ms by bot id=8801853413
2026-07-31 19:45:35,724 [INFO] aiogram.event: Update id=300985114 is handled. Duration 295 ms by bot id=8801853413
2026-07-31 19:45:40,867 [INFO] aiogram.event: Update id=300985115 is handled. Duration 917 ms by bot id=8801853413
2026-07-31 19:49:30,197 [INFO] aiogram.dispatcher: Polling stopped
2026-07-31 19:49:30,200 [ERROR] aiogram.dispatcher: Failed to fetch updates - TelegramNetworkError: HTTP Client says - ServerDisconnectedError: Server disconnected
2026-07-31 19:49:30,201 [WARNING] aiogram.dispatcher: Sleep for 1.000000 seconds and try again... (tryings = 0, bot id = 8801853413)
2026-07-31 19:49:30,459 [INFO] aiogram.dispatcher: Polling stopped for bot @SentinelService_bot id=8801853413 - '𝕹𝖎𝖌𝖍𝖙𝖜𝖆𝖑𝖐𝖊𝖗 | Gate'
2026-07-31 19:49:39,130 [INFO] aiogram.dispatcher: Start polling
2026-07-31 19:49:39,761 [INFO] aiogram.dispatcher: Run polling for bot @SentinelService_bot id=8801853413 - '𝕹𝖎𝖌𝖍𝖙𝖜𝖆𝖑𝖐𝖊𝖗 | Gate'
2026-07-31 19:50:35,790 [INFO] aiogram.event: Update id=300985116 is handled. Duration 1358 ms by bot id=8801853413
2026-07-31 19:50:43,403 [INFO] aiogram.event: Update id=300985117 is handled. Duration 288 ms by bot id=8801853413
2026-07-31 19:50:49,076 [INFO] aiogram.event: Update id=300985118 is handled. Duration 885 ms by bot id=8801853413
2026-07-31 19:56:40,633 [INFO] aiogram.dispatcher: Polling stopped
2026-07-31 19:56:40,635 [ERROR] aiogram.dispatcher: Failed to fetch updates - TelegramNetworkError: HTTP Client says - ServerDisconnectedError: Server disconnected
2026-07-31 19:56:40,636 [WARNING] aiogram.dispatcher: Sleep for 1.000000 seconds and try again... (tryings = 0, bot id = 8801853413)
2026-07-31 19:56:40,902 [INFO] aiogram.dispatcher: Polling stopped for bot @SentinelService_bot id=8801853413 - '𝕹𝖎𝖌𝖍𝖙𝖜𝖆𝖑𝖐𝖊𝖗 | Gate'
2026-07-31 19:56:50,217 [INFO] aiogram.dispatcher: Start polling
2026-07-31 19:56:50,680 [INFO] aiogram.dispatcher: Run polling for bot @SentinelService_bot id=8801853413 - '𝕹𝖎𝖌𝖍𝖙𝖜𝖆𝖑𝖐𝖊𝖗 | Gate'
2026-07-31 19:57:16,913 [INFO] aiogram.event: Update id=300985119 is handled. Duration 1317 ms by bot id=8801853413
2026-07-31 19:57:20,086 [INFO] aiogram.event: Update id=300985120 is handled. Duration 323 ms by bot id=8801853413
2026-07-31 19:57:23,955 [INFO] aiogram.event: Update id=300985121 is handled. Duration 886 ms by bot id=8801853413
2026-07-31 20:01:59,014 [INFO] aiogram.dispatcher: Polling stopped
2026-07-31 20:01:59,018 [ERROR] aiogram.dispatcher: Failed to fetch updates - TelegramNetworkError: HTTP Client says - ServerDisconnectedError: Server disconnected
2026-07-31 20:01:59,018 [WARNING] aiogram.dispatcher: Sleep for 1.000000 seconds and try again... (tryings = 0, bot id = 8801853413)
2026-07-31 20:01:59,281 [INFO] aiogram.dispatcher: Polling stopped for bot @SentinelService_bot id=8801853413 - '𝕹𝖎𝖌𝖍𝖙𝖜𝖆𝖑𝖐𝖊𝖗 | Gate'
2026-07-31 20:02:11,342 [INFO] root: 🛡 Защитное ядро Sentinel запущенно...
2026-07-31 20:02:11,343 [INFO] aiogram.dispatcher: Start polling
2026-07-31 20:02:11,802 [INFO] aiogram.dispatcher: Run polling for bot @SentinelService_bot id=8801853413 - '𝕹𝖎𝖌𝖍𝖙𝖜𝖆𝖑𝖐𝖊𝖗 | Gate'
2026-07-31 20:02:35,322 [INFO] aiogram.event: Update id=300985122 is handled. Duration 1399 ms by bot id=8801853413
2026-07-31 20:02:41,522 [INFO] aiogram.event: Update id=300985123 is handled. Duration 243 ms by bot id=8801853413
2026-07-31 20:02:45,239 [INFO] aiogram.event: Update id=300985124 is handled. Duration 858 ms by bot id=8801853413
2026-07-31 20:06:11,117 [INFO] aiogram.dispatcher: Polling stopped
2026-07-31 20:06:11,120 [ERROR] aiogram.dispatcher: Failed to fetch updates - TelegramNetworkError: HTTP Client says - ServerDisconnectedError: Server disconnected
2026-07-31 20:06:11,120 [WARNING] aiogram.dispatcher: Sleep for 1.000000 seconds and try again... (tryings = 0, bot id = 8801853413)
2026-07-31 20:06:11,372 [INFO] aiogram.dispatcher: Polling stopped for bot @SentinelService_bot id=8801853413 - '𝕹𝖎𝖌𝖍𝖙𝖜𝖆𝖑𝖐𝖊𝖗 | Gate'
2026-07-31 20:06:23,763 [INFO] root: 🛡 Защитное ядро Sentinel запущенно...
2026-07-31 20:06:23,764 [INFO] aiogram.dispatcher: Start polling
2026-07-31 20:06:24,214 [INFO] aiogram.dispatcher: Run polling for bot @SentinelService_bot id=8801853413 - '𝕹𝖎𝖌𝖍𝖙𝖜𝖆𝖑𝖐𝖊𝖗 | Gate'
2026-07-31 20:39:21,290 [INFO] aiogram.event: Update id=300985125 is handled. Duration 1604 ms by bot id=8801853413
2026-07-31 20:39:21,477 [INFO] aiogram.event: Update id=300985126 is handled. Duration 214 ms by bot id=8801853413
2026-07-31 20:39:21,689 [INFO] aiogram.event: Update id=300985127 is handled. Duration 221 ms by bot id=8801853413
2026-07-31 20:39:21,986 [INFO] aiogram.event: Update id=300985128 is handled. Duration 211 ms by bot id=8801853413
2026-07-31 20:39:22,220 [INFO] aiogram.event: Update id=300985129 is handled. Duration 224 ms by bot id=8801853413
2026-07-31 20:39:22,520 [INFO] aiogram.event: Update id=300985130 is handled. Duration 191 ms by bot id=8801853413
2026-07-31 20:39:22,713 [INFO] aiogram.event: Update id=300985131 is handled. Duration 198 ms by bot id=8801853413
2026-07-31 20:39:23,028 [INFO] aiogram.event: Update id=300985132 is handled. Duration 233 ms by bot id=8801853413
2026-07-31 20:39:23,234 [INFO] aiogram.event: Update id=300985133 is handled. Duration 194 ms by bot id=8801853413
2026-07-31 20:39:23,531 [INFO] aiogram.event: Update id=300985134 is handled. Duration 210 ms by bot id=8801853413
2026-07-31 20:39:23,775 [INFO] aiogram.event: Update id=300985135 is handled. Duration 218 ms by bot id=8801853413
2026-07-31 20:39:24,040 [INFO] aiogram.event: Update id=300985136 is handled. Duration 197 ms by bot id=8801853413
2026-07-31 20:39:24,323 [INFO] aiogram.event: Update id=300985137 is handled. Duration 206 ms by bot id=8801853413
2026-07-31 20:39:24,538 [INFO] aiogram.event: Update id=300985138 is handled. Duration 212 ms by bot id=8801853413
2026-07-31 20:39:24,723 [INFO] aiogram.event: Update id=300985139 is handled. Duration 221 ms by bot id=8801853413
2026-07-31 20:39:25,083 [INFO] aiogram.event: Update id=300985140 is handled. Duration 218 ms by bot id=8801853413
2026-07-31 20:39:25,256 [INFO] aiogram.event: Update id=300985141 is handled. Duration 210 ms by bot id=8801853413
2026-07-31 20:39:25,644 [INFO] aiogram.event: Update id=300985142 is handled. Duration 209 ms by bot id=8801853413
2026-07-31 20:39:26,016 [INFO] aiogram.event: Update id=300985143 is handled. Duration 449 ms by bot id=8801853413
2026-07-31 20:39:26,153 [INFO] aiogram.event: Update id=300985144 is handled. Duration 205 ms by bot id=8801853413
2026-07-31 20:39:26,519 [INFO] aiogram.event: Update id=300985145 is handled. Duration 197 ms by bot id=8801853413
2026-07-31 20:39:26,690 [INFO] aiogram.event: Update id=300985146 is handled. Duration 238 ms by bot id=8801853413
2026-07-31 20:39:27,101 [INFO] aiogram.event: Update id=300985147 is handled. Duration 258 ms by bot id=8801853413
2026-07-31 20:39:27,282 [INFO] aiogram.event: Update id=300985148 is handled. Duration 230 ms by bot id=8801853413
2026-07-31 20:39:27,644 [INFO] aiogram.event: Update id=300985149 is handled. Duration 206 ms by bot id=8801853413
2026-07-31 20:39:27,763 [INFO] aiogram.event: Update id=300985150 is handled. Duration 184 ms by bot id=8801853413
2026-07-31 20:39:28,161 [INFO] aiogram.event: Update id=300985151 is handled. Duration 193 ms by bot id=8801853413
2026-07-31 20:39:28,298 [INFO] aiogram.event: Update id=300985152 is handled. Duration 201 ms by bot id=8801853413
2026-07-31 20:39:28,719 [INFO] aiogram.event: Update id=300985153 is handled. Duration 201 ms by bot id=8801853413
2026-07-31 20:39:28,874 [INFO] aiogram.event: Update id=300985154 is handled. Duration 221 ms by bot id=8801853413
2026-07-31 20:39:29,243 [INFO] aiogram.event: Update id=300985155 is handled. Duration 192 ms by bot id=8801853413
2026-07-31 20:39:29,392 [INFO] aiogram.event: Update id=300985156 is handled. Duration 182 ms by bot id=8801853413
2026-07-31 20:39:29,756 [INFO] aiogram.event: Update id=300985157 is handled. Duration 199 ms by bot id=8801853413
2026-07-31 20:39:29,922 [INFO] aiogram.event: Update id=300985158 is handled. Duration 216 ms by bot id=8801853413
2026-07-31 20:39:30,361 [INFO] aiogram.event: Update id=300985159 is handled. Duration 211 ms by bot id=8801853413
2026-07-31 20:39:30,529 [INFO] aiogram.event: Update id=300985160 is handled. Duration 218 ms by bot id=8801853413
2026-07-31 20:39:30,965 [INFO] aiogram.event: Update id=300985161 is handled. Duration 212 ms by bot id=8801853413
2026-07-31 20:39:31,185 [INFO] aiogram.event: Update id=300985162 is handled. Duration 241 ms by bot id=8801853413
2026-07-31 20:39:31,607 [INFO] aiogram.event: Update id=300985163 is handled. Duration 202 ms by bot id=8801853413
2026-07-31 20:39:31,760 [INFO] aiogram.event: Update id=300985164 is handled. Duration 188 ms by bot id=8801853413
2026-07-31 20:39:32,149 [INFO] aiogram.event: Update id=300985165 is handled. Duration 221 ms by bot id=8801853413
2026-07-31 20:39:32,271 [INFO] aiogram.event: Update id=300985166 is handled. Duration 199 ms by bot id=8801853413
2026-07-31 20:39:32,763 [INFO] aiogram.event: Update id=300985167 is handled. Duration 220 ms by bot id=8801853413
2026-07-31 20:39:32,892 [INFO] aiogram.event: Update id=300985168 is handled. Duration 208 ms by bot id=8801853413
2026-07-31 20:39:33,307 [INFO] aiogram.event: Update id=300985169 is handled. Duration 247 ms by bot id=8801853413
2026-07-31 20:39:33,394 [INFO] aiogram.event: Update id=300985170 is handled. Duration 216 ms by bot id=8801853413
2026-07-31 20:39:33,868 [INFO] aiogram.event: Update id=300985171 is handled. Duration 194 ms by bot id=8801853413
2026-07-31 20:39:34,007 [INFO] aiogram.event: Update id=300985172 is handled. Duration 184 ms by bot id=8801853413
2026-07-31 20:39:34,404 [INFO] aiogram.event: Update id=300985173 is handled. Duration 211 ms by bot id=8801853413
2026-07-31 20:39:34,595 [INFO] aiogram.event: Update id=300985174 is handled. Duration 237 ms by bot id=8801853413
2026-07-31 20:39:34,968 [INFO] aiogram.event: Update id=300985175 is handled. Duration 219 ms by bot id=8801853413
2026-07-31 20:39:35,213 [INFO] aiogram.event: Update id=300985176 is handled. Duration 283 ms by bot id=8801853413
2026-07-31 20:39:35,487 [INFO] aiogram.event: Update id=300985177 is handled. Duration 236 ms by bot id=8801853413
2026-07-31 20:39:35,722 [INFO] aiogram.event: Update id=300985178 is handled. Duration 200 ms by bot id=8801853413
2026-07-31 20:39:36,123 [INFO] aiogram.event: Update id=300985179 is handled. Duration 326 ms by bot id=8801853413
2026-07-31 20:39:36,192 [INFO] aiogram.event: Update id=300985180 is handled. Duration 195 ms by bot id=8801853413
2026-07-31 20:39:36,681 [INFO] aiogram.event: Update id=300985181 is handled. Duration 238 ms by bot id=8801853413
2026-07-31 20:39:36,885 [INFO] aiogram.event: Update id=300985182 is handled. Duration 310 ms by bot id=8801853413
2026-07-31 20:39:37,443 [INFO] aiogram.event: Update id=300985183 is handled. Duration 434 ms by bot id=8801853413
2026-07-31 20:39:37,544 [INFO] aiogram.event: Update id=300985184 is handled. Duration 311 ms by bot id=8801853413
2026-07-31 20:39:38,074 [INFO] aiogram.event: Update id=300985185 is handled. Duration 218 ms by bot id=8801853413
2026-07-31 20:39:38,316 [INFO] aiogram.event: Update id=300985186 is handled. Duration 224 ms by bot id=8801853413
2026-07-31 20:39:38,677 [INFO] aiogram.event: Update id=300985187 is handled. Duration 215 ms by bot id=8801853413
2026-07-31 20:39:39,115 [INFO] aiogram.event: Update id=300985188 is handled. Duration 192 ms by bot id=8801853413
2026-07-31 20:39:39,312 [INFO] aiogram.event: Update id=300985189 is handled. Duration 230 ms by bot id=8801853413
2026-07-31 20:39:39,647 [INFO] aiogram.event: Update id=300985190 is handled. Duration 199 ms by bot id=8801853413
2026-07-31 20:39:39,922 [INFO] aiogram.event: Update id=300985191 is handled. Duration 228 ms by bot id=8801853413
2026-07-31 20:39:40,242 [INFO] aiogram.event: Update id=300985192 is handled. Duration 244 ms by bot id=8801853413
2026-07-31 20:39:40,443 [INFO] aiogram.event: Update id=300985193 is handled. Duration 198 ms by bot id=8801853413
2026-07-31 20:39:40,784 [INFO] aiogram.event: Update id=300985194 is handled. Duration 227 ms by bot id=8801853413
2026-07-31 20:39:41,186 [INFO] aiogram.event: Update id=300985195 is handled. Duration 439 ms by bot id=8801853413
2026-07-31 20:39:41,531 [INFO] aiogram.event: Update id=300985196 is handled. Duration 351 ms by bot id=8801853413
2026-07-31 20:39:41,676 [INFO] aiogram.event: Update id=300985197 is handled. Duration 194 ms by bot id=8801853413
2026-07-31 20:39:42,013 [INFO] aiogram.event: Update id=300985198 is handled. Duration 201 ms by bot id=8801853413
2026-07-31 20:39:42,204 [INFO] aiogram.event: Update id=300985199 is handled. Duration 195 ms by bot id=8801853413
2026-07-31 20:39:42,568 [INFO] aiogram.event: Update id=300985200 is handled. Duration 222 ms by bot id=8801853413
2026-07-31 20:39:42,772 [INFO] aiogram.event: Update id=300985201 is handled. Duration 232 ms by bot id=8801853413
2026-07-31 20:39:43,093 [INFO] aiogram.event: Update id=300985202 is handled. Duration 198 ms by bot id=8801853413
2026-07-31 20:39:43,330 [INFO] aiogram.event: Update id=300985203 is handled. Duration 252 ms by bot id=8801853413
2026-07-31 20:39:43,589 [INFO] aiogram.event: Update id=300985204 is handled. Duration 197 ms by bot id=8801853413
2026-07-31 20:39:43,851 [INFO] aiogram.event: Update id=300985205 is handled. Duration 194 ms by bot id=8801853413
2026-07-31 20:39:44,268 [INFO] aiogram.event: Update id=300985206 is handled. Duration 195 ms by bot id=8801853413
2026-07-31 20:39:44,454 [INFO] aiogram.event: Update id=300985207 is handled. Duration 231 ms by bot id=8801853413
2026-07-31 20:39:44,809 [INFO] aiogram.event: Update id=300985208 is handled. Duration 197 ms by bot id=8801853413
2026-07-31 20:39:45,013 [INFO] aiogram.event: Update id=300985209 is handled. Duration 213 ms by bot id=8801853413
2026-07-31 20:39:45,395 [INFO] aiogram.event: Update id=300985210 is handled. Duration 219 ms by bot id=8801853413
2026-07-31 20:39:45,707 [INFO] aiogram.event: Update id=300985211 is handled. Duration 193 ms by bot id=8801853413
2026-07-31 20:39:45,925 [INFO] aiogram.event: Update id=300985212 is handled. Duration 212 ms by bot id=8801853413
2026-07-31 20:39:46,239 [INFO] aiogram.event: Update id=300985213 is handled. Duration 197 ms by bot id=8801853413
2026-07-31 20:39:46,407 [INFO] aiogram.event: Update id=300985214 is handled. Duration 196 ms by bot id=8801853413
2026-07-31 20:39:46,749 [INFO] aiogram.event: Update id=300985215 is handled. Duration 182 ms by bot id=8801853413
2026-07-31 20:39:46,965 [INFO] aiogram.event: Update id=300985216 is handled. Duration 212 ms by bot id=8801853413
2026-07-31 20:39:47,281 [INFO] aiogram.event: Update id=300985217 is handled. Duration 174 ms by bot id=8801853413
2026-07-31 20:39:47,489 [INFO] aiogram.event: Update id=300985218 is handled. Duration 222 ms by bot id=8801853413
2026-07-31 20:39:47,796 [INFO] aiogram.event: Update id=300985219 is handled. Duration 192 ms by bot id=8801853413
2026-07-31 20:39:48,035 [INFO] aiogram.event: Update id=300985220 is handled. Duration 232 ms by bot id=8801853413
2026-07-31 20:43:35,467 [INFO] aiogram.event: Update id=300985221 is handled. Duration 1207 ms by bot id=8801853413
2026-07-31 20:46:46,127 [ERROR] aiogram.dispatcher: Failed to fetch updates - TelegramNetworkError: HTTP Client says - Request timeout error
2026-07-31 20:46:46,128 [WARNING] aiogram.dispatcher: Sleep for 1.000000 seconds and try again... (tryings = 0, bot id = 8801853413)
2026-07-31 20:46:57,486 [INFO] aiogram.dispatcher: Connection established (tryings = 1, bot id = 8801853413)
2026-07-31 20:49:56,731 [INFO] aiogram.event: Update id=300985222 is handled. Duration 1327 ms by bot id=8801853413
2026-07-31 20:49:56,785 [INFO] aiogram.event: Update id=300985223 is handled. Duration 1271 ms by bot id=8801853413
2026-07-31 20:49:56,903 [INFO] aiogram.event: Update id=300985224 is handled. Duration 197 ms by bot id=8801853413
2026-07-31 20:49:57,048 [INFO] aiogram.event: Update id=300985225 is handled. Duration 232 ms by bot id=8801853413
2026-07-31 20:49:57,103 [INFO] aiogram.event: Update id=300985226 is handled. Duration 176 ms by bot id=8801853413
2026-07-31 20:49:57,265 [INFO] aiogram.event: Update id=300985227 is handled. Duration 216 ms by bot id=8801853413
2026-07-31 20:49:57,389 [INFO] aiogram.event: Update id=300985228 is handled. Duration 225 ms by bot id=8801853413
2026-07-31 20:49:57,571 [INFO] aiogram.event: Update id=300985229 is handled. Duration 227 ms by bot id=8801853413
2026-07-31 20:49:57,687 [INFO] aiogram.event: Update id=300985230 is handled. Duration 228 ms by bot id=8801853413
2026-07-31 20:49:57,786 [INFO] aiogram.event: Update id=300985231 is handled. Duration 194 ms by bot id=8801853413
2026-07-31 20:49:57,893 [INFO] aiogram.event: Update id=300985232 is handled. Duration 182 ms by bot id=8801853413
2026-07-31 20:49:57,994 [INFO] aiogram.event: Update id=300985233 is handled. Duration 165 ms by bot id=8801853413
2026-07-31 20:49:58,132 [INFO] aiogram.event: Update id=300985234 is handled. Duration 188 ms by bot id=8801853413
2026-07-31 20:49:58,259 [INFO] aiogram.event: Update id=300985235 is handled. Duration 207 ms by bot id=8801853413
2026-07-31 20:49:58,388 [INFO] aiogram.event: Update id=300985236 is handled. Duration 226 ms by bot id=8801853413
2026-07-31 20:49:58,515 [INFO] aiogram.event: Update id=300985237 is handled. Duration 233 ms by bot id=8801853413
2026-07-31 20:49:58,618 [INFO] aiogram.event: Update id=300985238 is handled. Duration 223 ms by bot id=8801853413
2026-07-31 20:49:58,741 [INFO] aiogram.event: Update id=300985239 is handled. Duration 225 ms by bot id=8801853413
2026-07-31 20:49:58,921 [INFO] aiogram.event: Update id=300985240 is handled. Duration 255 ms by bot id=8801853413
2026-07-31 20:49:59,058 [INFO] aiogram.event: Update id=300985241 is handled. Duration 275 ms by bot id=8801853413
2026-07-31 20:49:59,176 [INFO] aiogram.event: Update id=300985242 is handled. Duration 280 ms by bot id=8801853413
2026-07-31 20:49:59,255 [INFO] aiogram.event: Update id=300985243 is handled. Duration 220 ms by bot id=8801853413
2026-07-31 20:49:59,439 [INFO] aiogram.event: Update id=300985244 is handled. Duration 234 ms by bot id=8801853413
2026-07-31 20:49:59,604 [INFO] aiogram.event: Update id=300985245 is handled. Duration 246 ms by bot id=8801853413
2026-07-31 20:49:59,678 [INFO] aiogram.event: Update id=300985246 is handled. Duration 207 ms by bot id=8801853413
2026-07-31 20:49:59,812 [INFO] aiogram.event: Update id=300985247 is handled. Duration 216 ms by bot id=8801853413
2026-07-31 20:49:59,942 [INFO] aiogram.event: Update id=300985248 is handled. Duration 231 ms by bot id=8801853413
2026-07-31 20:50:00,176 [INFO] aiogram.event: Update id=300985249 is handled. Duration 184 ms by bot id=8801853413
2026-07-31 20:50:00,306 [INFO] aiogram.event: Update id=300985251 is handled. Duration 201 ms by bot id=8801853413
2026-07-31 20:50:00,355 [INFO] aiogram.event: Update id=300985250 is handled. Duration 250 ms by bot id=8801853413
2026-07-31 20:50:00,643 [INFO] aiogram.event: Update id=300985253 is handled. Duration 222 ms by bot id=8801853413
2026-07-31 20:50:00,678 [INFO] aiogram.event: Update id=300985252 is handled. Duration 459 ms by bot id=8801853413
2026-07-31 20:50:00,780 [INFO] aiogram.event: Update id=300985254 is handled. Duration 216 ms by bot id=8801853413
2026-07-31 20:50:00,903 [INFO] aiogram.event: Update id=300985255 is handled. Duration 215 ms by bot id=8801853413
2026-07-31 20:50:01,194 [INFO] aiogram.event: Update id=300985256 is handled. Duration 304 ms by bot id=8801853413
2026-07-31 20:50:01,293 [INFO] aiogram.event: Update id=300985257 is handled. Duration 296 ms by bot id=8801853413
2026-07-31 20:50:01,379 [INFO] aiogram.event: Update id=300985258 is handled. Duration 271 ms by bot id=8801853413
2026-07-31 20:50:01,464 [INFO] aiogram.event: Update id=300985259 is handled. Duration 248 ms by bot id=8801853413
2026-07-31 20:50:01,680 [INFO] aiogram.event: Update id=300985260 is handled. Duration 232 ms by bot id=8801853413
2026-07-31 20:50:01,760 [INFO] aiogram.event: Update id=300985261 is handled. Duration 202 ms by bot id=8801853413
2026-07-31 20:50:01,925 [INFO] aiogram.event: Update id=300985262 is handled. Duration 208 ms by bot id=8801853413
2026-07-31 20:50:02,046 [INFO] aiogram.event: Update id=300985263 is handled. Duration 199 ms by bot id=8801853413
2026-07-31 20:50:02,213 [INFO] aiogram.event: Update id=300985264 is handled. Duration 216 ms by bot id=8801853413
2026-07-31 20:50:02,343 [INFO] aiogram.event: Update id=300985265 is handled. Duration 232 ms by bot id=8801853413
2026-07-31 20:50:02,464 [INFO] aiogram.event: Update id=300985266 is handled. Duration 242 ms by bot id=8801853413
2026-07-31 20:50:02,584 [INFO] aiogram.event: Update id=300985267 is handled. Duration 249 ms by bot id=8801853413
2026-07-31 20:50:02,724 [INFO] aiogram.event: Update id=300985268 is handled. Duration 264 ms by bot id=8801853413
2026-07-31 20:50:02,888 [INFO] aiogram.event: Update id=300985269 is handled. Duration 282 ms by bot id=8801853413
2026-07-31 20:50:02,984 [INFO] aiogram.event: Update id=300985270 is handled. Duration 250 ms by bot id=8801853413
2026-07-31 20:50:03,162 [INFO] aiogram.event: Update id=300985271 is handled. Duration 295 ms by bot id=8801853413
2026-07-31 20:50:06,411 [INFO] aiogram.event: Update id=300985272 is handled. Duration 264 ms by bot id=8801853413
2026-07-31 20:50:06,500 [INFO] aiogram.event: Update id=300985273 is handled. Duration 220 ms by bot id=8801853413
2026-07-31 20:50:06,582 [INFO] aiogram.event: Update id=300985274 is handled. Duration 190 ms by bot id=8801853413
2026-07-31 20:50:06,726 [INFO] aiogram.event: Update id=300985275 is handled. Duration 194 ms by bot id=8801853413
2026-07-31 20:50:06,888 [INFO] aiogram.event: Update id=300985276 is handled. Duration 198 ms by bot id=8801853413
2026-07-31 20:50:06,985 [INFO] aiogram.event: Update id=300985277 is handled. Duration 182 ms by bot id=8801853413
2026-07-31 20:50:07,117 [INFO] aiogram.event: Update id=300985278 is handled. Duration 206 ms by bot id=8801853413
2026-07-31 20:50:07,249 [INFO] aiogram.event: Update id=300985279 is handled. Duration 223 ms by bot id=8801853413
2026-07-31 20:50:07,333 [INFO] aiogram.event: Update id=300985280 is handled. Duration 179 ms by bot id=8801853413
2026-07-31 20:50:07,452 [INFO] aiogram.event: Update id=300985281 is handled. Duration 184 ms by bot id=8801853413
2026-07-31 20:50:07,598 [INFO] aiogram.event: Update id=300985282 is handled. Duration 185 ms by bot id=8801853413
2026-07-31 20:50:07,800 [INFO] aiogram.event: Update id=300985283 is handled. Duration 222 ms by bot id=8801853413
2026-07-31 20:50:07,890 [INFO] aiogram.event: Update id=300985284 is handled. Duration 196 ms by bot id=8801853413
2026-07-31 20:50:08,039 [INFO] aiogram.event: Update id=300985285 is handled. Duration 228 ms by bot id=8801853413
2026-07-31 20:50:08,130 [INFO] aiogram.event: Update id=300985286 is handled. Duration 201 ms by bot id=8801853413
2026-07-31 20:50:08,289 [INFO] aiogram.event: Update id=300985287 is handled. Duration 227 ms by bot id=8801853413
2026-07-31 20:50:08,488 [INFO] aiogram.event: Update id=300985288 is handled. Duration 229 ms by bot id=8801853413
2026-07-31 20:50:08,608 [INFO] aiogram.event: Update id=300985289 is handled. Duration 190 ms by bot id=8801853413
2026-07-31 20:50:08,770 [INFO] aiogram.event: Update id=300985290 is handled. Duration 236 ms by bot id=8801853413
2026-07-31 20:50:08,886 [INFO] aiogram.event: Update id=300985291 is handled. Duration 239 ms by bot id=8801853413
2026-07-31 20:50:09,092 [INFO] aiogram.event: Update id=300985292 is handled. Duration 316 ms by bot id=8801853413
2026-07-31 20:50:09,162 [INFO] aiogram.event: Update id=300985293 is handled. Duration 230 ms by bot id=8801853413
2026-07-31 20:50:09,416 [INFO] aiogram.event: Update id=300985294 is handled. Duration 251 ms by bot id=8801853413
2026-07-31 20:50:09,578 [INFO] aiogram.event: Update id=300985295 is handled. Duration 290 ms by bot id=8801853413
2026-07-31 20:50:09,658 [INFO] aiogram.event: Update id=300985296 is handled. Duration 246 ms by bot id=8801853413
2026-07-31 20:50:09,796 [INFO] aiogram.event: Update id=300985297 is handled. Duration 279 ms by bot id=8801853413
2026-07-31 20:50:09,999 [INFO] aiogram.event: Update id=300985298 is handled. Duration 198 ms by bot id=8801853413
2026-07-31 20:50:10,148 [INFO] aiogram.event: Update id=300985299 is handled. Duration 205 ms by bot id=8801853413
2026-07-31 20:50:10,249 [INFO] aiogram.event: Update id=300985300 is handled. Duration 191 ms by bot id=8801853413
2026-07-31 20:50:10,374 [INFO] aiogram.event: Update id=300985301 is handled. Duration 189 ms by bot id=8801853413
2026-07-31 20:50:10,499 [INFO] aiogram.event: Update id=300985302 is handled. Duration 188 ms by bot id=8801853413
2026-07-31 20:50:10,661 [INFO] aiogram.event: Update id=300985303 is handled. Duration 203 ms by bot id=8801853413
2026-07-31 20:50:10,775 [INFO] aiogram.event: Update id=300985304 is handled. Duration 192 ms by bot id=8801853413
2026-07-31 20:50:10,870 [INFO] aiogram.event: Update id=300985305 is handled. Duration 174 ms by bot id=8801853413
2026-07-31 20:50:11,007 [INFO] aiogram.event: Update id=300985306 is handled. Duration 192 ms by bot id=8801853413
2026-07-31 20:50:11,136 [INFO] aiogram.event: Update id=300985307 is handled. Duration 183 ms by bot id=8801853413
2026-07-31 20:50:11,294 [INFO] aiogram.event: Update id=300985308 is handled. Duration 198 ms by bot id=8801853413
2026-07-31 20:50:11,409 [INFO] aiogram.event: Update id=300985309 is handled. Duration 202 ms by bot id=8801853413
2026-07-31 20:50:11,519 [INFO] aiogram.event: Update id=300985310 is handled. Duration 193 ms by bot id=8801853413
2026-07-31 20:50:11,631 [INFO] aiogram.event: Update id=300985311 is handled. Duration 189 ms by bot id=8801853413
2026-07-31 20:50:11,763 [INFO] aiogram.event: Update id=300985312 is handled. Duration 196 ms by bot id=8801853413
2026-07-31 20:50:11,913 [INFO] aiogram.event: Update id=300985313 is handled. Duration 232 ms by bot id=8801853413
2026-07-31 20:50:12,022 [INFO] aiogram.event: Update id=300985314 is handled. Duration 227 ms by bot id=8801853413
2026-07-31 20:50:12,102 [INFO] aiogram.event: Update id=300985315 is handled. Duration 178 ms by bot id=8801853413
2026-07-31 20:50:12,276 [INFO] aiogram.event: Update id=300985316 is handled. Duration 232 ms by bot id=8801853413
2026-07-31 20:50:12,448 [INFO] aiogram.event: Update id=300985317 is handled. Duration 221 ms by bot id=8801853413
2026-07-31 20:50:12,591 [INFO] aiogram.event: Update id=300985318 is handled. Duration 247 ms by bot id=8801853413
2026-07-31 20:50:12,680 [INFO] aiogram.event: Update id=300985319 is handled. Duration 215 ms by bot id=8801853413
2026-07-31 20:50:12,749 [INFO] aiogram.event: Update id=300985320 is handled. Duration 174 ms by bot id=8801853413
2026-07-31 20:50:12,954 [INFO] aiogram.event: Update id=300985321 is handled. Duration 219 ms by bot id=8801853413
2026-07-31 20:50:26,386 [INFO] aiogram.event: Update id=300985322 is handled. Duration 288 ms by bot id=8801853413
2026-07-31 20:50:26,458 [INFO] aiogram.event: Update id=300985324 is handled. Duration 245 ms by bot id=8801853413
2026-07-31 20:50:26,485 [INFO] aiogram.event: Update id=300985323 is handled. Duration 272 ms by bot id=8801853413
2026-07-31 20:50:26,757 [INFO] aiogram.event: Update id=300985325 is handled. Duration 426 ms by bot id=8801853413
2026-07-31 20:50:26,825 [INFO] aiogram.event: Update id=300985326 is handled. Duration 180 ms by bot id=8801853413
2026-07-31 20:50:26,952 [INFO] aiogram.event: Update id=300985328 is handled. Duration 189 ms by bot id=8801853413
2026-07-31 20:50:26,991 [INFO] aiogram.event: Update id=300985327 is handled. Duration 229 ms by bot id=8801853413
2026-07-31 20:50:27,205 [INFO] aiogram.event: Update id=300985329 is handled. Duration 192 ms by bot id=8801853413
2026-07-31 20:50:27,311 [INFO] aiogram.event: Update id=300985330 is handled. Duration 182 ms by bot id=8801853413
2026-07-31 20:50:27,425 [INFO] aiogram.event: Update id=300985331 is handled. Duration 179 ms by bot id=8801853413
2026-07-31 20:50:27,563 [INFO] aiogram.event: Update id=300985332 is handled. Duration 202 ms by bot id=8801853413
2026-07-31 20:50:27,654 [INFO] aiogram.event: Update id=300985333 is handled. Duration 162 ms by bot id=8801853413
2026-07-31 20:50:27,795 [INFO] aiogram.event: Update id=300985334 is handled. Duration 187 ms by bot id=8801853413
2026-07-31 20:50:27,900 [INFO] aiogram.event: Update id=300985335 is handled. Duration 182 ms by bot id=8801853413
2026-07-31 20:50:27,930 [INFO] aiogram.event: Update id=300985336 is handled. Duration 211 ms by bot id=8801853413
2026-07-31 20:50:28,099 [INFO] aiogram.event: Update id=300985337 is handled. Duration 184 ms by bot id=8801853413
2026-07-31 20:50:28,263 [INFO] aiogram.event: Update id=300985338 is handled. Duration 205 ms by bot id=8801853413
2026-07-31 20:50:28,363 [INFO] aiogram.event: Update id=300985339 is handled. Duration 191 ms by bot id=8801853413
2026-07-31 20:50:28,474 [INFO] aiogram.event: Update id=300985340 is handled. Duration 191 ms by bot id=8801853413
2026-07-31 20:50:28,578 [INFO] aiogram.event: Update id=300985341 is handled. Duration 184 ms by bot id=8801853413
2026-07-31 20:50:28,711 [INFO] aiogram.event: Update id=300985342 is handled. Duration 181 ms by bot id=8801853413
2026-07-31 20:50:28,844 [INFO] aiogram.event: Update id=300985343 is handled. Duration 189 ms by bot id=8801853413
2026-07-31 20:50:28,962 [INFO] aiogram.event: Update id=300985344 is handled. Duration 191 ms by bot id=8801853413
2026-07-31 20:50:29,083 [INFO] aiogram.event: Update id=300985345 is handled. Duration 186 ms by bot id=8801853413
2026-07-31 20:50:29,210 [INFO] aiogram.event: Update id=300985346 is handled. Duration 192 ms by bot id=8801853413
2026-07-31 20:50:29,361 [INFO] aiogram.event: Update id=300985347 is handled. Duration 184 ms by bot id=8801853413
2026-07-31 20:50:29,480 [INFO] aiogram.event: Update id=300985348 is handled. Duration 190 ms by bot id=8801853413
2026-07-31 20:50:29,582 [INFO] aiogram.event: Update id=300985349 is handled. Duration 172 ms by bot id=8801853413
2026-07-31 20:50:29,712 [INFO] aiogram.event: Update id=300985350 is handled. Duration 180 ms by bot id=8801853413
2026-07-31 20:50:29,839 [INFO] aiogram.event: Update id=300985351 is handled. Duration 194 ms by bot id=8801853413
2026-07-31 20:50:29,995 [INFO] aiogram.event: Update id=300985352 is handled. Duration 208 ms by bot id=8801853413
2026-07-31 20:50:30,093 [INFO] aiogram.event: Update id=300985353 is handled. Duration 187 ms by bot id=8801853413
2026-07-31 20:50:30,228 [INFO] aiogram.event: Update id=300985354 is handled. Duration 206 ms by bot id=8801853413
2026-07-31 20:50:30,301 [INFO] aiogram.event: Update id=300985355 is handled. Duration 169 ms by bot id=8801853413
2026-07-31 20:50:30,480 [INFO] aiogram.event: Update id=300985356 is handled. Duration 210 ms by bot id=8801853413
2026-07-31 20:50:30,568 [INFO] aiogram.event: Update id=300985357 is handled. Duration 183 ms by bot id=8801853413
2026-07-31 20:50:30,707 [INFO] aiogram.event: Update id=300985358 is handled. Duration 210 ms by bot id=8801853413
2026-07-31 20:50:30,800 [INFO] aiogram.event: Update id=300985359 is handled. Duration 187 ms by bot id=8801853413
2026-07-31 20:50:30,900 [INFO] aiogram.event: Update id=300985360 is handled. Duration 173 ms by bot id=8801853413
2026-07-31 20:50:31,024 [INFO] aiogram.event: Update id=300985361 is handled. Duration 180 ms by bot id=8801853413
2026-07-31 20:50:31,132 [INFO] aiogram.event: Update id=300985362 is handled. Duration 168 ms by bot id=8801853413
2026-07-31 20:50:31,255 [INFO] aiogram.event: Update id=300985363 is handled. Duration 177 ms by bot id=8801853413
2026-07-31 20:50:31,364 [INFO] aiogram.event: Update id=300985364 is handled. Duration 168 ms by bot id=8801853413
2026-07-31 20:50:31,499 [INFO] aiogram.event: Update id=300985365 is handled. Duration 187 ms by bot id=8801853413
2026-07-31 20:50:31,608 [INFO] aiogram.event: Update id=300985366 is handled. Duration 180 ms by bot id=8801853413
2026-07-31 20:50:31,717 [INFO] aiogram.event: Update id=300985367 is handled. Duration 176 ms by bot id=8801853413
2026-07-31 20:50:31,845 [INFO] aiogram.event: Update id=300985368 is handled. Duration 182 ms by bot id=8801853413
2026-07-31 20:50:31,962 [INFO] aiogram.event: Update id=300985369 is handled. Duration 181 ms by bot id=8801853413
2026-07-31 20:50:32,079 [INFO] aiogram.event: Update id=300985370 is handled. Duration 182 ms by bot id=8801853413
2026-07-31 20:50:32,245 [INFO] aiogram.event: Update id=300985371 is handled. Duration 238 ms by bot id=8801853413
2026-07-31 20:50:36,433 [INFO] aiogram.event: Update id=300985372 is handled. Duration 193 ms by bot id=8801853413
2026-07-31 20:50:36,607 [INFO] aiogram.event: Update id=300985373 is handled. Duration 206 ms by bot id=8801853413
2026-07-31 20:50:36,869 [INFO] aiogram.event: Update id=300985374 is handled. Duration 176 ms by bot id=8801853413
2026-07-31 20:50:37,061 [INFO] aiogram.event: Update id=300985375 is handled. Duration 205 ms by bot id=8801853413
2026-07-31 20:50:37,322 [INFO] aiogram.event: Update id=300985376 is handled. Duration 190 ms by bot id=8801853413
2026-07-31 20:50:37,515 [INFO] aiogram.event: Update id=300985377 is handled. Duration 197 ms by bot id=8801853413
2026-07-31 20:50:37,755 [INFO] aiogram.event: Update id=300985378 is handled. Duration 176 ms by bot id=8801853413
2026-07-31 20:50:37,990 [INFO] aiogram.event: Update id=300985379 is handled. Duration 200 ms by bot id=8801853413
2026-07-31 20:50:38,219 [INFO] aiogram.event: Update id=300985380 is handled. Duration 198 ms by bot id=8801853413
2026-07-31 20:50:38,432 [INFO] aiogram.event: Update id=300985381 is handled. Duration 186 ms by bot id=8801853413
2026-07-31 20:50:38,660 [INFO] aiogram.event: Update id=300985382 is handled. Duration 174 ms by bot id=8801853413
2026-07-31 20:50:38,789 [INFO] aiogram.event: Update id=300985383 is handled. Duration 194 ms by bot id=8801853413
2026-07-31 20:50:38,893 [INFO] aiogram.event: Update id=300985384 is handled. Duration 181 ms by bot id=8801853413
2026-07-31 20:50:39,004 [INFO] aiogram.event: Update id=300985385 is handled. Duration 181 ms by bot id=8801853413
2026-07-31 20:50:39,164 [INFO] aiogram.event: Update id=300985386 is handled. Duration 230 ms by bot id=8801853413
2026-07-31 20:50:39,244 [INFO] aiogram.event: Update id=300985387 is handled. Duration 179 ms by bot id=8801853413
2026-07-31 20:50:39,382 [INFO] aiogram.event: Update id=300985388 is handled. Duration 198 ms by bot id=8801853413
2026-07-31 20:50:39,538 [INFO] aiogram.event: Update id=300985389 is handled. Duration 232 ms by bot id=8801853413
2026-07-31 20:50:39,624 [INFO] aiogram.event: Update id=300985390 is handled. Duration 175 ms by bot id=8801853413
2026-07-31 20:50:39,733 [INFO] aiogram.event: Update id=300985391 is handled. Duration 169 ms by bot id=8801853413
2026-07-31 20:50:39,889 [INFO] aiogram.event: Update id=300985392 is handled. Duration 211 ms by bot id=8801853413
2026-07-31 20:50:39,998 [INFO] aiogram.event: Update id=300985393 is handled. Duration 203 ms by bot id=8801853413
2026-07-31 20:50:40,113 [INFO] aiogram.event: Update id=300985394 is handled. Duration 200 ms by bot id=8801853413
2026-07-31 20:50:40,209 [INFO] aiogram.event: Update id=300985395 is handled. Duration 185 ms by bot id=8801853413
2026-07-31 20:50:40,356 [INFO] aiogram.event: Update id=300985396 is handled. Duration 192 ms by bot id=8801853413
2026-07-31 20:50:40,486 [INFO] aiogram.event: Update id=300985397 is handled. Duration 196 ms by bot id=8801853413
2026-07-31 20:50:40,599 [INFO] aiogram.event: Update id=300985398 is handled. Duration 188 ms by bot id=8801853413
2026-07-31 20:50:40,747 [INFO] aiogram.event: Update id=300985399 is handled. Duration 223 ms by bot id=8801853413
2026-07-31 20:50:40,878 [INFO] aiogram.event: Update id=300985400 is handled. Duration 234 ms by bot id=8801853413
2026-07-31 20:50:40,961 [INFO] aiogram.event: Update id=300985401 is handled. Duration 192 ms by bot id=8801853413
2026-07-31 20:50:41,075 [INFO] aiogram.event: Update id=300985402 is handled. Duration 181 ms by bot id=8801853413
2026-07-31 20:50:41,224 [INFO] aiogram.event: Update id=300985403 is handled. Duration 195 ms by bot id=8801853413
2026-07-31 20:50:41,419 [INFO] aiogram.event: Update id=300985404 is handled. Duration 276 ms by bot id=8801853413
2026-07-31 20:50:41,499 [INFO] aiogram.event: Update id=300985405 is handled. Duration 241 ms by bot id=8801853413
2026-07-31 20:50:41,562 [INFO] aiogram.event: Update id=300985406 is handled. Duration 182 ms by bot id=8801853413
2026-07-31 20:50:41,732 [INFO] aiogram.event: Update id=300985407 is handled. Duration 231 ms by bot id=8801853413
2026-07-31 20:50:41,855 [INFO] aiogram.event: Update id=300985408 is handled. Duration 179 ms by bot id=8801853413
2026-07-31 20:50:42,038 [INFO] aiogram.event: Update id=300985409 is handled. Duration 246 ms by bot id=8801853413
2026-07-31 20:50:42,078 [INFO] aiogram.event: Update id=300985410 is handled. Duration 172 ms by bot id=8801853413
2026-07-31 20:50:42,205 [INFO] aiogram.event: Update id=300985411 is handled. Duration 188 ms by bot id=8801853413
2026-07-31 20:50:42,300 [INFO] aiogram.event: Update id=300985412 is handled. Duration 168 ms by bot id=8801853413
2026-07-31 20:50:42,483 [INFO] aiogram.event: Update id=300985413 is handled. Duration 192 ms by bot id=8801853413
2026-07-31 20:50:42,586 [INFO] aiogram.event: Update id=300985414 is handled. Duration 183 ms by bot id=8801853413
2026-07-31 20:50:42,688 [INFO] aiogram.event: Update id=300985415 is handled. Duration 175 ms by bot id=8801853413
2026-07-31 20:50:42,804 [INFO] aiogram.event: Update id=300985416 is handled. Duration 178 ms by bot id=8801853413
2026-07-31 20:50:42,928 [INFO] aiogram.event: Update id=300985417 is handled. Duration 192 ms by bot id=8801853413
2026-07-31 20:50:43,035 [INFO] aiogram.event: Update id=300985418 is handled. Duration 182 ms by bot id=8801853413
2026-07-31 20:50:43,153 [INFO] aiogram.event: Update id=300985419 is handled. Duration 186 ms by bot id=8801853413
2026-07-31 20:50:43,275 [INFO] aiogram.event: Update id=300985420 is handled. Duration 180 ms by bot id=8801853413
2026-07-31 20:50:43,415 [INFO] aiogram.event: Update id=300985421 is handled. Duration 200 ms by bot id=8801853413
2026-07-31 20:50:59,414 [INFO] aiogram.event: Update id=300985422 is handled. Duration 824 ms by bot id=8801853413
2026-07-31 20:50:59,571 [INFO] aiogram.event: Update id=300985423 is handled. Duration 867 ms by bot id=8801853413
2026-07-31 20:50:59,821 [INFO] aiogram.event: Update id=300985424 is handled. Duration 1115 ms by bot id=8801853413
2026-07-31 20:50:59,833 [INFO] aiogram.event: Update id=300985425 is handled. Duration 1016 ms by bot id=8801853413
2026-07-31 20:50:59,861 [INFO] aiogram.event: Update id=300985426 is handled. Duration 185 ms by bot id=8801853413
2026-07-31 20:51:00,102 [INFO] aiogram.event: Update id=300985427 is handled. Duration 268 ms by bot id=8801853413
2026-07-31 20:51:00,278 [INFO] aiogram.event: Update id=300985428 is handled. Duration 206 ms by bot id=8801853413
2026-07-31 20:51:00,397 [INFO] aiogram.event: Update id=300985430 is handled. Duration 215 ms by bot id=8801853413
2026-07-31 20:51:00,424 [INFO] aiogram.event: Update id=300985429 is handled. Duration 244 ms by bot id=8801853413
2026-07-31 20:51:00,608 [INFO] aiogram.event: Update id=300985431 is handled. Duration 230 ms by bot id=8801853413
2026-07-31 20:51:00,726 [INFO] aiogram.event: Update id=300985432 is handled. Duration 177 ms by bot id=8801853413
2026-07-31 20:51:00,880 [INFO] aiogram.event: Update id=300985433 is handled. Duration 216 ms by bot id=8801853413
2026-07-31 20:51:00,965 [INFO] aiogram.event: Update id=300985434 is handled. Duration 190 ms by bot id=8801853413
2026-07-31 20:51:01,071 [INFO] aiogram.event: Update id=300985435 is handled. Duration 182 ms by bot id=8801853413
2026-07-31 20:51:01,222 [INFO] aiogram.event: Update id=300985436 is handled. Duration 204 ms by bot id=8801853413
2026-07-31 20:51:01,333 [INFO] aiogram.event: Update id=300985437 is handled. Duration 177 ms by bot id=8801853413
2026-07-31 20:51:01,555 [INFO] aiogram.event: Update id=300985438 is handled. Duration 278 ms by bot id=8801853413
2026-07-31 20:51:01,583 [INFO] aiogram.event: Update id=300985439 is handled. Duration 189 ms by bot id=8801853413
2026-07-31 20:51:01,754 [INFO] aiogram.event: Update id=300985440 is handled. Duration 211 ms by bot id=8801853413
2026-07-31 20:51:01,866 [INFO] aiogram.event: Update id=300985441 is handled. Duration 171 ms by bot id=8801853413
2026-07-31 20:51:02,065 [INFO] aiogram.event: Update id=300985442 is handled. Duration 216 ms by bot id=8801853413
2026-07-31 20:51:02,253 [INFO] aiogram.event: Update id=300985443 is handled. Duration 292 ms by bot id=8801853413
2026-07-31 20:51:02,409 [INFO] aiogram.event: Update id=300985444 is handled. Duration 276 ms by bot id=8801853413
2026-07-31 20:51:02,536 [INFO] aiogram.event: Update id=300985445 is handled. Duration 249 ms by bot id=8801853413
2026-07-31 20:51:02,720 [INFO] aiogram.event: Update id=300985446 is handled. Duration 211 ms by bot id=8801853413
2026-07-31 20:51:02,904 [INFO] aiogram.event: Update id=300985447 is handled. Duration 212 ms by bot id=8801853413
2026-07-31 20:51:03,025 [INFO] aiogram.event: Update id=300985448 is handled. Duration 181 ms by bot id=8801853413
2026-07-31 20:51:03,203 [INFO] aiogram.event: Update id=300985449 is handled. Duration 247 ms by bot id=8801853413
2026-07-31 20:51:03,308 [INFO] aiogram.event: Update id=300985450 is handled. Duration 244 ms by bot id=8801853413
2026-07-31 20:51:03,492 [INFO] aiogram.event: Update id=300985451 is handled. Duration 298 ms by bot id=8801853413
2026-07-31 20:51:03,592 [INFO] aiogram.event: Update id=300985452 is handled. Duration 287 ms by bot id=8801853413
2026-07-31 20:51:03,772 [INFO] aiogram.event: Update id=300985453 is handled. Duration 289 ms by bot id=8801853413
2026-07-31 20:51:03,859 [INFO] aiogram.event: Update id=300985454 is handled. Duration 264 ms by bot id=8801853413
2026-07-31 20:51:04,069 [INFO] aiogram.event: Update id=300985455 is handled. Duration 211 ms by bot id=8801853413
2026-07-31 20:51:04,224 [INFO] aiogram.event: Update id=300985456 is handled. Duration 250 ms by bot id=8801853413
2026-07-31 20:51:04,350 [INFO] aiogram.event: Update id=300985457 is handled. Duration 235 ms by bot id=8801853413
2026-07-31 20:51:04,530 [INFO] aiogram.event: Update id=300985458 is handled. Duration 217 ms by bot id=8801853413
2026-07-31 20:51:04,796 [INFO] aiogram.event: Update id=300985459 is handled. Duration 229 ms by bot id=8801853413
2026-07-31 20:51:04,948 [INFO] aiogram.event: Update id=300985460 is handled. Duration 247 ms by bot id=8801853413
2026-07-31 20:51:05,019 [INFO] aiogram.event: Update id=300985461 is handled. Duration 205 ms by bot id=8801853413
2026-07-31 20:51:05,204 [INFO] aiogram.event: Update id=300985462 is handled. Duration 271 ms by bot id=8801853413
2026-07-31 20:51:05,278 [INFO] aiogram.event: Update id=300985463 is handled. Duration 220 ms by bot id=8801853413
2026-07-31 20:51:05,495 [INFO] aiogram.event: Update id=300985464 is handled. Duration 217 ms by bot id=8801853413
2026-07-31 20:51:05,659 [INFO] aiogram.event: Update id=300985465 is handled. Duration 267 ms by bot id=8801853413
2026-07-31 20:51:05,741 [INFO] aiogram.event: Update id=300985466 is handled. Duration 234 ms by bot id=8801853413
2026-07-31 20:51:05,770 [INFO] aiogram.event: Update id=300985467 is handled. Duration 263 ms by bot id=8801853413
2026-07-31 20:51:05,998 [INFO] aiogram.event: Update id=300985468 is handled. Duration 221 ms by bot id=8801853413
2026-07-31 20:51:06,153 [INFO] aiogram.event: Update id=300985469 is handled. Duration 206 ms by bot id=8801853413
2026-07-31 20:51:06,247 [INFO] aiogram.event: Update id=300985470 is handled. Duration 178 ms by bot id=8801853413
2026-07-31 20:51:06,316 [INFO] aiogram.event: Update id=300985471 is handled. Duration 247 ms by bot id=8801853413
2026-07-31 20:51:06,466 [INFO] aiogram.event: Update id=300985472 is handled. Duration 185 ms by bot id=8801853413
2026-07-31 20:51:06,637 [INFO] aiogram.event: Update id=300985473 is handled. Duration 209 ms by bot id=8801853413
2026-07-31 20:51:06,728 [INFO] aiogram.event: Update id=300985474 is handled. Duration 185 ms by bot id=8801853413
2026-07-31 20:51:06,874 [INFO] aiogram.event: Update id=300985475 is handled. Duration 215 ms by bot id=8801853413
2026-07-31 20:51:06,957 [INFO] aiogram.event: Update id=300985476 is handled. Duration 188 ms by bot id=8801853413
2026-07-31 20:51:07,090 [INFO] aiogram.event: Update id=300985477 is handled. Duration 192 ms by bot id=8801853413
2026-07-31 20:51:07,218 [INFO] aiogram.event: Update id=300985478 is handled. Duration 211 ms by bot id=8801853413
2026-07-31 20:51:07,364 [INFO] aiogram.event: Update id=300985479 is handled. Duration 185 ms by bot id=8801853413
2026-07-31 20:51:07,485 [INFO] aiogram.event: Update id=300985480 is handled. Duration 188 ms by bot id=8801853413
2026-07-31 20:51:07,599 [INFO] aiogram.event: Update id=300985481 is handled. Duration 182 ms by bot id=8801853413
2026-07-31 20:51:07,749 [INFO] aiogram.event: Update id=300985482 is handled. Duration 218 ms by bot id=8801853413
2026-07-31 20:51:07,837 [INFO] aiogram.event: Update id=300985483 is handled. Duration 178 ms by bot id=8801853413
2026-07-31 20:51:07,979 [INFO] aiogram.event: Update id=300985484 is handled. Duration 203 ms by bot id=8801853413
2026-07-31 20:51:08,086 [INFO] aiogram.event: Update id=300985485 is handled. Duration 196 ms by bot id=8801853413
2026-07-31 20:51:08,227 [INFO] aiogram.event: Update id=300985486 is handled. Duration 187 ms by bot id=8801853413
2026-07-31 20:51:08,378 [INFO] aiogram.event: Update id=300985487 is handled. Duration 202 ms by bot id=8801853413
2026-07-31 20:51:08,464 [INFO] aiogram.event: Update id=300985488 is handled. Duration 177 ms by bot id=8801853413
2026-07-31 20:51:08,624 [INFO] aiogram.event: Update id=300985489 is handled. Duration 227 ms by bot id=8801853413
2026-07-31 20:51:08,726 [INFO] aiogram.event: Update id=300985490 is handled. Duration 210 ms by bot id=8801853413
2026-07-31 20:51:08,912 [INFO] aiogram.event: Update id=300985491 is handled. Duration 190 ms by bot id=8801853413
2026-07-31 20:51:09,019 [INFO] aiogram.event: Update id=300985492 is handled. Duration 186 ms by bot id=8801853413
2026-07-31 20:51:09,162 [INFO] aiogram.event: Update id=300985493 is handled. Duration 194 ms by bot id=8801853413
2026-07-31 20:51:09,282 [INFO] aiogram.event: Update id=300985494 is handled. Duration 191 ms by bot id=8801853413
2026-07-31 20:51:09,433 [INFO] aiogram.event: Update id=300985495 is handled. Duration 202 ms by bot id=8801853413
2026-07-31 20:51:09,590 [INFO] aiogram.event: Update id=300985496 is handled. Duration 202 ms by bot id=8801853413
2026-07-31 20:51:09,848 [INFO] aiogram.event: Update id=300985497 is handled. Duration 190 ms by bot id=8801853413
2026-07-31 20:51:10,006 [INFO] aiogram.event: Update id=300985498 is handled. Duration 207 ms by bot id=8801853413
2026-07-31 20:51:10,115 [INFO] aiogram.event: Update id=300985499 is handled. Duration 197 ms by bot id=8801853413
2026-07-31 20:51:10,245 [INFO] aiogram.event: Update id=300985500 is handled. Duration 217 ms by bot id=8801853413
2026-07-31 20:51:10,389 [INFO] aiogram.event: Update id=300985501 is handled. Duration 226 ms by bot id=8801853413
2026-07-31 20:51:10,504 [INFO] aiogram.event: Update id=300985502 is handled. Duration 184 ms by bot id=8801853413
2026-07-31 20:51:10,620 [INFO] aiogram.event: Update id=300985503 is handled. Duration 181 ms by bot id=8801853413
2026-07-31 20:51:10,777 [INFO] aiogram.event: Update id=300985504 is handled. Duration 194 ms by bot id=8801853413
2026-07-31 20:51:10,886 [INFO] aiogram.event: Update id=300985505 is handled. Duration 191 ms by bot id=8801853413
2026-07-31 20:51:11,002 [INFO] aiogram.event: Update id=300985506 is handled. Duration 180 ms by bot id=8801853413
2026-07-31 20:51:11,133 [INFO] aiogram.event: Update id=300985507 is handled. Duration 196 ms by bot id=8801853413
2026-07-31 20:51:11,241 [INFO] aiogram.event: Update id=300985508 is handled. Duration 186 ms by bot id=8801853413
2026-07-31 20:51:11,361 [INFO] aiogram.event: Update id=300985509 is handled. Duration 190 ms by bot id=8801853413
2026-07-31 20:51:11,469 [INFO] aiogram.event: Update id=300985510 is handled. Duration 181 ms by bot id=8801853413
2026-07-31 20:51:11,618 [INFO] aiogram.event: Update id=300985511 is handled. Duration 215 ms by bot id=8801853413
2026-07-31 20:51:11,706 [INFO] aiogram.event: Update id=300985512 is handled. Duration 180 ms by bot id=8801853413
2026-07-31 20:51:11,860 [INFO] aiogram.event: Update id=300985513 is handled. Duration 179 ms by bot id=8801853413
2026-07-31 20:51:12,002 [INFO] aiogram.event: Update id=300985514 is handled. Duration 197 ms by bot id=8801853413
2026-07-31 20:51:12,108 [INFO] aiogram.event: Update id=300985515 is handled. Duration 185 ms by bot id=8801853413
2026-07-31 20:51:12,231 [INFO] aiogram.event: Update id=300985516 is handled. Duration 199 ms by bot id=8801853413
2026-07-31 20:51:16,577 [INFO] aiogram.event: Update id=300985517 is handled. Duration 284 ms by bot id=8801853413
2026-07-31 20:51:16,667 [INFO] aiogram.event: Update id=300985518 is handled. Duration 258 ms by bot id=8801853413
2026-07-31 20:51:16,719 [INFO] aiogram.event: Update id=300985519 is handled. Duration 309 ms by bot id=8801853413
2026-07-31 20:51:16,777 [INFO] aiogram.event: Update id=300985520 is handled. Duration 240 ms by bot id=8801853413
2026-07-31 20:51:17,103 [INFO] aiogram.event: Update id=300985521 is handled. Duration 273 ms by bot id=8801853413
2026-07-31 20:51:29,394 [INFO] aiogram.event: Update id=300985522 is handled. Duration 335 ms by bot id=8801853413
2026-07-31 20:51:29,460 [INFO] aiogram.event: Update id=300985523 is handled. Duration 289 ms by bot id=8801853413
2026-07-31 20:51:29,505 [INFO] aiogram.event: Update id=300985524 is handled. Duration 223 ms by bot id=8801853413
2026-07-31 20:51:29,606 [INFO] aiogram.event: Update id=300985525 is handled. Duration 214 ms by bot id=8801853413
2026-07-31 20:51:29,902 [INFO] aiogram.event: Update id=300985526 is handled. Duration 228 ms by bot id=8801853413
2026-07-31 20:51:30,017 [INFO] aiogram.event: Update id=300985527 is handled. Duration 220 ms by bot id=8801853413
2026-07-31 20:51:30,070 [INFO] aiogram.event: Update id=300985528 is handled. Duration 271 ms by bot id=8801853413
2026-07-31 20:51:30,138 [INFO] aiogram.event: Update id=300985529 is handled. Duration 216 ms by bot id=8801853413
2026-07-31 20:51:30,428 [INFO] aiogram.event: Update id=300985530 is handled. Duration 236 ms by bot id=8801853413
2026-07-31 20:51:30,509 [INFO] aiogram.event: Update id=300985531 is handled. Duration 202 ms by bot id=8801853413
2026-07-31 20:51:30,625 [INFO] aiogram.event: Update id=300985532 is handled. Duration 202 ms by bot id=8801853413
2026-07-31 20:51:30,654 [INFO] aiogram.event: Update id=300985533 is handled. Duration 231 ms by bot id=8801853413
2026-07-31 20:51:30,884 [INFO] aiogram.event: Update id=300985534 is handled. Duration 203 ms by bot id=8801853413
2026-07-31 20:51:30,984 [INFO] aiogram.event: Update id=300985535 is handled. Duration 191 ms by bot id=8801853413
2026-07-31 20:51:31,093 [INFO] aiogram.event: Update id=300985536 is handled. Duration 189 ms by bot id=8801853413
2026-07-31 20:51:31,196 [INFO] aiogram.event: Update id=300985537 is handled. Duration 186 ms by bot id=8801853413
2026-07-31 20:51:31,325 [INFO] aiogram.event: Update id=300985538 is handled. Duration 187 ms by bot id=8801853413
2026-07-31 20:51:31,432 [INFO] aiogram.event: Update id=300985539 is handled. Duration 183 ms by bot id=8801853413
2026-07-31 20:51:31,591 [INFO] aiogram.event: Update id=300985540 is handled. Duration 198 ms by bot id=8801853413
2026-07-31 20:51:31,694 [INFO] aiogram.event: Update id=300985541 is handled. Duration 191 ms by bot id=8801853413
2026-07-31 20:51:31,777 [INFO] aiogram.event: Update id=300985542 is handled. Duration 165 ms by bot id=8801853413
2026-07-31 20:51:31,890 [INFO] aiogram.event: Update id=300985543 is handled. Duration 167 ms by bot id=8801853413
2026-07-31 20:51:31,999 [INFO] aiogram.event: Update id=300985544 is handled. Duration 165 ms by bot id=8801853413
2026-07-31 20:51:32,114 [INFO] aiogram.event: Update id=300985545 is handled. Duration 160 ms by bot id=8801853413
2026-07-31 20:51:32,245 [INFO] aiogram.event: Update id=300985546 is handled. Duration 181 ms by bot id=8801853413
2026-07-31 20:51:32,401 [INFO] aiogram.event: Update id=300985547 is handled. Duration 223 ms by bot id=8801853413
2026-07-31 20:51:32,519 [INFO] aiogram.event: Update id=300985548 is handled. Duration 223 ms by bot id=8801853413
2026-07-31 20:51:32,540 [INFO] aiogram.event: Update id=300985549 is handled. Duration 243 ms by bot id=8801853413
2026-07-31 20:51:32,734 [INFO] aiogram.event: Update id=300985550 is handled. Duration 223 ms by bot id=8801853413
2026-07-31 20:51:32,891 [INFO] aiogram.event: Update id=300985551 is handled. Duration 213 ms by bot id=8801853413
2026-07-31 20:51:32,987 [INFO] aiogram.event: Update id=300985552 is handled. Duration 194 ms by bot id=8801853413
2026-07-31 20:51:33,116 [INFO] aiogram.event: Update id=300985553 is handled. Duration 208 ms by bot id=8801853413
2026-07-31 20:51:33,215 [INFO] aiogram.event: Update id=300985554 is handled. Duration 193 ms by bot id=8801853413
2026-07-31 20:51:33,334 [INFO] aiogram.event: Update id=300985555 is handled. Duration 178 ms by bot id=8801853413
2026-07-31 20:51:33,460 [INFO] aiogram.event: Update id=300985556 is handled. Duration 187 ms by bot id=8801853413
2026-07-31 20:51:33,580 [INFO] aiogram.event: Update id=300985557 is handled. Duration 200 ms by bot id=8801853413
2026-07-31 20:51:33,679 [INFO] aiogram.event: Update id=300985558 is handled. Duration 186 ms by bot id=8801853413
2026-07-31 20:51:33,810 [INFO] aiogram.event: Update id=300985559 is handled. Duration 199 ms by bot id=8801853413
2026-07-31 20:51:33,947 [INFO] aiogram.event: Update id=300985560 is handled. Duration 210 ms by bot id=8801853413
2026-07-31 20:51:34,054 [INFO] aiogram.event: Update id=300985561 is handled. Duration 204 ms by bot id=8801853413
2026-07-31 20:51:34,190 [INFO] aiogram.event: Update id=300985562 is handled. Duration 192 ms by bot id=8801853413
2026-07-31 20:51:34,317 [INFO] aiogram.event: Update id=300985563 is handled. Duration 208 ms by bot id=8801853413
2026-07-31 20:51:34,418 [INFO] aiogram.event: Update id=300985564 is handled. Duration 195 ms by bot id=8801853413
2026-07-31 20:51:34,526 [INFO] aiogram.event: Update id=300985565 is handled. Duration 191 ms by bot id=8801853413
2026-07-31 20:51:34,652 [INFO] aiogram.event: Update id=300985566 is handled. Duration 191 ms by bot id=8801853413
2026-07-31 20:51:34,779 [INFO] aiogram.event: Update id=300985567 is handled. Duration 198 ms by bot id=8801853413
2026-07-31 20:51:34,896 [INFO] aiogram.event: Update id=300985568 is handled. Duration 203 ms by bot id=8801853413
2026-07-31 20:51:34,985 [INFO] aiogram.event: Update id=300985569 is handled. Duration 183 ms by bot id=8801853413
2026-07-31 20:51:35,167 [INFO] aiogram.event: Update id=300985570 is handled. Duration 250 ms by bot id=8801853413
2026-07-31 20:51:35,269 [INFO] aiogram.event: Update id=300985571 is handled. Duration 234 ms by bot id=8801853413
2026-07-31 20:51:39,479 [INFO] aiogram.event: Update id=300985572 is handled. Duration 188 ms by bot id=8801853413
2026-07-31 20:51:39,940 [INFO] aiogram.event: Update id=300985573 is handled. Duration 198 ms by bot id=8801853413
2026-07-31 20:51:40,411 [INFO] aiogram.event: Update id=300985574 is handled. Duration 229 ms by bot id=8801853413
2026-07-31 20:51:40,898 [INFO] aiogram.event: Update id=300985575 is handled. Duration 243 ms by bot id=8801853413
2026-07-31 20:51:41,389 [INFO] aiogram.event: Update id=300985576 is handled. Duration 217 ms by bot id=8801853413
2026-07-31 20:51:42,079 [INFO] aiogram.event: Update id=300985577 is handled. Duration 519 ms by bot id=8801853413
2026-07-31 20:51:42,129 [INFO] aiogram.event: Update id=300985578 is handled. Duration 401 ms by bot id=8801853413
2026-07-31 20:51:42,257 [INFO] aiogram.event: Update id=300985580 is handled. Duration 417 ms by bot id=8801853413
2026-07-31 20:51:42,489 [INFO] aiogram.event: Update id=300985579 is handled. Duration 649 ms by bot id=8801853413
2026-07-31 20:51:42,550 [INFO] aiogram.event: Update id=300985581 is handled. Duration 211 ms by bot id=8801853413
2026-07-31 20:51:42,652 [INFO] aiogram.event: Update id=300985582 is handled. Duration 201 ms by bot id=8801853413
2026-07-31 20:51:42,754 [INFO] aiogram.event: Update id=300985583 is handled. Duration 190 ms by bot id=8801853413
2026-07-31 20:51:43,052 [INFO] aiogram.event: Update id=300985584 is handled. Duration 213 ms by bot id=8801853413
2026-07-31 20:51:43,143 [INFO] aiogram.event: Update id=300985585 is handled. Duration 189 ms by bot id=8801853413
2026-07-31 20:51:43,349 [INFO] aiogram.event: Update id=300985586 is handled. Duration 279 ms by bot id=8801853413
2026-07-31 20:51:43,368 [INFO] aiogram.event: Update id=300985587 is handled. Duration 298 ms by bot id=8801853413
2026-07-31 20:51:43,573 [INFO] aiogram.event: Update id=300985588 is handled. Duration 202 ms by bot id=8801853413
2026-07-31 20:51:43,680 [INFO] aiogram.event: Update id=300985589 is handled. Duration 196 ms by bot id=8801853413
2026-07-31 20:51:43,815 [INFO] aiogram.event: Update id=300985590 is handled. Duration 188 ms by bot id=8801853413
2026-07-31 20:51:43,929 [INFO] aiogram.event: Update id=300985591 is handled. Duration 191 ms by bot id=8801853413
2026-07-31 20:51:44,049 [INFO] aiogram.event: Update id=300985592 is handled. Duration 188 ms by bot id=8801853413
2026-07-31 20:51:44,194 [INFO] aiogram.event: Update id=300985593 is handled. Duration 181 ms by bot id=8801853413
2026-07-31 20:51:44,330 [INFO] aiogram.event: Update id=300985594 is handled. Duration 183 ms by bot id=8801853413
2026-07-31 20:51:44,437 [INFO] aiogram.event: Update id=300985595 is handled. Duration 173 ms by bot id=8801853413
2026-07-31 20:51:44,577 [INFO] aiogram.event: Update id=300985596 is handled. Duration 202 ms by bot id=8801853413
2026-07-31 20:51:44,680 [INFO] aiogram.event: Update id=300985597 is handled. Duration 200 ms by bot id=8801853413
2026-07-31 20:51:44,797 [INFO] aiogram.event: Update id=300985598 is handled. Duration 195 ms by bot id=8801853413
2026-07-31 20:51:44,926 [INFO] aiogram.event: Update id=300985599 is handled. Duration 213 ms by bot id=8801853413
2026-07-31 20:51:45,037 [INFO] aiogram.event: Update id=300985600 is handled. Duration 201 ms by bot id=8801853413
2026-07-31 20:51:45,129 [INFO] aiogram.event: Update id=300985601 is handled. Duration 186 ms by bot id=8801853413
2026-07-31 20:51:45,458 [INFO] aiogram.event: Update id=300985602 is handled. Duration 346 ms by bot id=8801853413
2026-07-31 20:51:45,571 [INFO] aiogram.event: Update id=300985603 is handled. Duration 298 ms by bot id=8801853413
2026-07-31 20:51:45,622 [INFO] aiogram.event: Update id=300985604 is handled. Duration 238 ms by bot id=8801853413
2026-07-31 20:51:45,740 [INFO] aiogram.event: Update id=300985605 is handled. Duration 245 ms by bot id=8801853413
2026-07-31 20:51:45,965 [INFO] aiogram.event: Update id=300985606 is handled. Duration 189 ms by bot id=8801853413
2026-07-31 20:51:46,120 [INFO] aiogram.event: Update id=300985607 is handled. Duration 232 ms by bot id=8801853413
2026-07-31 20:51:46,148 [INFO] aiogram.event: Update id=300985608 is handled. Duration 259 ms by bot id=8801853413
2026-07-31 20:51:46,225 [INFO] aiogram.event: Update id=300985609 is handled. Duration 225 ms by bot id=8801853413
2026-07-31 20:51:46,464 [INFO] aiogram.event: Update id=300985610 is handled. Duration 222 ms by bot id=8801853413
2026-07-31 20:51:46,588 [INFO] aiogram.event: Update id=300985611 is handled. Duration 194 ms by bot id=8801853413
2026-07-31 20:51:46,772 [INFO] aiogram.event: Update id=300985613 is handled. Duration 253 ms by bot id=8801853413
2026-07-31 20:51:46,784 [INFO] aiogram.event: Update id=300985612 is handled. Duration 266 ms by bot id=8801853413
2026-07-31 20:51:46,931 [INFO] aiogram.event: Update id=300985614 is handled. Duration 196 ms by bot id=8801853413
2026-07-31 20:51:47,125 [INFO] aiogram.event: Update id=300985615 is handled. Duration 246 ms by bot id=8801853413
2026-07-31 20:51:47,273 [INFO] aiogram.event: Update id=300985616 is handled. Duration 234 ms by bot id=8801853413
2026-07-31 20:51:47,341 [INFO] aiogram.event: Update id=300985617 is handled. Duration 194 ms by bot id=8801853413
2026-07-31 20:51:47,455 [INFO] aiogram.event: Update id=300985618 is handled. Duration 197 ms by bot id=8801853413
2026-07-31 20:51:47,588 [INFO] aiogram.event: Update id=300985619 is handled. Duration 190 ms by bot id=8801853413
2026-07-31 20:51:47,731 [INFO] aiogram.event: Update id=300985620 is handled. Duration 187 ms by bot id=8801853413
2026-07-31 20:51:47,873 [INFO] aiogram.event: Update id=300985621 is handled. Duration 210 ms by bot id=8801853413
2026-07-31 20:51:59,389 [INFO] aiogram.event: Update id=300985622 is handled. Duration 225 ms by bot id=8801853413
2026-07-31 20:51:59,924 [INFO] aiogram.event: Update id=300985623 is handled. Duration 246 ms by bot id=8801853413
2026-07-31 20:52:00,435 [INFO] aiogram.event: Update id=300985624 is handled. Duration 236 ms by bot id=8801853413
2026-07-31 20:52:01,080 [INFO] aiogram.event: Update id=300985625 is handled. Duration 352 ms by bot id=8801853413
2026-07-31 20:52:01,566 [INFO] aiogram.event: Update id=300985626 is handled. Duration 226 ms by bot id=8801853413
2026-07-31 20:52:02,034 [INFO] aiogram.event: Update id=300985627 is handled. Duration 181 ms by bot id=8801853413
2026-07-31 20:52:02,235 [INFO] aiogram.event: Update id=300985628 is handled. Duration 208 ms by bot id=8801853413
2026-07-31 20:52:02,396 [INFO] aiogram.event: Update id=300985630 is handled. Duration 255 ms by bot id=8801853413
2026-07-31 20:52:02,415 [INFO] aiogram.event: Update id=300985629 is handled. Duration 274 ms by bot id=8801853413
2026-07-31 20:52:02,534 [INFO] aiogram.event: Update id=300985631 is handled. Duration 191 ms by bot id=8801853413
2026-07-31 20:52:02,765 [INFO] aiogram.event: Update id=300985632 is handled. Duration 195 ms by bot id=8801853413
2026-07-31 20:52:02,875 [INFO] aiogram.event: Update id=300985633 is handled. Duration 201 ms by bot id=8801853413
2026-07-31 20:52:03,116 [INFO] aiogram.event: Update id=300985634 is handled. Duration 246 ms by bot id=8801853413
2026-07-31 20:52:03,199 [INFO] aiogram.event: Update id=300985635 is handled. Duration 209 ms by bot id=8801853413
2026-07-31 20:52:03,340 [INFO] aiogram.event: Update id=300985636 is handled. Duration 219 ms by bot id=8801853413
2026-07-31 20:52:03,458 [INFO] aiogram.event: Update id=300985637 is handled. Duration 198 ms by bot id=8801853413
2026-07-31 20:52:03,633 [INFO] aiogram.event: Update id=300985638 is handled. Duration 211 ms by bot id=8801853413
2026-07-31 20:52:03,760 [INFO] aiogram.event: Update id=300985639 is handled. Duration 204 ms by bot id=8801853413
2026-07-31 20:52:03,992 [INFO] aiogram.event: Update id=300985640 is handled. Duration 325 ms by bot id=8801853413
2026-07-31 20:52:04,270 [INFO] aiogram.event: Update id=300985641 is handled. Duration 468 ms by bot id=8801853413
2026-07-31 20:52:04,430 [INFO] aiogram.event: Update id=300985642 is handled. Duration 449 ms by bot id=8801853413
2026-07-31 20:52:04,485 [INFO] aiogram.event: Update id=300985643 is handled. Duration 285 ms by bot id=8801853413
2026-07-31 20:52:04,578 [INFO] aiogram.event: Update id=300985644 is handled. Duration 184 ms by bot id=8801853413
2026-07-31 20:52:04,761 [INFO] aiogram.event: Update id=300985645 is handled. Duration 214 ms by bot id=8801853413
2026-07-31 20:52:04,923 [INFO] aiogram.event: Update id=300985646 is handled. Duration 204 ms by bot id=8801853413
2026-07-31 20:52:05,032 [INFO] aiogram.event: Update id=300985647 is handled. Duration 196 ms by bot id=8801853413
2026-07-31 20:52:05,142 [INFO] aiogram.event: Update id=300985648 is handled. Duration 198 ms by bot id=8801853413
2026-07-31 20:52:05,427 [INFO] aiogram.event: Update id=300985649 is handled. Duration 194 ms by bot id=8801853413
2026-07-31 20:52:05,574 [INFO] aiogram.event: Update id=300985650 is handled. Duration 206 ms by bot id=8801853413
2026-07-31 20:52:05,731 [INFO] aiogram.event: Update id=300985651 is handled. Duration 246 ms by bot id=8801853413
2026-07-31 20:52:05,774 [INFO] aiogram.event: Update id=300985652 is handled. Duration 180 ms by bot id=8801853413
2026-07-31 20:52:06,089 [INFO] aiogram.event: Update id=300985653 is handled. Duration 211 ms by bot id=8801853413
2026-07-31 20:52:06,216 [INFO] aiogram.event: Update id=300985654 is handled. Duration 215 ms by bot id=8801853413
2026-07-31 20:52:06,306 [INFO] aiogram.event: Update id=300985655 is handled. Duration 186 ms by bot id=8801853413
2026-07-31 20:52:06,444 [INFO] aiogram.event: Update id=300985656 is handled. Duration 200 ms by bot id=8801853413
2026-07-31 20:52:06,626 [INFO] aiogram.event: Update id=300985657 is handled. Duration 234 ms by bot id=8801853413
2026-07-31 20:52:06,679 [INFO] aiogram.event: Update id=300985658 is handled. Duration 176 ms by bot id=8801853413
2026-07-31 20:52:06,847 [INFO] aiogram.event: Update id=300985659 is handled. Duration 198 ms by bot id=8801853413
2026-07-31 20:52:06,962 [INFO] aiogram.event: Update id=300985660 is handled. Duration 194 ms by bot id=8801853413
2026-07-31 20:52:07,092 [INFO] aiogram.event: Update id=300985661 is handled. Duration 207 ms by bot id=8801853413
2026-07-31 20:52:07,202 [INFO] aiogram.event: Update id=300985662 is handled. Duration 200 ms by bot id=8801853413
2026-07-31 20:52:07,294 [INFO] aiogram.event: Update id=300985663 is handled. Duration 174 ms by bot id=8801853413
2026-07-31 20:52:07,425 [INFO] aiogram.event: Update id=300985664 is handled. Duration 184 ms by bot id=8801853413
2026-07-31 20:52:07,563 [INFO] aiogram.event: Update id=300985665 is handled. Duration 187 ms by bot id=8801853413
2026-07-31 20:52:07,702 [INFO] aiogram.event: Update id=300985666 is handled. Duration 201 ms by bot id=8801853413
2026-07-31 20:52:07,842 [INFO] aiogram.event: Update id=300985667 is handled. Duration 225 ms by bot id=8801853413
2026-07-31 20:52:07,971 [INFO] aiogram.event: Update id=300985668 is handled. Duration 206 ms by bot id=8801853413
2026-07-31 20:52:11,185 [INFO] aiogram.event: Update id=300985669 is handled. Duration 183 ms by bot id=8801853413
2026-07-31 20:52:11,342 [INFO] aiogram.event: Update id=300985670 is handled. Duration 190 ms by bot id=8801853413
2026-07-31 20:52:11,493 [INFO] aiogram.event: Update id=300985671 is handled. Duration 203 ms by bot id=8801853413
2026-07-31 20:52:11,624 [INFO] aiogram.event: Update id=300985672 is handled. Duration 209 ms by bot id=8801853413
2026-07-31 20:52:11,737 [INFO] aiogram.event: Update id=300985673 is handled. Duration 204 ms by bot id=8801853413
2026-07-31 20:52:11,877 [INFO] aiogram.event: Update id=300985674 is handled. Duration 195 ms by bot id=8801853413
2026-07-31 20:52:12,098 [INFO] aiogram.event: Update id=300985675 is handled. Duration 226 ms by bot id=8801853413
2026-07-31 20:52:12,210 [INFO] aiogram.event: Update id=300985676 is handled. Duration 206 ms by bot id=8801853413
2026-07-31 20:52:12,341 [INFO] aiogram.event: Update id=300985677 is handled. Duration 218 ms by bot id=8801853413
2026-07-31 20:52:12,415 [INFO] aiogram.event: Update id=300985678 is handled. Duration 180 ms by bot id=8801853413
2026-07-31 20:52:12,544 [INFO] aiogram.event: Update id=300985679 is handled. Duration 182 ms by bot id=8801853413
2026-07-31 20:52:12,707 [INFO] aiogram.event: Update id=300985680 is handled. Duration 206 ms by bot id=8801853413
2026-07-31 20:52:12,816 [INFO] aiogram.event: Update id=300985681 is handled. Duration 180 ms by bot id=8801853413
2026-07-31 20:52:12,966 [INFO] aiogram.event: Update id=300985682 is handled. Duration 213 ms by bot id=8801853413
2026-07-31 20:52:13,075 [INFO] aiogram.event: Update id=300985683 is handled. Duration 201 ms by bot id=8801853413
2026-07-31 20:52:13,271 [INFO] aiogram.event: Update id=300985684 is handled. Duration 192 ms by bot id=8801853413
2026-07-31 20:52:13,468 [INFO] aiogram.event: Update id=300985685 is handled. Duration 195 ms by bot id=8801853413
2026-07-31 20:52:13,594 [INFO] aiogram.event: Update id=300985686 is handled. Duration 203 ms by bot id=8801853413
2026-07-31 20:52:13,727 [INFO] aiogram.event: Update id=300985687 is handled. Duration 197 ms by bot id=8801853413
2026-07-31 20:52:13,865 [INFO] aiogram.event: Update id=300985688 is handled. Duration 198 ms by bot id=8801853413
2026-07-31 20:52:13,968 [INFO] aiogram.event: Update id=300985689 is handled. Duration 182 ms by bot id=8801853413
2026-07-31 20:52:14,091 [INFO] aiogram.event: Update id=300985690 is handled. Duration 192 ms by bot id=8801853413
2026-07-31 20:52:14,309 [INFO] aiogram.event: Update id=300985691 is handled. Duration 223 ms by bot id=8801853413
2026-07-31 20:52:14,439 [INFO] aiogram.event: Update id=300985692 is handled. Duration 181 ms by bot id=8801853413
2026-07-31 20:52:14,571 [INFO] aiogram.event: Update id=300985693 is handled. Duration 197 ms by bot id=8801853413
2026-07-31 20:52:14,698 [INFO] aiogram.event: Update id=300985694 is handled. Duration 196 ms by bot id=8801853413
2026-07-31 20:52:14,813 [INFO] aiogram.event: Update id=300985695 is handled. Duration 190 ms by bot id=8801853413
2026-07-31 20:52:14,926 [INFO] aiogram.event: Update id=300985696 is handled. Duration 194 ms by bot id=8801853413
2026-07-31 20:52:15,125 [INFO] aiogram.event: Update id=300985697 is handled. Duration 192 ms by bot id=8801853413
2026-07-31 20:52:15,294 [INFO] aiogram.event: Update id=300985698 is handled. Duration 201 ms by bot id=8801853413
2026-07-31 20:52:15,490 [INFO] aiogram.event: Update id=300985699 is handled. Duration 182 ms by bot id=8801853413
2026-07-31 20:52:15,607 [INFO] aiogram.event: Update id=300985700 is handled. Duration 184 ms by bot id=8801853413
2026-07-31 20:52:15,780 [INFO] aiogram.event: Update id=300985701 is handled. Duration 207 ms by bot id=8801853413
2026-07-31 20:52:15,920 [INFO] aiogram.event: Update id=300985702 is handled. Duration 224 ms by bot id=8801853413
2026-07-31 20:52:16,006 [INFO] aiogram.event: Update id=300985703 is handled. Duration 190 ms by bot id=8801853413
2026-07-31 20:52:16,148 [INFO] aiogram.event: Update id=300985704 is handled. Duration 203 ms by bot id=8801853413
2026-07-31 20:52:16,376 [INFO] aiogram.event: Update id=300985705 is handled. Duration 291 ms by bot id=8801853413
2026-07-31 20:52:16,456 [INFO] aiogram.event: Update id=300985706 is handled. Duration 248 ms by bot id=8801853413
2026-07-31 20:52:16,621 [INFO] aiogram.event: Update id=300985707 is handled. Duration 295 ms by bot id=8801853413
2026-07-31 20:52:16,785 [INFO] aiogram.event: Update id=300985708 is handled. Duration 346 ms by bot id=8801853413
2026-07-31 20:52:16,940 [INFO] aiogram.event: Update id=300985709 is handled. Duration 274 ms by bot id=8801853413
2026-07-31 20:52:17,063 [INFO] aiogram.event: Update id=300985710 is handled. Duration 286 ms by bot id=8801853413
2026-07-31 20:52:17,173 [INFO] aiogram.event: Update id=300985711 is handled. Duration 265 ms by bot id=8801853413
2026-07-31 20:52:17,255 [INFO] aiogram.event: Update id=300985712 is handled. Duration 188 ms by bot id=8801853413
2026-07-31 20:52:17,386 [INFO] aiogram.event: Update id=300985713 is handled. Duration 192 ms by bot id=8801853413
2026-07-31 20:52:17,524 [INFO] aiogram.event: Update id=300985714 is handled. Duration 187 ms by bot id=8801853413
2026-07-31 20:52:17,666 [INFO] aiogram.event: Update id=300985715 is handled. Duration 213 ms by bot id=8801853413
2026-07-31 20:52:17,735 [INFO] aiogram.event: Update id=300985716 is handled. Duration 171 ms by bot id=8801853413
2026-07-31 20:52:17,893 [INFO] aiogram.event: Update id=300985717 is handled. Duration 220 ms by bot id=8801853413
2026-07-31 20:52:17,980 [INFO] aiogram.event: Update id=300985718 is handled. Duration 183 ms by bot id=8801853413
2026-07-31 20:56:03,143 [INFO] aiogram.event: Update id=300985719 is handled. Duration 1087 ms by bot id=8801853413
2026-07-31 21:00:25,418 [INFO] aiogram.event: Update id=300985721 is handled. Duration 621 ms by bot id=8801853413
2026-07-31 21:00:25,765 [INFO] aiogram.event: Update id=300985720 is handled. Duration 1404 ms by bot id=8801853413
2026-07-31 21:00:26,072 [INFO] aiogram.event: Update id=300985722 is handled. Duration 356 ms by bot id=8801853413
2026-07-31 21:00:26,822 [INFO] aiogram.event: Update id=300985723 is handled. Duration 372 ms by bot id=8801853413
2026-07-31 21:00:27,463 [INFO] aiogram.event: Update id=300985724 is handled. Duration 366 ms by bot id=8801853413
2026-07-31 21:00:28,071 [INFO] aiogram.event: Update id=300985725 is handled. Duration 346 ms by bot id=8801853413
2026-07-31 21:00:28,694 [INFO] aiogram.event: Update id=300985726 is handled. Duration 364 ms by bot id=8801853413
2026-07-31 21:00:29,324 [INFO] aiogram.event: Update id=300985727 is handled. Duration 364 ms by bot id=8801853413
2026-07-31 21:00:30,028 [INFO] aiogram.event: Update id=300985728 is handled. Duration 420 ms by bot id=8801853413
2026-07-31 21:00:30,754 [INFO] aiogram.event: Update id=300985729 is handled. Duration 376 ms by bot id=8801853413
2026-07-31 21:00:31,511 [INFO] aiogram.event: Update id=300985730 is handled. Duration 471 ms by bot id=8801853413
2026-07-31 21:00:32,192 [INFO] aiogram.event: Update id=300985731 is handled. Duration 355 ms by bot id=8801853413
2026-07-31 21:00:32,858 [INFO] aiogram.event: Update id=300985732 is handled. Duration 351 ms by bot id=8801853413
2026-07-31 21:00:33,462 [INFO] aiogram.event: Update id=300985733 is handled. Duration 354 ms by bot id=8801853413
2026-07-31 21:00:34,123 [INFO] aiogram.event: Update id=300985734 is handled. Duration 371 ms by bot id=8801853413
2026-07-31 21:00:34,731 [INFO] aiogram.event: Update id=300985735 is handled. Duration 352 ms by bot id=8801853413
2026-07-31 21:00:35,336 [INFO] aiogram.event: Update id=300985736 is handled. Duration 333 ms by bot id=8801853413
2026-07-31 21:00:35,945 [INFO] aiogram.event: Update id=300985737 is handled. Duration 340 ms by bot id=8801853413
2026-07-31 21:00:36,570 [INFO] aiogram.event: Update id=300985738 is handled. Duration 362 ms by bot id=8801853413
2026-07-31 21:00:37,191 [INFO] aiogram.event: Update id=300985739 is handled. Duration 358 ms by bot id=8801853413
2026-07-31 21:00:37,810 [INFO] aiogram.event: Update id=300985740 is handled. Duration 355 ms by bot id=8801853413
2026-07-31 21:00:38,470 [INFO] aiogram.event: Update id=300985741 is handled. Duration 400 ms by bot id=8801853413
2026-07-31 21:00:39,090 [INFO] aiogram.event: Update id=300985742 is handled. Duration 352 ms by bot id=8801853413
2026-07-31 21:00:39,773 [INFO] aiogram.event: Update id=300985743 is handled. Duration 436 ms by bot id=8801853413
2026-07-31 21:00:40,417 [INFO] aiogram.event: Update id=300985744 is handled. Duration 354 ms by bot id=8801853413
2026-07-31 21:00:41,037 [INFO] aiogram.event: Update id=300985745 is handled. Duration 371 ms by bot id=8801853413
2026-07-31 21:00:41,640 [INFO] aiogram.event: Update id=300985746 is handled. Duration 341 ms by bot id=8801853413
2026-07-31 21:00:42,255 [INFO] aiogram.event: Update id=300985747 is handled. Duration 356 ms by bot id=8801853413
2026-07-31 21:00:42,857 [INFO] aiogram.event: Update id=300985748 is handled. Duration 337 ms by bot id=8801853413
2026-07-31 21:00:43,465 [INFO] aiogram.event: Update id=300985749 is handled. Duration 348 ms by bot id=8801853413
2026-07-31 21:00:44,058 [INFO] aiogram.event: Update id=300985750 is handled. Duration 338 ms by bot id=8801853413
2026-07-31 21:00:44,659 [INFO] aiogram.event: Update id=300985751 is handled. Duration 331 ms by bot id=8801853413
2026-07-31 21:00:45,258 [INFO] aiogram.event: Update id=300985752 is handled. Duration 335 ms by bot id=8801853413
2026-07-31 21:00:45,852 [INFO] aiogram.event: Update id=300985753 is handled. Duration 347 ms by bot id=8801853413
2026-07-31 21:00:46,722 [INFO] aiogram.event: Update id=300985754 is handled. Duration 603 ms by bot id=8801853413
2026-07-31 21:00:47,346 [INFO] aiogram.event: Update id=300985755 is handled. Duration 353 ms by bot id=8801853413
2026-07-31 21:00:48,000 [INFO] aiogram.event: Update id=300985756 is handled. Duration 360 ms by bot id=8801853413
2026-07-31 21:00:48,573 [INFO] aiogram.event: Update id=300985757 is handled. Duration 321 ms by bot id=8801853413
2026-07-31 21:00:49,165 [INFO] aiogram.event: Update id=300985758 is handled. Duration 337 ms by bot id=8801853413
2026-07-31 21:00:49,744 [INFO] aiogram.event: Update id=300985759 is handled. Duration 341 ms by bot id=8801853413
2026-07-31 21:00:50,500 [INFO] aiogram.event: Update id=300985760 is handled. Duration 332 ms by bot id=8801853413
2026-07-31 21:00:51,119 [INFO] aiogram.event: Update id=300985761 is handled. Duration 339 ms by bot id=8801853413
2026-07-31 21:00:51,733 [INFO] aiogram.event: Update id=300985762 is handled. Duration 328 ms by bot id=8801853413
2026-07-31 21:00:52,329 [INFO] aiogram.event: Update id=300985763 is handled. Duration 330 ms by bot id=8801853413
2026-07-31 21:00:53,103 [INFO] aiogram.event: Update id=300985764 is handled. Duration 359 ms by bot id=8801853413
2026-07-31 21:00:53,705 [INFO] aiogram.event: Update id=300985765 is handled. Duration 338 ms by bot id=8801853413
2026-07-31 21:00:54,354 [INFO] aiogram.event: Update id=300985766 is handled. Duration 366 ms by bot id=8801853413
2026-07-31 21:00:54,977 [INFO] aiogram.event: Update id=300985767 is handled. Duration 352 ms by bot id=8801853413
2026-07-31 21:00:55,699 [INFO] aiogram.event: Update id=300985768 is handled. Duration 375 ms by bot id=8801853413
2026-07-31 21:00:56,475 [INFO] aiogram.event: Update id=300985769 is handled. Duration 351 ms by bot id=8801853413
2026-07-31 21:00:57,131 [INFO] aiogram.event: Update id=300985770 is handled. Duration 364 ms by bot id=8801853413
2026-07-31 21:00:57,844 [INFO] aiogram.event: Update id=300985771 is handled. Duration 426 ms by bot id=8801853413
2026-07-31 21:00:58,574 [INFO] aiogram.event: Update id=300985772 is handled. Duration 374 ms by bot id=8801853413
2026-07-31 21:00:59,037 [INFO] aiogram.event: Update id=300985773 is handled. Duration 183 ms by bot id=8801853413
2026-07-31 21:00:59,500 [INFO] aiogram.event: Update id=300985774 is handled. Duration 192 ms by bot id=8801853413
2026-07-31 21:00:59,975 [INFO] aiogram.event: Update id=300985775 is handled. Duration 203 ms by bot id=8801853413
2026-07-31 21:01:00,452 [INFO] aiogram.event: Update id=300985776 is handled. Duration 187 ms by bot id=8801853413
2026-07-31 21:01:00,937 [INFO] aiogram.event: Update id=300985777 is handled. Duration 199 ms by bot id=8801853413
2026-07-31 21:01:01,591 [INFO] aiogram.event: Update id=300985778 is handled. Duration 224 ms by bot id=8801853413
2026-07-31 21:01:02,126 [INFO] aiogram.event: Update id=300985779 is handled. Duration 237 ms by bot id=8801853413
2026-07-31 21:01:02,589 [INFO] aiogram.event: Update id=300985780 is handled. Duration 191 ms by bot id=8801853413
2026-07-31 21:01:03,077 [INFO] aiogram.event: Update id=300985781 is handled. Duration 217 ms by bot id=8801853413
2026-07-31 21:01:03,607 [INFO] aiogram.event: Update id=300985782 is handled. Duration 207 ms by bot id=8801853413
2026-07-31 21:01:04,091 [INFO] aiogram.event: Update id=300985783 is handled. Duration 209 ms by bot id=8801853413
2026-07-31 21:01:04,622 [INFO] aiogram.event: Update id=300985784 is handled. Duration 229 ms by bot id=8801853413
2026-07-31 21:01:05,102 [INFO] aiogram.event: Update id=300985785 is handled. Duration 211 ms by bot id=8801853413
2026-07-31 21:01:05,580 [INFO] aiogram.event: Update id=300985786 is handled. Duration 206 ms by bot id=8801853413
2026-07-31 21:01:06,115 [INFO] aiogram.event: Update id=300985787 is handled. Duration 215 ms by bot id=8801853413
2026-07-31 21:01:06,730 [INFO] aiogram.event: Update id=300985788 is handled. Duration 237 ms by bot id=8801853413
2026-07-31 21:01:07,326 [INFO] aiogram.event: Update id=300985789 is handled. Duration 206 ms by bot id=8801853413
2026-07-31 21:01:07,869 [INFO] aiogram.event: Update id=300985790 is handled. Duration 249 ms by bot id=8801853413
2026-07-31 21:01:08,638 [INFO] aiogram.event: Update id=300985791 is handled. Duration 362 ms by bot id=8801853413
2026-07-31 21:01:09,242 [INFO] aiogram.event: Update id=300985792 is handled. Duration 194 ms by bot id=8801853413
2026-07-31 21:01:09,725 [INFO] aiogram.event: Update id=300985793 is handled. Duration 218 ms by bot id=8801853413
2026-07-31 21:01:10,258 [INFO] aiogram.event: Update id=300985794 is handled. Duration 245 ms by bot id=8801853413
2026-07-31 21:01:10,733 [INFO] aiogram.event: Update id=300985795 is handled. Duration 194 ms by bot id=8801853413
2026-07-31 21:01:11,232 [INFO] aiogram.event: Update id=300985796 is handled. Duration 208 ms by bot id=8801853413
2026-07-31 21:01:11,786 [INFO] aiogram.event: Update id=300985797 is handled. Duration 219 ms by bot id=8801853413
2026-07-31 21:01:12,257 [INFO] aiogram.event: Update id=300985798 is handled. Duration 192 ms by bot id=8801853413
2026-07-31 21:01:12,715 [INFO] aiogram.event: Update id=300985799 is handled. Duration 213 ms by bot id=8801853413
2026-07-31 21:01:13,192 [INFO] aiogram.event: Update id=300985800 is handled. Duration 213 ms by bot id=8801853413
2026-07-31 21:01:13,698 [INFO] aiogram.event: Update id=300985801 is handled. Duration 246 ms by bot id=8801853413
2026-07-31 21:01:14,281 [INFO] aiogram.event: Update id=300985802 is handled. Duration 295 ms by bot id=8801853413
2026-07-31 21:01:14,764 [INFO] aiogram.event: Update id=300985803 is handled. Duration 230 ms by bot id=8801853413
2026-07-31 21:01:15,246 [INFO] aiogram.event: Update id=300985804 is handled. Duration 224 ms by bot id=8801853413
2026-07-31 21:01:15,736 [INFO] aiogram.event: Update id=300985805 is handled. Duration 210 ms by bot id=8801853413
2026-07-31 21:01:16,208 [INFO] aiogram.event: Update id=300985806 is handled. Duration 205 ms by bot id=8801853413
2026-07-31 21:01:16,673 [INFO] aiogram.event: Update id=300985807 is handled. Duration 189 ms by bot id=8801853413
2026-07-31 21:01:17,130 [INFO] aiogram.event: Update id=300985808 is handled. Duration 193 ms by bot id=8801853413
2026-07-31 21:01:17,609 [INFO] aiogram.event: Update id=300985809 is handled. Duration 209 ms by bot id=8801853413
2026-07-31 21:01:18,105 [INFO] aiogram.event: Update id=300985810 is handled. Duration 219 ms by bot id=8801853413
2026-07-31 21:01:18,580 [INFO] aiogram.event: Update id=300985811 is handled. Duration 188 ms by bot id=8801853413
2026-07-31 21:01:19,054 [INFO] aiogram.event: Update id=300985812 is handled. Duration 196 ms by bot id=8801853413
2026-07-31 21:01:19,601 [INFO] aiogram.event: Update id=300985813 is handled. Duration 201 ms by bot id=8801853413
2026-07-31 21:01:20,050 [INFO] aiogram.event: Update id=300985814 is handled. Duration 193 ms by bot id=8801853413
2026-07-31 21:01:20,501 [INFO] aiogram.event: Update id=300985815 is handled. Duration 182 ms by bot id=8801853413
2026-07-31 21:01:20,984 [INFO] aiogram.event: Update id=300985816 is handled. Duration 209 ms by bot id=8801853413
2026-07-31 21:01:21,439 [INFO] aiogram.event: Update id=300985817 is handled. Duration 188 ms by bot id=8801853413
2026-07-31 21:01:21,907 [INFO] aiogram.event: Update id=300985818 is handled. Duration 202 ms by bot id=8801853413
2026-07-31 21:01:22,376 [INFO] aiogram.event: Update id=300985819 is handled. Duration 186 ms by bot id=8801853413
2026-07-31 21:01:22,839 [INFO] aiogram.event: Update id=300985820 is handled. Duration 188 ms by bot id=8801853413
2026-07-31 21:01:23,297 [INFO] aiogram.event: Update id=300985821 is handled. Duration 193 ms by bot id=8801853413
2026-07-31 21:01:23,752 [INFO] aiogram.event: Update id=300985822 is handled. Duration 189 ms by bot id=8801853413
2026-07-31 21:01:24,209 [INFO] aiogram.event: Update id=300985823 is handled. Duration 183 ms by bot id=8801853413
2026-07-31 21:01:24,659 [INFO] aiogram.event: Update id=300985824 is handled. Duration 188 ms by bot id=8801853413
2026-07-31 21:01:25,116 [INFO] aiogram.event: Update id=300985825 is handled. Duration 173 ms by bot id=8801853413
2026-07-31 21:01:25,653 [INFO] aiogram.event: Update id=300985826 is handled. Duration 186 ms by bot id=8801853413
2026-07-31 21:01:26,113 [INFO] aiogram.event: Update id=300985827 is handled. Duration 185 ms by bot id=8801853413
2026-07-31 21:01:26,565 [INFO] aiogram.event: Update id=300985828 is handled. Duration 193 ms by bot id=8801853413
2026-07-31 21:01:27,037 [INFO] aiogram.event: Update id=300985829 is handled. Duration 203 ms by bot id=8801853413
2026-07-31 21:10:42,304 [INFO] aiogram.dispatcher: Polling stopped
2026-07-31 21:10:42,308 [ERROR] aiogram.dispatcher: Failed to fetch updates - TelegramNetworkError: HTTP Client says - ServerDisconnectedError: Server disconnected
2026-07-31 21:10:42,308 [WARNING] aiogram.dispatcher: Sleep for 1.000000 seconds and try again... (tryings = 0, bot id = 8801853413)
2026-07-31 21:10:42,568 [INFO] aiogram.dispatcher: Polling stopped for bot @SentinelService_bot id=8801853413 - '𝕹𝖎𝖌𝖍𝖙𝖜𝖆𝖑𝖐𝖊𝖗 | Gate'
2026-07-31 21:51:10,862 [INFO] root: 🛡 Защитное ядро Sentinel запущенно...
2026-07-31 21:51:10,863 [INFO] aiogram.dispatcher: Start polling
2026-07-31 21:51:11,423 [INFO] aiogram.dispatcher: Run polling for bot @SentinelService_bot id=8801853413 - '𝕹𝖎𝖌𝖍𝖙𝖜𝖆𝖑𝖐𝖊𝖗 | Gate'
2026-07-31 21:51:50,102 [INFO] aiogram.event: Update id=300985830 is handled. Duration 1331 ms by bot id=8801853413
2026-07-31 21:52:13,373 [INFO] aiogram.event: Update id=300985831 is handled. Duration 1145 ms by bot id=8801853413
2026-07-31 21:52:15,889 [INFO] aiogram.event: Update id=300985832 is handled. Duration 280 ms by bot id=8801853413
2026-07-31 21:54:06,643 [INFO] aiogram.event: Update id=300985833 is handled. Duration 1136 ms by bot id=8801853413
2026-07-31 21:54:15,682 [INFO] aiogram.event: Update id=300985834 is handled. Duration 1010 ms by bot id=8801853413
2026-07-31 21:54:26,094 [INFO] aiogram.event: Update id=300985835 is handled. Duration 1091 ms by bot id=8801853413
2026-07-31 21:54:28,625 [INFO] aiogram.event: Update id=300985836 is handled. Duration 268 ms by bot id=8801853413
2026-07-31 21:54:32,560 [INFO] aiogram.event: Update id=300985837 is handled. Duration 881 ms by bot id=8801853413
2026-07-31 22:02:57,064 [INFO] aiogram.dispatcher: Polling stopped
2026-07-31 22:02:57,076 [ERROR] aiogram.dispatcher: Failed to fetch updates - TelegramNetworkError: HTTP Client says - ServerDisconnectedError: Server disconnected
2026-07-31 22:02:57,079 [WARNING] aiogram.dispatcher: Sleep for 1.000000 seconds and try again... (tryings = 0, bot id = 8801853413)
2026-07-31 22:02:57,338 [INFO] aiogram.dispatcher: Polling stopped for bot @SentinelService_bot id=8801853413 - '𝕹𝖎𝖌𝖍𝖙𝖜𝖆𝖑𝖐𝖊𝖗 | Gate'
2026-07-31 22:03:04,298 [INFO] root: 🛡 Защитное ядро Sentinel запущенно...
2026-07-31 22:03:04,299 [INFO] aiogram.dispatcher: Start polling
2026-07-31 22:03:04,726 [INFO] aiogram.dispatcher: Run polling for bot @SentinelService_bot id=8801853413 - '𝕹𝖎𝖌𝖍𝖙𝖜𝖆𝖑𝖐𝖊𝖗 | Gate'
2026-07-31 22:07:35,247 [INFO] aiogram.event: Update id=300985838 is handled. Duration 1300 ms by bot id=8801853413
2026-07-31 22:07:47,661 [INFO] aiogram.event: Update id=300985839 is handled. Duration 1049 ms by bot id=8801853413
2026-07-31 22:07:50,002 [INFO] aiogram.event: Update id=300985840 is handled. Duration 315 ms by bot id=8801853413
2026-07-31 22:07:56,808 [INFO] aiogram.event: Update id=300985841 is handled. Duration 971 ms by bot id=8801853413
2026-07-31 22:08:03,438 [INFO] aiogram.event: Update id=300985842 is handled. Duration 271 ms by bot id=8801853413
2026-07-31 22:08:11,424 [INFO] aiogram.event: Update id=300985843 is handled. Duration 330 ms by bot id=8801853413
2026-07-31 22:16:45,183 [INFO] aiogram.dispatcher: Polling stopped
2026-07-31 22:16:45,186 [ERROR] aiogram.dispatcher: Failed to fetch updates - TelegramNetworkError: HTTP Client says - ServerDisconnectedError: Server disconnected
2026-07-31 22:16:45,187 [WARNING] aiogram.dispatcher: Sleep for 1.000000 seconds and try again... (tryings = 0, bot id = 8801853413)
2026-07-31 22:16:45,449 [INFO] aiogram.dispatcher: Polling stopped for bot @SentinelService_bot id=8801853413 - '𝕹𝖎𝖌𝖍𝖙𝖜𝖆𝖑𝖐𝖊𝖗 | Gate'
2026-07-31 22:16:53,657 [INFO] root: 🛡 Защитное ядро Sentinel запущенно...
2026-07-31 22:16:53,657 [INFO] aiogram.dispatcher: Start polling
2026-07-31 22:16:54,135 [INFO] aiogram.dispatcher: Run polling for bot @SentinelService_bot id=8801853413 - '𝕹𝖎𝖌𝖍𝖙𝖜𝖆𝖑𝖐𝖊𝖗 | Gate'
2026-07-31 22:18:19,876 [INFO] aiogram.event: Update id=300985844 is handled. Duration 1297 ms by bot id=8801853413
2026-07-31 22:18:26,079 [INFO] aiogram.event: Update id=300985845 is handled. Duration 260 ms by bot id=8801853413
2026-07-31 22:18:32,242 [INFO] aiogram.event: Update id=300985846 is handled. Duration 1039 ms by bot id=8801853413
2026-07-31 22:18:39,435 [INFO] aiogram.event: Update id=300985847 is handled. Duration 272 ms by bot id=8801853413
2026-07-31 22:18:42,606 [INFO] aiogram.event: Update id=300985848 is handled. Duration 513 ms by bot id=8801853413
2026-07-31 22:26:01,716 [INFO] aiogram.dispatcher: Polling stopped
2026-07-31 22:26:01,719 [ERROR] aiogram.dispatcher: Failed to fetch updates - TelegramNetworkError: HTTP Client says - ServerDisconnectedError: Server disconnected
2026-07-31 22:26:01,719 [WARNING] aiogram.dispatcher: Sleep for 1.000000 seconds and try again... (tryings = 0, bot id = 8801853413)
2026-07-31 22:26:01,978 [INFO] aiogram.dispatcher: Polling stopped for bot @SentinelService_bot id=8801853413 - '𝕹𝖎𝖌𝖍𝖙𝖜𝖆𝖑𝖐𝖊𝖗 | Gate'
2026-07-31 22:26:11,398 [INFO] root: 🛡 Защитное ядро Sentinel запущенно...
2026-07-31 22:26:11,399 [INFO] aiogram.dispatcher: Start polling
2026-07-31 22:26:11,846 [INFO] aiogram.dispatcher: Run polling for bot @SentinelService_bot id=8801853413 - '𝕹𝖎𝖌𝖍𝖙𝖜𝖆𝖑𝖐𝖊𝖗 | Gate'
2026-07-31 22:26:53,781 [INFO] aiogram.event: Update id=300985849 is handled. Duration 1304 ms by bot id=8801853413
2026-07-31 22:26:57,028 [INFO] aiogram.event: Update id=300985850 is handled. Duration 376 ms by bot id=8801853413
2026-07-31 22:27:08,459 [INFO] aiogram.event: Update id=300985851 is handled. Duration 369 ms by bot id=8801853413
2026-07-31 22:27:15,879 [INFO] aiogram.event: Update id=300985852 is handled. Duration 1389 ms by bot id=8801853413
2026-07-31 22:27:17,327 [INFO] aiogram.event: Update id=300985853 is handled. Duration 270 ms by bot id=8801853413
2026-07-31 23:23:49,688 [INFO] aiogram.event: Update id=300985854 is handled. Duration 886 ms by bot id=8801853413
2026-08-01 01:38:29,881 [ERROR] aiogram.dispatcher: Failed to fetch updates - TelegramNetworkError: HTTP Client says - Request timeout error
2026-08-01 01:38:29,885 [WARNING] aiogram.dispatcher: Sleep for 1.000000 seconds and try again... (tryings = 0, bot id = 8801853413)
2026-08-01 01:38:30,899 [ERROR] aiogram.dispatcher: Failed to fetch updates - TelegramNetworkError: HTTP Client says - ClientConnectorError: Cannot connect to host api.telegram.org:443 ssl:default [Сетевая папка недоступна. За информацией о разрешении проблем в сети обратитесь к справочной системе Windows]
2026-08-01 01:38:30,900 [WARNING] aiogram.dispatcher: Sleep for 1.112844 seconds and try again... (tryings = 1, bot id = 8801853413)
2026-08-01 01:38:32,033 [ERROR] aiogram.dispatcher: Failed to fetch updates - TelegramNetworkError: HTTP Client says - ClientConnectorError: Cannot connect to host api.telegram.org:443 ssl:default [Сетевая папка недоступна. За информацией о разрешении проблем в сети обратитесь к справочной системе Windows]
2026-08-01 01:38:32,034 [WARNING] aiogram.dispatcher: Sleep for 1.336688 seconds and try again... (tryings = 2, bot id = 8801853413)
2026-08-01 01:38:33,381 [ERROR] aiogram.dispatcher: Failed to fetch updates - TelegramNetworkError: HTTP Client says - ClientConnectorError: Cannot connect to host api.telegram.org:443 ssl:default [Сетевая папка недоступна. За информацией о разрешении проблем в сети обратитесь к справочной системе Windows]
2026-08-01 01:38:33,382 [WARNING] aiogram.dispatcher: Sleep for 1.682509 seconds and try again... (tryings = 3, bot id = 8801853413)
2026-08-01 01:38:35,083 [ERROR] aiogram.dispatcher: Failed to fetch updates - TelegramNetworkError: HTTP Client says - ClientConnectorError: Cannot connect to host api.telegram.org:443 ssl:default [Сетевая папка недоступна. За информацией о разрешении проблем в сети обратитесь к справочной системе Windows]
2026-08-01 01:38:35,084 [WARNING] aiogram.dispatcher: Sleep for 1.984827 seconds and try again... (tryings = 4, bot id = 8801853413)
2026-08-01 01:38:37,088 [ERROR] aiogram.dispatcher: Failed to fetch updates - TelegramNetworkError: HTTP Client says - ClientConnectorError: Cannot connect to host api.telegram.org:443 ssl:default [Сетевая папка недоступна. За информацией о разрешении проблем в сети обратитесь к справочной системе Windows]
2026-08-01 01:38:37,089 [WARNING] aiogram.dispatcher: Sleep for 2.615962 seconds and try again... (tryings = 5, bot id = 8801853413)
2026-08-01 01:38:39,713 [ERROR] aiogram.dispatcher: Failed to fetch updates - TelegramNetworkError: HTTP Client says - ClientConnectorError: Cannot connect to host api.telegram.org:443 ssl:default [Сетевая папка недоступна. За информацией о разрешении проблем в сети обратитесь к справочной системе Windows]
2026-08-01 01:38:39,714 [WARNING] aiogram.dispatcher: Sleep for 3.506494 seconds and try again... (tryings = 6, bot id = 8801853413)
2026-08-01 01:38:43,240 [ERROR] aiogram.dispatcher: Failed to fetch updates - TelegramNetworkError: HTTP Client says - ClientConnectorError: Cannot connect to host api.telegram.org:443 ssl:default [Сетевая папка недоступна. За информацией о разрешении проблем в сети обратитесь к справочной системе Windows]
2026-08-01 01:38:43,241 [WARNING] aiogram.dispatcher: Sleep for 4.666591 seconds and try again... (tryings = 7, bot id = 8801853413)
2026-08-01 01:38:47,926 [ERROR] aiogram.dispatcher: Failed to fetch updates - TelegramNetworkError: HTTP Client says - ClientConnectorError: Cannot connect to host api.telegram.org:443 ssl:default [Сетевая папка недоступна. За информацией о разрешении проблем в сети обратитесь к справочной системе Windows]
2026-08-01 01:38:47,927 [WARNING] aiogram.dispatcher: Sleep for 4.824585 seconds and try again... (tryings = 8, bot id = 8801853413)
2026-08-01 01:38:52,768 [ERROR] aiogram.dispatcher: Failed to fetch updates - TelegramNetworkError: HTTP Client says - ClientConnectorError: Cannot connect to host api.telegram.org:443 ssl:default [Сетевая папка недоступна. За информацией о разрешении проблем в сети обратитесь к справочной системе Windows]
2026-08-01 01:38:52,769 [WARNING] aiogram.dispatcher: Sleep for 5.193538 seconds and try again... (tryings = 9, bot id = 8801853413)
2026-08-01 01:38:57,977 [ERROR] aiogram.dispatcher: Failed to fetch updates - TelegramNetworkError: HTTP Client says - ClientConnectorError: Cannot connect to host api.telegram.org:443 ssl:default [Сетевая папка недоступна. За информацией о разрешении проблем в сети обратитесь к справочной системе Windows]
2026-08-01 01:38:57,978 [WARNING] aiogram.dispatcher: Sleep for 4.773009 seconds and try again... (tryings = 10, bot id = 8801853413)
2026-08-01 01:39:02,772 [ERROR] aiogram.dispatcher: Failed to fetch updates - TelegramNetworkError: HTTP Client says - ClientConnectorError: Cannot connect to host api.telegram.org:443 ssl:default [Сетевая папка недоступна. За информацией о разрешении проблем в сети обратитесь к справочной системе Windows]
2026-08-01 01:39:02,773 [WARNING] aiogram.dispatcher: Sleep for 5.025650 seconds and try again... (tryings = 11, bot id = 8801853413)
2026-08-01 01:39:07,808 [ERROR] aiogram.dispatcher: Failed to fetch updates - TelegramNetworkError: HTTP Client says - ClientConnectorError: Cannot connect to host api.telegram.org:443 ssl:default [Сетевая папка недоступна. За информацией о разрешении проблем в сети обратитесь к справочной системе Windows]
2026-08-01 01:39:07,809 [WARNING] aiogram.dispatcher: Sleep for 5.019305 seconds and try again... (tryings = 12, bot id = 8801853413)
2026-08-01 01:39:12,839 [ERROR] aiogram.dispatcher: Failed to fetch updates - TelegramNetworkError: HTTP Client says - ClientConnectorError: Cannot connect to host api.telegram.org:443 ssl:default [Сетевая папка недоступна. За информацией о разрешении проблем в сети обратитесь к справочной системе Windows]
2026-08-01 01:39:12,839 [WARNING] aiogram.dispatcher: Sleep for 5.044939 seconds and try again... (tryings = 13, bot id = 8801853413)
2026-08-01 01:39:17,892 [ERROR] aiogram.dispatcher: Failed to fetch updates - TelegramNetworkError: HTTP Client says - ClientConnectorError: Cannot connect to host api.telegram.org:443 ssl:default [Сетевая папка недоступна. За информацией о разрешении проблем в сети обратитесь к справочной системе Windows]
2026-08-01 01:39:17,893 [WARNING] aiogram.dispatcher: Sleep for 4.916754 seconds and try again... (tryings = 14, bot id = 8801853413)
2026-08-01 01:39:22,819 [ERROR] aiogram.dispatcher: Failed to fetch updates - TelegramNetworkError: HTTP Client says - ClientConnectorError: Cannot connect to host api.telegram.org:443 ssl:default [Сетевая папка недоступна. За информацией о разрешении проблем в сети обратитесь к справочной системе Windows]
2026-08-01 01:39:22,820 [WARNING] aiogram.dispatcher: Sleep for 5.288853 seconds and try again... (tryings = 15, bot id = 8801853413)
2026-08-01 01:39:28,126 [ERROR] aiogram.dispatcher: Failed to fetch updates - TelegramNetworkError: HTTP Client says - ClientConnectorError: Cannot connect to host api.telegram.org:443 ssl:default [Сетевая папка недоступна. За информацией о разрешении проблем в сети обратитесь к справочной системе Windows]
2026-08-01 01:39:28,128 [WARNING] aiogram.dispatcher: Sleep for 5.037085 seconds and try again... (tryings = 16, bot id = 8801853413)
2026-08-01 01:39:33,179 [ERROR] aiogram.dispatcher: Failed to fetch updates - TelegramNetworkError: HTTP Client says - ClientConnectorError: Cannot connect to host api.telegram.org:443 ssl:default [Сетевая папка недоступна. За информацией о разрешении проблем в сети обратитесь к справочной системе Windows]
2026-08-01 01:39:33,179 [WARNING] aiogram.dispatcher: Sleep for 5.158270 seconds and try again... (tryings = 17, bot id = 8801853413)
2026-08-01 01:39:38,346 [ERROR] aiogram.dispatcher: Failed to fetch updates - TelegramNetworkError: HTTP Client says - ClientConnectorError: Cannot connect to host api.telegram.org:443 ssl:default [Сетевая папка недоступна. За информацией о разрешении проблем в сети обратитесь к справочной системе Windows]
2026-08-01 01:39:38,346 [WARNING] aiogram.dispatcher: Sleep for 4.888607 seconds and try again... (tryings = 18, bot id = 8801853413)
2026-08-01 01:39:43,259 [ERROR] aiogram.dispatcher: Failed to fetch updates - TelegramNetworkError: HTTP Client says - ClientConnectorError: Cannot connect to host api.telegram.org:443 ssl:default [Сетевая папка недоступна. За информацией о разрешении проблем в сети обратитесь к справочной системе Windows]
2026-08-01 01:39:43,260 [WARNING] aiogram.dispatcher: Sleep for 5.215262 seconds and try again... (tryings = 19, bot id = 8801853413)
2026-08-01 01:39:48,483 [ERROR] aiogram.dispatcher: Failed to fetch updates - TelegramNetworkError: HTTP Client says - ClientConnectorError: Cannot connect to host api.telegram.org:443 ssl:default [Сетевая папка недоступна. За информацией о разрешении проблем в сети обратитесь к справочной системе Windows]
2026-08-01 01:39:48,484 [WARNING] aiogram.dispatcher: Sleep for 5.145726 seconds and try again... (tryings = 20, bot id = 8801853413)
2026-08-01 01:39:53,644 [ERROR] aiogram.dispatcher: Failed to fetch updates - TelegramNetworkError: HTTP Client says - ClientConnectorError: Cannot connect to host api.telegram.org:443 ssl:default [Сетевая папка недоступна. За информацией о разрешении проблем в сети обратитесь к справочной системе Windows]
2026-08-01 01:39:53,644 [WARNING] aiogram.dispatcher: Sleep for 4.923902 seconds and try again... (tryings = 21, bot id = 8801853413)
2026-08-01 01:39:58,582 [ERROR] aiogram.dispatcher: Failed to fetch updates - TelegramNetworkError: HTTP Client says - ClientConnectorError: Cannot connect to host api.telegram.org:443 ssl:default [Сетевая папка недоступна. За информацией о разрешении проблем в сети обратитесь к справочной системе Windows]
2026-08-01 01:39:58,583 [WARNING] aiogram.dispatcher: Sleep for 4.844521 seconds and try again... (tryings = 22, bot id = 8801853413)
2026-08-01 01:40:03,438 [ERROR] aiogram.dispatcher: Failed to fetch updates - TelegramNetworkError: HTTP Client says - ClientConnectorError: Cannot connect to host api.telegram.org:443 ssl:default [Сетевая папка недоступна. За информацией о разрешении проблем в сети обратитесь к справочной системе Windows]
2026-08-01 01:40:03,438 [WARNING] aiogram.dispatcher: Sleep for 5.066779 seconds and try again... (tryings = 23, bot id = 8801853413)
2026-08-01 01:40:08,524 [ERROR] aiogram.dispatcher: Failed to fetch updates - TelegramNetworkError: HTTP Client says - ClientConnectorError: Cannot connect to host api.telegram.org:443 ssl:default [Сетевая папка недоступна. За информацией о разрешении проблем в сети обратитесь к справочной системе Windows]
2026-08-01 01:40:08,525 [WARNING] aiogram.dispatcher: Sleep for 5.168748 seconds and try again... (tryings = 24, bot id = 8801853413)
2026-08-01 01:40:13,702 [ERROR] aiogram.dispatcher: Failed to fetch updates - TelegramNetworkError: HTTP Client says - ClientConnectorError: Cannot connect to host api.telegram.org:443 ssl:default [Сетевая папка недоступна. За информацией о разрешении проблем в сети обратитесь к справочной системе Windows]
2026-08-01 01:40:13,704 [WARNING] aiogram.dispatcher: Sleep for 5.030403 seconds and try again... (tryings = 25, bot id = 8801853413)
2026-08-01 01:40:18,751 [ERROR] aiogram.dispatcher: Failed to fetch updates - TelegramNetworkError: HTTP Client says - ClientConnectorError: Cannot connect to host api.telegram.org:443 ssl:default [Сетевая папка недоступна. За информацией о разрешении проблем в сети обратитесь к справочной системе Windows]
2026-08-01 01:40:18,752 [WARNING] aiogram.dispatcher: Sleep for 5.058038 seconds and try again... (tryings = 26, bot id = 8801853413)
2026-08-01 01:40:23,823 [ERROR] aiogram.dispatcher: Failed to fetch updates - TelegramNetworkError: HTTP Client says - ClientConnectorError: Cannot connect to host api.telegram.org:443 ssl:default [Сетевая папка недоступна. За информацией о разрешении проблем в сети обратитесь к справочной системе Windows]
2026-08-01 01:40:23,824 [WARNING] aiogram.dispatcher: Sleep for 5.115258 seconds and try again... (tryings = 27, bot id = 8801853413)
2026-08-01 01:40:28,952 [ERROR] aiogram.dispatcher: Failed to fetch updates - TelegramNetworkError: HTTP Client says - ClientConnectorError: Cannot connect to host api.telegram.org:443 ssl:default [Сетевая папка недоступна. За информацией о разрешении проблем в сети обратитесь к справочной системе Windows]
2026-08-01 01:40:28,953 [WARNING] aiogram.dispatcher: Sleep for 5.024917 seconds and try again... (tryings = 28, bot id = 8801853413)
2026-08-01 01:40:33,991 [ERROR] aiogram.dispatcher: Failed to fetch updates - TelegramNetworkError: HTTP Client says - ClientConnectorError: Cannot connect to host api.telegram.org:443 ssl:default [Сетевая папка недоступна. За информацией о разрешении проблем в сети обратитесь к справочной системе Windows]
2026-08-01 01:40:33,992 [WARNING] aiogram.dispatcher: Sleep for 4.975213 seconds and try again... (tryings = 29, bot id = 8801853413)
2026-08-01 01:40:38,979 [ERROR] aiogram.dispatcher: Failed to fetch updates - TelegramNetworkError: HTTP Client says - ClientConnectorError: Cannot connect to host api.telegram.org:443 ssl:default [Сетевая папка недоступна. За информацией о разрешении проблем в сети обратитесь к справочной системе Windows]
2026-08-01 01:40:38,979 [WARNING] aiogram.dispatcher: Sleep for 5.073661 seconds and try again... (tryings = 30, bot id = 8801853413)
2026-08-01 01:40:56,266 [INFO] aiogram.dispatcher: Connection established (tryings = 31, bot id = 8801853413)
2026-08-01 01:40:57,531 [ERROR] aiogram.dispatcher: Failed to fetch updates - TelegramNetworkError: HTTP Client says - ClientOSError: [WinError 1236] Подключение к сети было разорвано локальной системой
2026-08-01 01:40:57,532 [WARNING] aiogram.dispatcher: Sleep for 1.000000 seconds and try again... (tryings = 0, bot id = 8801853413)
2026-08-01 01:41:18,472 [INFO] aiogram.dispatcher: Connection established (tryings = 1, bot id = 8801853413)
2026-08-01 01:46:05,646 [INFO] aiogram.event: Update id=300985855 is handled. Duration 3924 ms by bot id=8801853413
2026-08-01 01:55:04,212 [ERROR] aiogram.dispatcher: Failed to fetch updates - TelegramNetworkError: HTTP Client says - ClientOSError: [WinError 1236] Подключение к сети было разорвано локальной системой
2026-08-01 01:55:04,228 [WARNING] aiogram.dispatcher: Sleep for 1.000000 seconds and try again... (tryings = 0, bot id = 8801853413)
2026-08-01 01:55:05,304 [ERROR] aiogram.dispatcher: Failed to fetch updates - TelegramNetworkError: HTTP Client says - ClientConnectorError: Cannot connect to host api.telegram.org:443 ssl:default [Сетевая папка недоступна. За информацией о разрешении проблем в сети обратитесь к справочной системе Windows]
2026-08-01 01:55:05,318 [WARNING] aiogram.dispatcher: Sleep for 1.166629 seconds and try again... (tryings = 1, bot id = 8801853413)
2026-08-01 01:55:39,243 [ERROR] aiogram.dispatcher: Failed to fetch updates - TelegramNetworkError: HTTP Client says - ClientConnectorError: Cannot connect to host api.telegram.org:443 ssl:default [Превышен таймаут семафора]
2026-08-01 01:55:39,245 [WARNING] aiogram.dispatcher: Sleep for 1.538551 seconds and try again... (tryings = 2, bot id = 8801853413)
2026-08-01 01:55:40,798 [ERROR] aiogram.dispatcher: Failed to fetch updates - TelegramNetworkError: HTTP Client says - ClientConnectorError: Cannot connect to host api.telegram.org:443 ssl:default [Сетевая папка недоступна. За информацией о разрешении проблем в сети обратитесь к справочной системе Windows]
2026-08-01 01:55:40,799 [WARNING] aiogram.dispatcher: Sleep for 2.068099 seconds and try again... (tryings = 3, bot id = 8801853413)
2026-08-01 01:55:42,884 [ERROR] aiogram.dispatcher: Failed to fetch updates - TelegramNetworkError: HTTP Client says - ClientConnectorError: Cannot connect to host api.telegram.org:443 ssl:default [Сетевая папка недоступна. За информацией о разрешении проблем в сети обратитесь к справочной системе Windows]
2026-08-01 01:55:42,885 [WARNING] aiogram.dispatcher: Sleep for 2.772013 seconds and try again... (tryings = 4, bot id = 8801853413)
2026-08-01 01:55:45,664 [ERROR] aiogram.dispatcher: Failed to fetch updates - TelegramNetworkError: HTTP Client says - ClientConnectorError: Cannot connect to host api.telegram.org:443 ssl:default [Сетевая папка недоступна. За информацией о разрешении проблем в сети обратитесь к справочной системе Windows]
2026-08-01 01:55:45,664 [WARNING] aiogram.dispatcher: Sleep for 3.566121 seconds and try again... (tryings = 5, bot id = 8801853413)
2026-08-01 01:55:49,243 [ERROR] aiogram.dispatcher: Failed to fetch updates - TelegramNetworkError: HTTP Client says - ClientConnectorError: Cannot connect to host api.telegram.org:443 ssl:default [Сетевая папка недоступна. За информацией о разрешении проблем в сети обратитесь к справочной системе Windows]
2026-08-01 01:55:49,244 [WARNING] aiogram.dispatcher: Sleep for 4.589522 seconds and try again... (tryings = 6, bot id = 8801853413)
2026-08-01 01:55:53,840 [ERROR] aiogram.dispatcher: Failed to fetch updates - TelegramNetworkError: HTTP Client says - ClientConnectorError: Cannot connect to host api.telegram.org:443 ssl:default [Сетевая папка недоступна. За информацией о разрешении проблем в сети обратитесь к справочной системе Windows]
2026-08-01 01:55:53,841 [WARNING] aiogram.dispatcher: Sleep for 5.076634 seconds and try again... (tryings = 7, bot id = 8801853413)
2026-08-01 01:55:58,940 [ERROR] aiogram.dispatcher: Failed to fetch updates - TelegramNetworkError: HTTP Client says - ClientConnectorError: Cannot connect to host api.telegram.org:443 ssl:default [Сетевая папка недоступна. За информацией о разрешении проблем в сети обратитесь к справочной системе Windows]
2026-08-01 01:55:58,941 [WARNING] aiogram.dispatcher: Sleep for 5.014295 seconds and try again... (tryings = 8, bot id = 8801853413)
2026-08-01 01:56:03,972 [ERROR] aiogram.dispatcher: Failed to fetch updates - TelegramNetworkError: HTTP Client says - ClientConnectorError: Cannot connect to host api.telegram.org:443 ssl:default [Сетевая папка недоступна. За информацией о разрешении проблем в сети обратитесь к справочной системе Windows]
2026-08-01 01:56:03,973 [WARNING] aiogram.dispatcher: Sleep for 5.164708 seconds and try again... (tryings = 9, bot id = 8801853413)
2026-08-01 01:56:09,147 [ERROR] aiogram.dispatcher: Failed to fetch updates - TelegramNetworkError: HTTP Client says - ClientConnectorError: Cannot connect to host api.telegram.org:443 ssl:default [Сетевая папка недоступна. За информацией о разрешении проблем в сети обратитесь к справочной системе Windows]
2026-08-01 01:56:09,148 [WARNING] aiogram.dispatcher: Sleep for 5.126641 seconds and try again... (tryings = 10, bot id = 8801853413)
2026-08-01 01:56:14,283 [ERROR] aiogram.dispatcher: Failed to fetch updates - TelegramNetworkError: HTTP Client says - ClientConnectorError: Cannot connect to host api.telegram.org:443 ssl:default [Сетевая папка недоступна. За информацией о разрешении проблем в сети обратитесь к справочной системе Windows]
2026-08-01 01:56:14,285 [WARNING] aiogram.dispatcher: Sleep for 4.945356 seconds and try again... (tryings = 11, bot id = 8801853413)
2026-08-01 01:56:19,248 [ERROR] aiogram.dispatcher: Failed to fetch updates - TelegramNetworkError: HTTP Client says - ClientConnectorError: Cannot connect to host api.telegram.org:443 ssl:default [Сетевая папка недоступна. За информацией о разрешении проблем в сети обратитесь к справочной системе Windows]
2026-08-01 01:56:19,249 [WARNING] aiogram.dispatcher: Sleep for 4.960827 seconds and try again... (tryings = 12, bot id = 8801853413)
2026-08-01 01:56:24,216 [ERROR] aiogram.dispatcher: Failed to fetch updates - TelegramNetworkError: HTTP Client says - ClientConnectorError: Cannot connect to host api.telegram.org:443 ssl:default [Сетевая папка недоступна. За информацией о разрешении проблем в сети обратитесь к справочной системе Windows]
2026-08-01 01:56:24,218 [WARNING] aiogram.dispatcher: Sleep for 5.068325 seconds and try again... (tryings = 13, bot id = 8801853413)
2026-08-01 01:56:29,295 [ERROR] aiogram.dispatcher: Failed to fetch updates - TelegramNetworkError: HTTP Client says - ClientConnectorError: Cannot connect to host api.telegram.org:443 ssl:default [Сетевая папка недоступна. За информацией о разрешении проблем в сети обратитесь к справочной системе Windows]
2026-08-01 01:56:29,295 [WARNING] aiogram.dispatcher: Sleep for 4.932164 seconds and try again... (tryings = 14, bot id = 8801853413)
2026-08-01 01:56:34,237 [ERROR] aiogram.dispatcher: Failed to fetch updates - TelegramNetworkError: HTTP Client says - ClientConnectorError: Cannot connect to host api.telegram.org:443 ssl:default [Сетевая папка недоступна. За информацией о разрешении проблем в сети обратитесь к справочной системе Windows]
2026-08-01 01:56:34,238 [WARNING] aiogram.dispatcher: Sleep for 4.943336 seconds and try again... (tryings = 15, bot id = 8801853413)
2026-08-01 01:56:39,195 [ERROR] aiogram.dispatcher: Failed to fetch updates - TelegramNetworkError: HTTP Client says - ClientConnectorError: Cannot connect to host api.telegram.org:443 ssl:default [Сетевая папка недоступна. За информацией о разрешении проблем в сети обратитесь к справочной системе Windows]
2026-08-01 01:56:39,196 [WARNING] aiogram.dispatcher: Sleep for 5.014277 seconds and try again... (tryings = 16, bot id = 8801853413)
2026-08-01 01:56:44,218 [ERROR] aiogram.dispatcher: Failed to fetch updates - TelegramNetworkError: HTTP Client says - ClientConnectorError: Cannot connect to host api.telegram.org:443 ssl:default [Сетевая папка недоступна. За информацией о разрешении проблем в сети обратитесь к справочной системе Windows]
2026-08-01 01:56:44,219 [WARNING] aiogram.dispatcher: Sleep for 5.121450 seconds and try again... (tryings = 17, bot id = 8801853413)
2026-08-01 01:56:49,356 [ERROR] aiogram.dispatcher: Failed to fetch updates - TelegramNetworkError: HTTP Client says - ClientConnectorError: Cannot connect to host api.telegram.org:443 ssl:default [Сетевая папка недоступна. За информацией о разрешении проблем в сети обратитесь к справочной системе Windows]
2026-08-01 01:56:49,356 [WARNING] aiogram.dispatcher: Sleep for 4.989652 seconds and try again... (tryings = 18, bot id = 8801853413)
2026-08-01 01:56:54,360 [ERROR] aiogram.dispatcher: Failed to fetch updates - TelegramNetworkError: HTTP Client says - ClientConnectorError: Cannot connect to host api.telegram.org:443 ssl:default [Сетевая папка недоступна. За информацией о разрешении проблем в сети обратитесь к справочной системе Windows]
2026-08-01 01:56:54,360 [WARNING] aiogram.dispatcher: Sleep for 4.961688 seconds and try again... (tryings = 19, bot id = 8801853413)
2026-08-01 01:56:59,335 [ERROR] aiogram.dispatcher: Failed to fetch updates - TelegramNetworkError: HTTP Client says - ClientConnectorError: Cannot connect to host api.telegram.org:443 ssl:default [Сетевая папка недоступна. За информацией о разрешении проблем в сети обратитесь к справочной системе Windows]
2026-08-01 01:56:59,336 [WARNING] aiogram.dispatcher: Sleep for 4.962167 seconds and try again... (tryings = 20, bot id = 8801853413)
2026-08-01 01:57:04,308 [ERROR] aiogram.dispatcher: Failed to fetch updates - TelegramNetworkError: HTTP Client says - ClientConnectorError: Cannot connect to host api.telegram.org:443 ssl:default [Сетевая папка недоступна. За информацией о разрешении проблем в сети обратитесь к справочной системе Windows]
2026-08-01 01:57:04,308 [WARNING] aiogram.dispatcher: Sleep for 4.985551 seconds and try again... (tryings = 21, bot id = 8801853413)
2026-08-01 01:57:09,314 [ERROR] aiogram.dispatcher: Failed to fetch updates - TelegramNetworkError: HTTP Client says - ClientConnectorError: Cannot connect to host api.telegram.org:443 ssl:default [Сетевая папка недоступна. За информацией о разрешении проблем в сети обратитесь к справочной системе Windows]
2026-08-01 01:57:09,314 [WARNING] aiogram.dispatcher: Sleep for 4.991758 seconds and try again... (tryings = 22, bot id = 8801853413)
2026-08-01 01:57:14,319 [ERROR] aiogram.dispatcher: Failed to fetch updates - TelegramNetworkError: HTTP Client says - ClientConnectorError: Cannot connect to host api.telegram.org:443 ssl:default [Сетевая папка недоступна. За информацией о разрешении проблем в сети обратитесь к справочной системе Windows]
2026-08-01 01:57:14,320 [WARNING] aiogram.dispatcher: Sleep for 4.864144 seconds and try again... (tryings = 23, bot id = 8801853413)
2026-08-01 01:57:19,202 [ERROR] aiogram.dispatcher: Failed to fetch updates - TelegramNetworkError: HTTP Client says - ClientConnectorError: Cannot connect to host api.telegram.org:443 ssl:default [Сетевая папка недоступна. За информацией о разрешении проблем в сети обратитесь к справочной системе Windows]
2026-08-01 01:57:19,202 [WARNING] aiogram.dispatcher: Sleep for 5.001018 seconds and try again... (tryings = 24, bot id = 8801853413)
2026-08-01 01:57:24,212 [ERROR] aiogram.dispatcher: Failed to fetch updates - TelegramNetworkError: HTTP Client says - ClientConnectorError: Cannot connect to host api.telegram.org:443 ssl:default [Сетевая папка недоступна. За информацией о разрешении проблем в сети обратитесь к справочной системе Windows]
2026-08-01 01:57:24,214 [WARNING] aiogram.dispatcher: Sleep for 5.054363 seconds and try again... (tryings = 25, bot id = 8801853413)
2026-08-01 01:57:46,932 [INFO] aiogram.dispatcher: Connection established (tryings = 26, bot id = 8801853413)
2026-08-01 02:03:38,940 [ERROR] aiogram.dispatcher: Failed to fetch updates - TelegramNetworkError: HTTP Client says - ClientOSError: [WinError 1236] Подключение к сети было разорвано локальной системой
2026-08-01 02:03:38,941 [WARNING] aiogram.dispatcher: Sleep for 1.000000 seconds and try again... (tryings = 0, bot id = 8801853413)
2026-08-01 02:03:46,466 [ERROR] aiogram.dispatcher: Failed to fetch updates - TelegramNetworkError: HTTP Client says - ClientConnectorError: Cannot connect to host api.telegram.org:443 ssl:default [Подключение к сети было разорвано локальной системой]
2026-08-01 02:03:46,486 [WARNING] aiogram.dispatcher: Sleep for 1.216154 seconds and try again... (tryings = 1, bot id = 8801853413)
2026-08-01 02:03:47,744 [ERROR] aiogram.dispatcher: Failed to fetch updates - TelegramNetworkError: HTTP Client says - ClientConnectorError: Cannot connect to host api.telegram.org:443 ssl:default [Сетевая папка недоступна. За информацией о разрешении проблем в сети обратитесь к справочной системе Windows]
2026-08-01 02:03:47,744 [WARNING] aiogram.dispatcher: Sleep for 1.539165 seconds and try again... (tryings = 2, bot id = 8801853413)
2026-08-01 02:04:04,937 [ERROR] aiogram.dispatcher: Failed to fetch updates - TelegramNetworkError: HTTP Client says - ClientOSError: [WinError 1236] Подключение к сети было разорвано локальной системой
2026-08-01 02:04:04,940 [WARNING] aiogram.dispatcher: Sleep for 1.964782 seconds and try again... (tryings = 3, bot id = 8801853413)
2026-08-01 02:04:18,879 [INFO] aiogram.dispatcher: Connection established (tryings = 4, bot id = 8801853413)
2026-08-01 02:06:30,497 [ERROR] aiogram.dispatcher: Failed to fetch updates - TelegramNetworkError: HTTP Client says - ClientOSError: [WinError 1236] Подключение к сети было разорвано локальной системой
2026-08-01 02:06:30,514 [WARNING] aiogram.dispatcher: Sleep for 1.000000 seconds and try again... (tryings = 0, bot id = 8801853413)
2026-08-01 02:06:31,544 [ERROR] aiogram.dispatcher: Failed to fetch updates - TelegramNetworkError: HTTP Client says - ClientConnectorError: Cannot connect to host api.telegram.org:443 ssl:default [Сетевая папка недоступна. За информацией о разрешении проблем в сети обратитесь к справочной системе Windows]
2026-08-01 02:06:31,545 [WARNING] aiogram.dispatcher: Sleep for 1.272229 seconds and try again... (tryings = 1, bot id = 8801853413)
2026-08-01 02:06:32,829 [ERROR] aiogram.dispatcher: Failed to fetch updates - TelegramNetworkError: HTTP Client says - ClientConnectorError: Cannot connect to host api.telegram.org:443 ssl:default [Сетевая папка недоступна. За информацией о разрешении проблем в сети обратитесь к справочной системе Windows]
2026-08-01 02:06:32,829 [WARNING] aiogram.dispatcher: Sleep for 1.644535 seconds and try again... (tryings = 2, bot id = 8801853413)
2026-08-01 02:06:34,481 [ERROR] aiogram.dispatcher: Failed to fetch updates - TelegramNetworkError: HTTP Client says - ClientConnectorError: Cannot connect to host api.telegram.org:443 ssl:default [Сетевая папка недоступна. За информацией о разрешении проблем в сети обратитесь к справочной системе Windows]
2026-08-01 02:06:34,482 [WARNING] aiogram.dispatcher: Sleep for 2.149597 seconds and try again... (tryings = 3, bot id = 8801853413)
2026-08-01 02:07:46,850 [ERROR] aiogram.dispatcher: Failed to fetch updates - TelegramNetworkError: HTTP Client says - Request timeout error
2026-08-01 02:07:46,851 [WARNING] aiogram.dispatcher: Sleep for 2.686643 seconds and try again... (tryings = 4, bot id = 8801853413)
2026-08-01 02:07:49,557 [ERROR] aiogram.dispatcher: Failed to fetch updates - TelegramNetworkError: HTTP Client says - ClientConnectorError: Cannot connect to host api.telegram.org:443 ssl:default [Сетевая папка недоступна. За информацией о разрешении проблем в сети обратитесь к справочной системе Windows]
2026-08-01 02:07:49,559 [WARNING] aiogram.dispatcher: Sleep for 3.413786 seconds and try again... (tryings = 5, bot id = 8801853413)
2026-08-01 02:07:52,995 [ERROR] aiogram.dispatcher: Failed to fetch updates - TelegramNetworkError: HTTP Client says - ClientConnectorError: Cannot connect to host api.telegram.org:443 ssl:default [Сетевая папка недоступна. За информацией о разрешении проблем в сети обратитесь к справочной системе Windows]
2026-08-01 02:07:52,996 [WARNING] aiogram.dispatcher: Sleep for 4.448310 seconds and try again... (tryings = 6, bot id = 8801853413)
2026-08-01 02:07:57,471 [ERROR] aiogram.dispatcher: Failed to fetch updates - TelegramNetworkError: HTTP Client says - ClientConnectorError: Cannot connect to host api.telegram.org:443 ssl:default [Сетевая папка недоступна. За информацией о разрешении проблем в сети обратитесь к справочной системе Windows]
2026-08-01 02:07:57,473 [WARNING] aiogram.dispatcher: Sleep for 4.991880 seconds and try again... (tryings = 7, bot id = 8801853413)
2026-08-01 02:08:02,480 [ERROR] aiogram.dispatcher: Failed to fetch updates - TelegramNetworkError: HTTP Client says - ClientConnectorError: Cannot connect to host api.telegram.org:443 ssl:default [Сетевая папка недоступна. За информацией о разрешении проблем в сети обратитесь к справочной системе Windows]
2026-08-01 02:08:02,481 [WARNING] aiogram.dispatcher: Sleep for 4.924886 seconds and try again... (tryings = 8, bot id = 8801853413)
2026-08-01 02:08:07,418 [ERROR] aiogram.dispatcher: Failed to fetch updates - TelegramNetworkError: HTTP Client says - ClientConnectorError: Cannot connect to host api.telegram.org:443 ssl:default [Сетевая папка недоступна. За информацией о разрешении проблем в сети обратитесь к справочной системе Windows]
2026-08-01 02:08:07,419 [WARNING] aiogram.dispatcher: Sleep for 5.074917 seconds and try again... (tryings = 9, bot id = 8801853413)
2026-08-01 02:08:12,513 [ERROR] aiogram.dispatcher: Failed to fetch updates - TelegramNetworkError: HTTP Client says - ClientConnectorError: Cannot connect to host api.telegram.org:443 ssl:default [Сетевая папка недоступна. За информацией о разрешении проблем в сети обратитесь к справочной системе Windows]
2026-08-01 02:08:12,514 [WARNING] aiogram.dispatcher: Sleep for 4.930930 seconds and try again... (tryings = 10, bot id = 8801853413)
2026-08-01 02:08:17,453 [ERROR] aiogram.dispatcher: Failed to fetch updates - TelegramNetworkError: HTTP Client says - ClientConnectorError: Cannot connect to host api.telegram.org:443 ssl:default [Сетевая папка недоступна. За информацией о разрешении проблем в сети обратитесь к справочной системе Windows]
2026-08-01 02:08:17,455 [WARNING] aiogram.dispatcher: Sleep for 5.042558 seconds and try again... (tryings = 11, bot id = 8801853413)
2026-08-01 02:08:22,513 [ERROR] aiogram.dispatcher: Failed to fetch updates - TelegramNetworkError: HTTP Client says - ClientConnectorError: Cannot connect to host api.telegram.org:443 ssl:default [Сетевая папка недоступна. За информацией о разрешении проблем в сети обратитесь к справочной системе Windows]
2026-08-01 02:08:22,513 [WARNING] aiogram.dispatcher: Sleep for 5.076930 seconds and try again... (tryings = 12, bot id = 8801853413)
2026-08-01 02:08:27,602 [ERROR] aiogram.dispatcher: Failed to fetch updates - TelegramNetworkError: HTTP Client says - ClientConnectorError: Cannot connect to host api.telegram.org:443 ssl:default [Сетевая папка недоступна. За информацией о разрешении проблем в сети обратитесь к справочной системе Windows]
2026-08-01 02:08:27,603 [WARNING] aiogram.dispatcher: Sleep for 5.021636 seconds and try again... (tryings = 13, bot id = 8801853413)
2026-08-01 02:08:32,637 [ERROR] aiogram.dispatcher: Failed to fetch updates - TelegramNetworkError: HTTP Client says - ClientConnectorError: Cannot connect to host api.telegram.org:443 ssl:default [Сетевая папка недоступна. За информацией о разрешении проблем в сети обратитесь к справочной системе Windows]
2026-08-01 02:08:32,638 [WARNING] aiogram.dispatcher: Sleep for 4.874858 seconds and try again... (tryings = 14, bot id = 8801853413)
2026-08-01 02:08:37,528 [ERROR] aiogram.dispatcher: Failed to fetch updates - TelegramNetworkError: HTTP Client says - ClientConnectorError: Cannot connect to host api.telegram.org:443 ssl:default [Сетевая папка недоступна. За информацией о разрешении проблем в сети обратитесь к справочной системе Windows]
2026-08-01 02:08:37,528 [WARNING] aiogram.dispatcher: Sleep for 4.899468 seconds and try again... (tryings = 15, bot id = 8801853413)
2026-08-01 02:08:42,441 [ERROR] aiogram.dispatcher: Failed to fetch updates - TelegramNetworkError: HTTP Client says - ClientConnectorError: Cannot connect to host api.telegram.org:443 ssl:default [Сетевая папка недоступна. За информацией о разрешении проблем в сети обратитесь к справочной системе Windows]
2026-08-01 02:08:42,442 [WARNING] aiogram.dispatcher: Sleep for 4.981385 seconds and try again... (tryings = 16, bot id = 8801853413)
2026-08-01 02:08:47,438 [ERROR] aiogram.dispatcher: Failed to fetch updates - TelegramNetworkError: HTTP Client says - ClientConnectorError: Cannot connect to host api.telegram.org:443 ssl:default [Сетевая папка недоступна. За информацией о разрешении проблем в сети обратитесь к справочной системе Windows]
2026-08-01 02:08:47,438 [WARNING] aiogram.dispatcher: Sleep for 5.151356 seconds and try again... (tryings = 17, bot id = 8801853413)
2026-08-01 02:09:03,079 [ERROR] aiogram.dispatcher: Failed to fetch updates - TelegramNetworkError: HTTP Client says - ClientOSError: [WinError 1236] Подключение к сети было разорвано локальной системой
2026-08-01 02:09:03,080 [WARNING] aiogram.dispatcher: Sleep for 5.121180 seconds and try again... (tryings = 18, bot id = 8801853413)
2026-08-01 02:09:20,235 [INFO] aiogram.dispatcher: Connection established (tryings = 19, bot id = 8801853413)
2026-08-01 02:50:28,884 [ERROR] aiogram.dispatcher: Failed to fetch updates - TelegramNetworkError: HTTP Client says - ClientOSError: [WinError 1236] Подключение к сети было разорвано локальной системой
2026-08-01 02:50:28,900 [WARNING] aiogram.dispatcher: Sleep for 1.000000 seconds and try again... (tryings = 0, bot id = 8801853413)
2026-08-01 02:50:29,928 [ERROR] aiogram.dispatcher: Failed to fetch updates - TelegramNetworkError: HTTP Client says - ClientConnectorDNSError: Cannot connect to host api.telegram.org:443 ssl:default [getaddrinfo failed]
2026-08-01 02:50:29,928 [WARNING] aiogram.dispatcher: Sleep for 1.097504 seconds and try again... (tryings = 1, bot id = 8801853413)
2026-08-01 02:50:31,031 [ERROR] aiogram.dispatcher: Failed to fetch updates - TelegramNetworkError: HTTP Client says - ClientConnectorDNSError: Cannot connect to host api.telegram.org:443 ssl:default [getaddrinfo failed]
2026-08-01 02:50:31,032 [WARNING] aiogram.dispatcher: Sleep for 1.373198 seconds and try again... (tryings = 2, bot id = 8801853413)
2026-08-01 02:50:32,441 [ERROR] aiogram.dispatcher: Failed to fetch updates - TelegramNetworkError: HTTP Client says - ClientConnectorDNSError: Cannot connect to host api.telegram.org:443 ssl:default [getaddrinfo failed]
2026-08-01 02:50:32,443 [WARNING] aiogram.dispatcher: Sleep for 1.853072 seconds and try again... (tryings = 3, bot id = 8801853413)
2026-08-01 02:50:34,310 [ERROR] aiogram.dispatcher: Failed to fetch updates - TelegramNetworkError: HTTP Client says - ClientConnectorDNSError: Cannot connect to host api.telegram.org:443 ssl:default [getaddrinfo failed]
2026-08-01 02:50:34,314 [WARNING] aiogram.dispatcher: Sleep for 2.434323 seconds and try again... (tryings = 4, bot id = 8801853413)
2026-08-01 02:50:36,776 [ERROR] aiogram.dispatcher: Failed to fetch updates - TelegramNetworkError: HTTP Client says - ClientConnectorDNSError: Cannot connect to host api.telegram.org:443 ssl:default [getaddrinfo failed]
2026-08-01 02:50:36,781 [WARNING] aiogram.dispatcher: Sleep for 3.175275 seconds and try again... (tryings = 5, bot id = 8801853413)
2026-08-01 02:50:39,963 [ERROR] aiogram.dispatcher: Failed to fetch updates - TelegramNetworkError: HTTP Client says - ClientConnectorDNSError: Cannot connect to host api.telegram.org:443 ssl:default [getaddrinfo failed]
2026-08-01 02:50:39,964 [WARNING] aiogram.dispatcher: Sleep for 4.108765 seconds and try again... (tryings = 6, bot id = 8801853413)
2026-08-01 02:50:44,082 [ERROR] aiogram.dispatcher: Failed to fetch updates - TelegramNetworkError: HTTP Client says - ClientConnectorDNSError: Cannot connect to host api.telegram.org:443 ssl:default [getaddrinfo failed]
2026-08-01 02:50:44,082 [WARNING] aiogram.dispatcher: Sleep for 4.987978 seconds and try again... (tryings = 7, bot id = 8801853413)
2026-08-01 02:51:02,483 [INFO] aiogram.dispatcher: Connection established (tryings = 8, bot id = 8801853413)
2026-08-01 02:53:15,108 [ERROR] aiogram.dispatcher: Failed to fetch updates - TelegramNetworkError: HTTP Client says - ClientOSError: [WinError 1236] Подключение к сети было разорвано локальной системой
2026-08-01 02:53:15,111 [WARNING] aiogram.dispatcher: Sleep for 1.000000 seconds and try again... (tryings = 0, bot id = 8801853413)
2026-08-01 02:53:27,928 [INFO] aiogram.dispatcher: Connection established (tryings = 1, bot id = 8801853413)
2026-08-01 03:17:10,076 [ERROR] aiogram.dispatcher: Failed to fetch updates - TelegramNetworkError: HTTP Client says - ClientOSError: [WinError 1236] Подключение к сети было разорвано локальной системой
2026-08-01 03:17:10,089 [WARNING] aiogram.dispatcher: Sleep for 1.000000 seconds and try again... (tryings = 0, bot id = 8801853413)
2026-08-01 03:17:11,128 [ERROR] aiogram.dispatcher: Failed to fetch updates - TelegramNetworkError: HTTP Client says - ClientConnectorError: Cannot connect to host api.telegram.org:443 ssl:default [Сетевая папка недоступна. За информацией о разрешении проблем в сети обратитесь к справочной системе Windows]
2026-08-01 03:17:11,129 [WARNING] aiogram.dispatcher: Sleep for 1.414115 seconds and try again... (tryings = 1, bot id = 8801853413)
2026-08-01 03:17:12,559 [ERROR] aiogram.dispatcher: Failed to fetch updates - TelegramNetworkError: HTTP Client says - ClientConnectorError: Cannot connect to host api.telegram.org:443 ssl:default [Сетевая папка недоступна. За информацией о разрешении проблем в сети обратитесь к справочной системе Windows]
2026-08-01 03:17:12,560 [WARNING] aiogram.dispatcher: Sleep for 2.003247 seconds and try again... (tryings = 2, bot id = 8801853413)
2026-08-01 03:17:14,574 [ERROR] aiogram.dispatcher: Failed to fetch updates - TelegramNetworkError: HTTP Client says - ClientConnectorError: Cannot connect to host api.telegram.org:443 ssl:default [Сетевая папка недоступна. За информацией о разрешении проблем в сети обратитесь к справочной системе Windows]
2026-08-01 03:17:14,575 [WARNING] aiogram.dispatcher: Sleep for 2.648442 seconds and try again... (tryings = 3, bot id = 8801853413)
2026-08-01 03:17:17,243 [ERROR] aiogram.dispatcher: Failed to fetch updates - TelegramNetworkError: HTTP Client says - ClientConnectorError: Cannot connect to host api.telegram.org:443 ssl:default [Сетевая папка недоступна. За информацией о разрешении проблем в сети обратитесь к справочной системе Windows]
2026-08-01 03:17:17,243 [WARNING] aiogram.dispatcher: Sleep for 3.432126 seconds and try again... (tryings = 4, bot id = 8801853413)
2026-08-01 03:17:20,688 [ERROR] aiogram.dispatcher: Failed to fetch updates - TelegramNetworkError: HTTP Client says - ClientConnectorError: Cannot connect to host api.telegram.org:443 ssl:default [Сетевая папка недоступна. За информацией о разрешении проблем в сети обратитесь к справочной системе Windows]
2026-08-01 03:17:20,689 [WARNING] aiogram.dispatcher: Sleep for 4.497174 seconds and try again... (tryings = 5, bot id = 8801853413)
2026-08-01 03:17:25,194 [ERROR] aiogram.dispatcher: Failed to fetch updates - TelegramNetworkError: HTTP Client says - ClientConnectorError: Cannot connect to host api.telegram.org:443 ssl:default [Сетевая папка недоступна. За информацией о разрешении проблем в сети обратитесь к справочной системе Windows]
2026-08-01 03:17:25,195 [WARNING] aiogram.dispatcher: Sleep for 4.914933 seconds and try again... (tryings = 6, bot id = 8801853413)
2026-08-01 03:17:30,118 [ERROR] aiogram.dispatcher: Failed to fetch updates - TelegramNetworkError: HTTP Client says - ClientConnectorError: Cannot connect to host api.telegram.org:443 ssl:default [Сетевая папка недоступна. За информацией о разрешении проблем в сети обратитесь к справочной системе Windows]
2026-08-01 03:17:30,119 [WARNING] aiogram.dispatcher: Sleep for 4.946033 seconds and try again... (tryings = 7, bot id = 8801853413)
2026-08-01 03:17:35,075 [ERROR] aiogram.dispatcher: Failed to fetch updates - TelegramNetworkError: HTTP Client says - ClientConnectorError: Cannot connect to host api.telegram.org:443 ssl:default [Сетевая папка недоступна. За информацией о разрешении проблем в сети обратитесь к справочной системе Windows]
2026-08-01 03:17:35,076 [WARNING] aiogram.dispatcher: Sleep for 4.965866 seconds and try again... (tryings = 8, bot id = 8801853413)
2026-08-01 03:17:40,052 [ERROR] aiogram.dispatcher: Failed to fetch updates - TelegramNetworkError: HTTP Client says - ClientConnectorError: Cannot connect to host api.telegram.org:443 ssl:default [Сетевая папка недоступна. За информацией о разрешении проблем в сети обратитесь к справочной системе Windows]
2026-08-01 03:17:40,053 [WARNING] aiogram.dispatcher: Sleep for 4.935989 seconds and try again... (tryings = 9, bot id = 8801853413)
2026-08-01 03:17:45,004 [ERROR] aiogram.dispatcher: Failed to fetch updates - TelegramNetworkError: HTTP Client says - ClientConnectorError: Cannot connect to host api.telegram.org:443 ssl:default [Сетевая папка недоступна. За информацией о разрешении проблем в сети обратитесь к справочной системе Windows]
2026-08-01 03:17:45,006 [WARNING] aiogram.dispatcher: Sleep for 4.800024 seconds and try again... (tryings = 10, bot id = 8801853413)
2026-08-01 03:17:49,816 [ERROR] aiogram.dispatcher: Failed to fetch updates - TelegramNetworkError: HTTP Client says - ClientConnectorError: Cannot connect to host api.telegram.org:443 ssl:default [Сетевая папка недоступна. За информацией о разрешении проблем в сети обратитесь к справочной системе Windows]
2026-08-01 03:17:49,816 [WARNING] aiogram.dispatcher: Sleep for 5.011619 seconds and try again... (tryings = 11, bot id = 8801853413)
2026-08-01 03:17:54,837 [ERROR] aiogram.dispatcher: Failed to fetch updates - TelegramNetworkError: HTTP Client says - ClientConnectorError: Cannot connect to host api.telegram.org:443 ssl:default [Сетевая папка недоступна. За информацией о разрешении проблем в сети обратитесь к справочной системе Windows]
2026-08-01 03:17:54,837 [WARNING] aiogram.dispatcher: Sleep for 4.976675 seconds and try again... (tryings = 12, bot id = 8801853413)
2026-08-01 03:17:59,826 [ERROR] aiogram.dispatcher: Failed to fetch updates - TelegramNetworkError: HTTP Client says - ClientConnectorError: Cannot connect to host api.telegram.org:443 ssl:default [Сетевая папка недоступна. За информацией о разрешении проблем в сети обратитесь к справочной системе Windows]
2026-08-01 03:17:59,827 [WARNING] aiogram.dispatcher: Sleep for 4.886331 seconds and try again... (tryings = 13, bot id = 8801853413)
2026-08-01 03:18:04,721 [ERROR] aiogram.dispatcher: Failed to fetch updates - TelegramNetworkError: HTTP Client says - ClientConnectorError: Cannot connect to host api.telegram.org:443 ssl:default [Сетевая папка недоступна. За информацией о разрешении проблем в сети обратитесь к справочной системе Windows]
2026-08-01 03:18:04,722 [WARNING] aiogram.dispatcher: Sleep for 4.993931 seconds and try again... (tryings = 14, bot id = 8801853413)
2026-08-01 03:18:09,729 [ERROR] aiogram.dispatcher: Failed to fetch updates - TelegramNetworkError: HTTP Client says - ClientConnectorError: Cannot connect to host api.telegram.org:443 ssl:default [Сетевая папка недоступна. За информацией о разрешении проблем в сети обратитесь к справочной системе Windows]
2026-08-01 03:18:09,730 [WARNING] aiogram.dispatcher: Sleep for 5.015999 seconds and try again... (tryings = 15, bot id = 8801853413)
2026-08-01 03:18:14,754 [ERROR] aiogram.dispatcher: Failed to fetch updates - TelegramNetworkError: HTTP Client says - ClientConnectorError: Cannot connect to host api.telegram.org:443 ssl:default [Сетевая папка недоступна. За информацией о разрешении проблем в сети обратитесь к справочной системе Windows]
2026-08-01 03:18:14,756 [WARNING] aiogram.dispatcher: Sleep for 4.932852 seconds and try again... (tryings = 16, bot id = 8801853413)
2026-08-01 03:18:19,696 [ERROR] aiogram.dispatcher: Failed to fetch updates - TelegramNetworkError: HTTP Client says - ClientConnectorError: Cannot connect to host api.telegram.org:443 ssl:default [Сетевая папка недоступна. За информацией о разрешении проблем в сети обратитесь к справочной системе Windows]
2026-08-01 03:18:19,696 [WARNING] aiogram.dispatcher: Sleep for 5.277236 seconds and try again... (tryings = 17, bot id = 8801853413)
2026-08-01 03:18:24,989 [ERROR] aiogram.dispatcher: Failed to fetch updates - TelegramNetworkError: HTTP Client says - ClientConnectorError: Cannot connect to host api.telegram.org:443 ssl:default [Сетевая папка недоступна. За информацией о разрешении проблем в сети обратитесь к справочной системе Windows]
2026-08-01 03:18:24,989 [WARNING] aiogram.dispatcher: Sleep for 4.957119 seconds and try again... (tryings = 18, bot id = 8801853413)
2026-08-01 03:18:29,962 [ERROR] aiogram.dispatcher: Failed to fetch updates - TelegramNetworkError: HTTP Client says - ClientConnectorError: Cannot connect to host api.telegram.org:443 ssl:default [Сетевая папка недоступна. За информацией о разрешении проблем в сети обратитесь к справочной системе Windows]
2026-08-01 03:18:29,962 [WARNING] aiogram.dispatcher: Sleep for 5.117054 seconds and try again... (tryings = 19, bot id = 8801853413)
2026-08-01 03:18:35,097 [ERROR] aiogram.dispatcher: Failed to fetch updates - TelegramNetworkError: HTTP Client says - ClientConnectorError: Cannot connect to host api.telegram.org:443 ssl:default [Сетевая папка недоступна. За информацией о разрешении проблем в сети обратитесь к справочной системе Windows]
2026-08-01 03:18:35,099 [WARNING] aiogram.dispatcher: Sleep for 4.852759 seconds and try again... (tryings = 20, bot id = 8801853413)
2026-08-01 03:18:39,963 [ERROR] aiogram.dispatcher: Failed to fetch updates - TelegramNetworkError: HTTP Client says - ClientConnectorError: Cannot connect to host api.telegram.org:443 ssl:default [Сетевая папка недоступна. За информацией о разрешении проблем в сети обратитесь к справочной системе Windows]
2026-08-01 03:18:39,964 [WARNING] aiogram.dispatcher: Sleep for 5.043735 seconds and try again... (tryings = 21, bot id = 8801853413)
2026-08-01 03:18:45,019 [ERROR] aiogram.dispatcher: Failed to fetch updates - TelegramNetworkError: HTTP Client says - ClientConnectorError: Cannot connect to host api.telegram.org:443 ssl:default [Сетевая папка недоступна. За информацией о разрешении проблем в сети обратитесь к справочной системе Windows]
2026-08-01 03:18:45,019 [WARNING] aiogram.dispatcher: Sleep for 5.051641 seconds and try again... (tryings = 22, bot id = 8801853413)
2026-08-01 03:18:50,086 [ERROR] aiogram.dispatcher: Failed to fetch updates - TelegramNetworkError: HTTP Client says - ClientConnectorError: Cannot connect to host api.telegram.org:443 ssl:default [Сетевая папка недоступна. За информацией о разрешении проблем в сети обратитесь к справочной системе Windows]
2026-08-01 03:18:50,087 [WARNING] aiogram.dispatcher: Sleep for 4.998679 seconds and try again... (tryings = 23, bot id = 8801853413)
2026-08-01 03:18:55,108 [ERROR] aiogram.dispatcher: Failed to fetch updates - TelegramNetworkError: HTTP Client says - ClientConnectorError: Cannot connect to host api.telegram.org:443 ssl:default [Сетевая папка недоступна. За информацией о разрешении проблем в сети обратитесь к справочной системе Windows]
2026-08-01 03:18:55,109 [WARNING] aiogram.dispatcher: Sleep for 4.973997 seconds and try again... (tryings = 24, bot id = 8801853413)
2026-08-01 03:19:00,100 [ERROR] aiogram.dispatcher: Failed to fetch updates - TelegramNetworkError: HTTP Client says - ClientConnectorError: Cannot connect to host api.telegram.org:443 ssl:default [Сетевая папка недоступна. За информацией о разрешении проблем в сети обратитесь к справочной системе Windows]
2026-08-01 03:19:00,100 [WARNING] aiogram.dispatcher: Sleep for 5.095857 seconds and try again... (tryings = 25, bot id = 8801853413)
2026-08-01 03:19:05,216 [ERROR] aiogram.dispatcher: Failed to fetch updates - TelegramNetworkError: HTTP Client says - ClientConnectorError: Cannot connect to host api.telegram.org:443 ssl:default [Сетевая папка недоступна. За информацией о разрешении проблем в сети обратитесь к справочной системе Windows]
2026-08-01 03:19:05,217 [WARNING] aiogram.dispatcher: Sleep for 5.141835 seconds and try again... (tryings = 26, bot id = 8801853413)
2026-08-01 03:19:10,380 [ERROR] aiogram.dispatcher: Failed to fetch updates - TelegramNetworkError: HTTP Client says - ClientConnectorError: Cannot connect to host api.telegram.org:443 ssl:default [Сетевая папка недоступна. За информацией о разрешении проблем в сети обратитесь к справочной системе Windows]
2026-08-01 03:19:10,381 [WARNING] aiogram.dispatcher: Sleep for 4.943533 seconds and try again... (tryings = 27, bot id = 8801853413)
2026-08-01 03:19:15,335 [ERROR] aiogram.dispatcher: Failed to fetch updates - TelegramNetworkError: HTTP Client says - ClientConnectorError: Cannot connect to host api.telegram.org:443 ssl:default [Сетевая папка недоступна. За информацией о разрешении проблем в сети обратитесь к справочной системе Windows]
2026-08-01 03:19:15,336 [WARNING] aiogram.dispatcher: Sleep for 4.948650 seconds and try again... (tryings = 28, bot id = 8801853413)
2026-08-01 03:19:20,302 [ERROR] aiogram.dispatcher: Failed to fetch updates - TelegramNetworkError: HTTP Client says - ClientConnectorError: Cannot connect to host api.telegram.org:443 ssl:default [Сетевая папка недоступна. За информацией о разрешении проблем в сети обратитесь к справочной системе Windows]
2026-08-01 03:19:20,303 [WARNING] aiogram.dispatcher: Sleep for 4.850018 seconds and try again... (tryings = 29, bot id = 8801853413)
2026-08-01 03:19:25,173 [ERROR] aiogram.dispatcher: Failed to fetch updates - TelegramNetworkError: HTTP Client says - ClientConnectorError: Cannot connect to host api.telegram.org:443 ssl:default [Сетевая папка недоступна. За информацией о разрешении проблем в сети обратитесь к справочной системе Windows]
2026-08-01 03:19:25,175 [WARNING] aiogram.dispatcher: Sleep for 4.907705 seconds and try again... (tryings = 30, bot id = 8801853413)
2026-08-01 03:19:30,096 [ERROR] aiogram.dispatcher: Failed to fetch updates - TelegramNetworkError: HTTP Client says - ClientConnectorError: Cannot connect to host api.telegram.org:443 ssl:default [Сетевая папка недоступна. За информацией о разрешении проблем в сети обратитесь к справочной системе Windows]
2026-08-01 03:19:30,097 [WARNING] aiogram.dispatcher: Sleep for 5.021237 seconds and try again... (tryings = 31, bot id = 8801853413)
2026-08-01 03:19:35,138 [ERROR] aiogram.dispatcher: Failed to fetch updates - TelegramNetworkError: HTTP Client says - ClientConnectorError: Cannot connect to host api.telegram.org:443 ssl:default [Сетевая папка недоступна. За информацией о разрешении проблем в сети обратитесь к справочной системе Windows]
2026-08-01 03:19:35,139 [WARNING] aiogram.dispatcher: Sleep for 5.140094 seconds and try again... (tryings = 32, bot id = 8801853413)
2026-08-01 03:19:40,288 [ERROR] aiogram.dispatcher: Failed to fetch updates - TelegramNetworkError: HTTP Client says - ClientConnectorError: Cannot connect to host api.telegram.org:443 ssl:default [Сетевая папка недоступна. За информацией о разрешении проблем в сети обратитесь к справочной системе Windows]
2026-08-01 03:19:40,289 [WARNING] aiogram.dispatcher: Sleep for 5.105929 seconds and try again... (tryings = 33, bot id = 8801853413)
2026-08-01 03:19:45,406 [ERROR] aiogram.dispatcher: Failed to fetch updates - TelegramNetworkError: HTTP Client says - ClientConnectorError: Cannot connect to host api.telegram.org:443 ssl:default [Сетевая папка недоступна. За информацией о разрешении проблем в сети обратитесь к справочной системе Windows]
2026-08-01 03:19:45,406 [WARNING] aiogram.dispatcher: Sleep for 5.184147 seconds and try again... (tryings = 34, bot id = 8801853413)
2026-08-01 03:19:50,602 [ERROR] aiogram.dispatcher: Failed to fetch updates - TelegramNetworkError: HTTP Client says - ClientConnectorError: Cannot connect to host api.telegram.org:443 ssl:default [Сетевая папка недоступна. За информацией о разрешении проблем в сети обратитесь к справочной системе Windows]
2026-08-01 03:19:50,602 [WARNING] aiogram.dispatcher: Sleep for 4.914127 seconds and try again... (tryings = 35, bot id = 8801853413)
2026-08-01 03:19:55,529 [ERROR] aiogram.dispatcher: Failed to fetch updates - TelegramNetworkError: HTTP Client says - ClientConnectorError: Cannot connect to host api.telegram.org:443 ssl:default [Сетевая папка недоступна. За информацией о разрешении проблем в сети обратитесь к справочной системе Windows]
2026-08-01 03:19:55,530 [WARNING] aiogram.dispatcher: Sleep for 5.138449 seconds and try again... (tryings = 36, bot id = 8801853413)
2026-08-01 03:20:00,678 [ERROR] aiogram.dispatcher: Failed to fetch updates - TelegramNetworkError: HTTP Client says - ClientConnectorError: Cannot connect to host api.telegram.org:443 ssl:default [Сетевая папка недоступна. За информацией о разрешении проблем в сети обратитесь к справочной системе Windows]
2026-08-01 03:20:00,678 [WARNING] aiogram.dispatcher: Sleep for 4.978866 seconds and try again... (tryings = 37, bot id = 8801853413)
2026-08-01 03:20:05,668 [ERROR] aiogram.dispatcher: Failed to fetch updates - TelegramNetworkError: HTTP Client says - ClientConnectorError: Cannot connect to host api.telegram.org:443 ssl:default [Сетевая папка недоступна. За информацией о разрешении проблем в сети обратитесь к справочной системе Windows]
2026-08-01 03:20:05,669 [WARNING] aiogram.dispatcher: Sleep for 4.881258 seconds and try again... (tryings = 38, bot id = 8801853413)
2026-08-01 03:20:10,559 [ERROR] aiogram.dispatcher: Failed to fetch updates - TelegramNetworkError: HTTP Client says - ClientConnectorError: Cannot connect to host api.telegram.org:443 ssl:default [Сетевая папка недоступна. За информацией о разрешении проблем в сети обратитесь к справочной системе Windows]
2026-08-01 03:20:10,559 [WARNING] aiogram.dispatcher: Sleep for 5.141619 seconds and try again... (tryings = 39, bot id = 8801853413)
2026-08-01 03:20:15,711 [ERROR] aiogram.dispatcher: Failed to fetch updates - TelegramNetworkError: HTTP Client says - ClientConnectorError: Cannot connect to host api.telegram.org:443 ssl:default [Сетевая папка недоступна. За информацией о разрешении проблем в сети обратитесь к справочной системе Windows]
2026-08-01 03:20:15,711 [WARNING] aiogram.dispatcher: Sleep for 5.024551 seconds and try again... (tryings = 40, bot id = 8801853413)
2026-08-01 03:20:20,743 [ERROR] aiogram.dispatcher: Failed to fetch updates - TelegramNetworkError: HTTP Client says - ClientConnectorError: Cannot connect to host api.telegram.org:443 ssl:default [Сетевая папка недоступна. За информацией о разрешении проблем в сети обратитесь к справочной системе Windows]
2026-08-01 03:20:20,744 [WARNING] aiogram.dispatcher: Sleep for 4.942222 seconds and try again... (tryings = 41, bot id = 8801853413)
2026-08-01 03:20:36,083 [INFO] aiogram.dispatcher: Connection established (tryings = 42, bot id = 8801853413)
2026-08-01 04:19:37,647 [ERROR] aiogram.dispatcher: Failed to fetch updates - TelegramNetworkError: HTTP Client says - ClientConnectorDNSError: Cannot connect to host api.telegram.org:443 ssl:default [getaddrinfo failed]
2026-08-01 04:19:37,675 [WARNING] aiogram.dispatcher: Sleep for 1.000000 seconds and try again... (tryings = 0, bot id = 8801853413)
2026-08-01 04:19:38,684 [ERROR] aiogram.dispatcher: Failed to fetch updates - TelegramNetworkError: HTTP Client says - ClientConnectorDNSError: Cannot connect to host api.telegram.org:443 ssl:default [getaddrinfo failed]
2026-08-01 04:19:38,687 [WARNING] aiogram.dispatcher: Sleep for 1.290999 seconds and try again... (tryings = 1, bot id = 8801853413)
2026-08-01 11:28:12,789 [INFO] root: 🛡 Защитное ядро Sentinel запущенно...
2026-08-01 11:28:12,790 [INFO] aiogram.dispatcher: Start polling
2026-08-01 11:28:13,332 [INFO] aiogram.dispatcher: Run polling for bot @SentinelService_bot id=8801853413 - '𝕹𝖎𝖌𝖍𝖙𝖜𝖆𝖑𝖐𝖊𝖗 | Gate'
2026-08-01 11:28:14,892 [INFO] aiogram.event: Update id=300985856 is handled. Duration 1419 ms by bot id=8801853413
2026-08-01 11:29:49,231 [INFO] aiogram.event: Update id=300985857 is handled. Duration 1036 ms by bot id=8801853413
2026-08-01 12:01:28,338 [INFO] aiogram.event: Update id=300985858 is handled. Duration 857 ms by bot id=8801853413
2026-08-01 12:02:38,426 [INFO] aiogram.event: Update id=300985859 is handled. Duration 878 ms by bot id=8801853413
2026-08-01 14:51:59,522 [INFO] aiogram.event: Update id=300985860 is handled. Duration 1165 ms by bot id=8801853413
2026-08-01 15:44:06,611 [INFO] aiogram.dispatcher: Polling stopped
2026-08-01 15:44:06,617 [ERROR] aiogram.dispatcher: Failed to fetch updates - TelegramNetworkError: HTTP Client says - ServerDisconnectedError: Server disconnected
2026-08-01 15:44:06,618 [WARNING] aiogram.dispatcher: Sleep for 1.000000 seconds and try again... (tryings = 0, bot id = 8801853413)
2026-08-01 15:44:06,873 [INFO] aiogram.dispatcher: Polling stopped for bot @SentinelService_bot id=8801853413 - '𝕹𝖎𝖌𝖍𝖙𝖜𝖆𝖑𝖐𝖊𝖗 | Gate'
2026-08-01 15:44:18,073 [INFO] root: [SYSTEM] База данных инициализирована. Запуск бота...
2026-08-01 15:44:18,073 [INFO] aiogram.dispatcher: Start polling
2026-08-01 15:44:18,583 [INFO] aiogram.dispatcher: Run polling for bot @SentinelService_bot id=8801853413 - '𝕹𝖎𝖌𝖍𝖙𝖜𝖆𝖑𝖐𝖊𝖗 | Gate'
2026-08-01 16:38:37,954 [INFO] root: [BOT_RECEIVED] Получен отчёт безопасности от пользователя ID: 8393374655
2026-08-01 16:38:38,463 [INFO] root: [BOT_PROCESSED] Отчёт безопасности обработан, клавиатура добавлена (Target ID: 5915591717)
2026-08-01 16:38:38,464 [INFO] aiogram.event: Update id=300985861 is handled. Duration 513 ms by bot id=8801853413
2026-08-01 16:39:23,205 [INFO] aiogram.event: Update id=300985862 is handled. Duration 406 ms by bot id=8801853413
